codice_istat,lat,lon
001001,45.365759,7.773365
001002,44.922323,7.490395
001003,45.310915,7.285102
001004,45.428964,7.943666
001006,45.117162,7.423740
001007,45.406928,7.581117
001008,45.105908,7.514458
001009,45.036263,7.865043
001010,45.551011,7.889731
001011,44.852102,7.191915
001012,45.033336,7.899094
001013,45.074813,7.392164
001014,45.425692,7.991442
001015,45.381605,7.753886
001016,45.282096,7.509805
001017,45.406035,7.742676
001018,45.073275,7.801687
001019,45.300440,7.187741
001020,45.462687,7.851628
001021,45.294952,7.627371
001022,45.093085,6.731717
001023,45.319056,7.863302
001024,45.015385,7.594576
001025,44.788009,7.277155
001026,44.776349,7.076252
001027,45.466503,7.944878
001028,45.144087,7.667400
001029,45.423770,7.659432
001030,45.517283,7.848391
001031,45.361309,7.979907
001032,45.122044,7.245322
001033,45.268986,7.766489
001034,45.171298,7.826529
001035,44.834121,7.293508
001036,45.517061,7.772243
001037,45.116687,8.072364
001038,45.013863,7.480825
001039,45.142695,8.065311
001040,45.157054,7.198605
001041,44.875035,7.423039
001042,45.480306,7.928238
001043,45.320931,7.661825
001044,45.123398,7.131141
001045,45.077618,7.436688
001046,45.240402,7.507133
001047,45.282562,7.877448
001048,44.964380,7.756857
001049,44.806477,7.322280
001050,45.329900,7.905641
001051,44.964244,7.584152
001052,45.380618,7.577715
001053,44.953675,7.336887
001054,45.355641,7.398670
001055,45.137568,7.338663
001056,45.403362,7.956859
001057,45.586842,7.827114
001058,44.882502,7.672343
001059,44.864001,7.707026
001060,45.131287,7.939653
001061,45.481623,7.908015
001062,45.106096,7.471208
001063,45.173039,7.651524
001064,45.161728,7.892237
001065,44.899689,7.568543
001066,45.422469,7.719728
001067,45.451971,7.681364
001068,45.109615,7.801857
001069,45.142689,8.027928
001070,44.793524,7.393302
001071,44.865233,7.510446
001072,45.320038,7.351647
001073,45.452034,7.180992
001074,44.938494,6.812929
001075,45.379410,7.342834
001076,45.165476,7.175870
001077,45.505720,7.898705
001078,45.006687,7.827299
001079,45.424525,7.644505
001080,45.110843,6.983997
001081,45.092188,7.317670
001082,45.208188,7.894365
001083,45.328888,7.762161
001084,45.441773,7.680192
001085,45.087169,7.920859
001086,45.223219,7.589018
001087,44.930060,6.757483
001088,45.326884,7.462417
001089,45.050644,7.235523
001090,45.095169,7.582886
001091,45.440006,7.669573
001092,45.431929,7.817174
001093,45.158460,7.276921
001094,45.325074,7.520513
001095,45.389841,8.000735
001096,45.362163,7.813236
001097,44.960531,7.385411
001098,45.396064,7.632512
001099,45.156041,7.568318
001100,45.106630,6.913203
001101,45.308755,7.679949
001102,45.293728,7.759024
001103,45.019792,7.056973
001104,45.213049,7.526237
001105,45.471967,7.835802
001106,45.269227,7.827845
001107,45.341689,7.578768
001108,45.466149,7.621210
001109,45.273154,7.657434
001110,44.939512,7.353439
001111,44.834285,7.366704
001112,45.113945,7.836159
001113,45.256411,7.450697
001114,45.144859,6.971942
001115,45.027519,7.304687
001116,45.160655,7.498389
001117,45.119038,7.029884
001118,45.359935,7.228456
001119,45.264439,7.565090
001120,45.058702,7.595637
001121,45.474819,7.585838
001122,44.931204,7.217148
001123,44.903153,7.908183
001124,45.448875,7.739329
001125,45.448622,7.891432
001126,45.173943,7.520115
001127,44.953204,7.682853
001128,45.278237,7.475345
001129,45.151639,7.995964
001130,45.193974,7.718766
001131,45.226780,7.276139
001132,45.479116,7.820792
001133,45.320525,7.602262
001134,45.434451,7.407703
001135,45.233807,7.734344
001136,44.841268,7.633496
001137,45.445913,7.808301
001139,44.812074,7.236248
001140,44.794806,7.243697
001141,45.307496,7.770923
001142,44.848458,7.413631
001143,45.347335,8.016314
001144,45.070524,7.879741
001145,44.966267,7.032358
001146,45.270864,7.543049
001147,45.099128,7.114718
001148,45.295138,7.945067
001149,45.100146,7.066174
001150,45.358366,7.868853
001152,45.279964,7.363625
001153,45.039039,7.916666
001154,45.168038,7.081908
001155,45.330200,7.433234
001156,44.971448,7.705215
001157,45.203322,6.982274
001158,45.065508,7.851974
001159,45.328644,7.833816
001160,45.495578,7.864899
001161,45.233677,7.851962
001162,45.159250,8.017073
001163,45.033199,7.933234
001164,44.984588,7.607646
001165,45.459894,7.300912
001166,45.247265,7.569680
001167,45.541334,7.860494
001168,44.939735,7.551809
001169,45.196823,7.023537
001170,45.305911,7.694322
001171,45.006451,7.568083
001172,45.322389,7.855081
001173,44.849478,7.344676
001174,44.876721,7.607362
001175,45.042040,6.806809
001176,45.345268,7.750850
001177,45.455862,7.975639
001178,44.826996,7.588517
001179,45.422782,7.796118
001180,45.078942,7.832621
001181,45.429599,7.849974
001183,45.019869,7.755050
001184,44.979839,7.184035
001185,45.409142,7.833370
001186,44.922936,7.119057
001187,45.353047,7.639356
001188,45.288762,7.423031
001189,45.113378,7.555896
001190,44.967881,7.246723
001191,44.897893,7.350837
001192,45.036544,7.776964
001193,44.922946,7.602026
001194,44.984190,7.458004
001195,44.920566,7.424382
001196,45.435566,8.005570
001197,44.898493,7.853346
001198,44.955365,7.175735
001199,45.442816,7.584032
001200,44.895125,7.263193
001201,44.973012,6.953078
001202,44.884177,7.038038
001203,44.856292,7.896064
001204,44.903337,7.185139
001205,44.870995,7.267359
001206,45.369734,7.618787
001207,45.362915,7.575446
001208,45.421671,7.780159
001209,45.521827,7.828539
001210,45.560498,7.783114
001211,45.053297,7.428909
001212,45.457175,7.468467
001213,45.118637,7.891532
001214,45.018861,7.513638
001215,44.976334,7.883358
001216,45.331953,7.624588
001217,45.296056,7.734475
001218,45.252636,7.696155
001219,45.062140,7.521436
001220,45.194343,7.571443
001221,45.313515,7.569278
001222,44.919733,7.341378
001223,45.405936,7.876658
001224,45.507546,7.499682
001225,45.248868,7.969981
001226,44.778986,7.183174
001227,45.008468,7.120011
001228,45.078432,7.461742
001229,45.158823,7.377609
001230,45.470804,7.742143
001231,45.360683,7.693090
001232,45.084394,6.880762
001233,45.461455,7.844461
001234,44.933706,7.031140
001235,45.450276,7.840095
001236,45.234492,7.773075
001237,45.251891,7.625154
001238,45.389238,7.608733
001239,45.134428,7.217243
001240,45.232440,7.663511
001241,45.025920,7.444044
001242,44.890172,7.235011
001243,45.143208,7.525870
001244,45.319329,7.803533
001245,45.094603,7.174619
001246,45.297012,7.806830
001247,45.396421,7.813252
001248,45.206068,7.637040
001249,45.103621,7.764870
001250,44.935522,7.290459
001251,45.347393,7.660816
001252,45.148115,7.856244
001253,45.156849,7.941305
001254,44.863522,7.297510
001255,45.092418,7.359884
001256,45.091703,7.269888
001257,44.944470,7.781196
001258,44.897902,6.930974
001259,45.019286,6.869704
001260,44.893991,7.488985
001261,45.375986,7.843195
001262,45.101335,7.884400
001263,44.957703,6.876377
001264,45.405465,7.989843
001265,45.145375,7.775048
001266,45.568586,7.863777
001267,45.406549,7.526741
001268,45.418675,7.770760
001269,45.380094,7.910690
001270,45.132205,7.083180
001271,45.548112,7.808766
001272,45.071689,7.674749
001273,45.220230,7.985388
001274,45.396993,7.756841
001275,44.824602,7.202465
001276,45.028732,7.403731
001278,45.530813,7.709759
001279,45.262774,7.422625
001280,44.976159,7.738691
001281,45.058255,6.997223
001282,45.238520,7.179555
001283,45.090258,7.291838
001284,45.150445,7.455372
001285,45.080830,7.332075
001286,45.228746,7.486365
001287,45.362995,7.657202
001288,45.555169,7.539188
001289,45.196051,7.468492
001290,45.279972,7.641333
001291,45.172078,6.990735
001292,45.140361,7.618036
001293,45.194745,7.974421
001294,45.163172,8.115954
001295,45.392212,7.933237
001296,45.372634,7.818595
001298,45.425488,7.746720
001299,44.838773,7.501993
001300,44.787516,7.492521
001301,45.241025,7.549258
001302,45.041827,7.473459
001303,45.117520,7.377065
001304,45.293346,7.963980
001305,45.085872,7.203810
001306,44.787101,7.132692
001307,44.914151,7.258581
001308,44.914648,7.729157
001309,44.956031,7.618862
001310,44.867263,7.576653
001311,45.349191,7.933080
001312,45.449919,7.748360
001313,45.233260,7.367433
001314,45.190805,7.780084
001315,44.953515,7.500986
001316,45.150230,7.703633
001317,45.467984,7.759223
001318,45.520632,7.718351
002002,45.836687,7.923975
002003,45.424035,8.374586
002004,45.370925,8.086298
002006,45.490268,8.371413
002007,45.263404,8.420668
002008,45.826223,8.139200
002009,45.455065,8.267102
002011,45.288505,8.153029
002014,45.839799,8.086706
002015,45.353593,8.045735
002016,45.733828,8.256881
002017,45.355433,8.467022
002021,45.483837,8.250838
002025,45.785692,7.998613
002029,45.915558,8.046159
002030,45.229430,8.520223
002031,45.361184,8.366571
002032,45.422136,8.200198
002033,45.396942,8.305894
002035,45.489371,8.330628
002041,45.875363,8.146304
002042,45.288507,8.014144
002043,45.807532,8.303555
002045,45.396713,8.340223
002047,45.218381,8.362698
002048,45.871509,8.194093
002049,45.194523,8.126563
002052,45.316991,8.244193
002054,45.261607,8.339089
002057,45.901418,8.141519
002058,45.195059,8.190714
002059,45.437303,8.273856
002061,45.607216,8.352353
002062,45.527836,8.379415
002065,45.455252,8.382726
002066,45.717503,8.222754
002067,45.236669,8.104351
002068,45.558179,8.372515
002070,45.287455,8.323279
002071,45.261871,8.116537
002072,45.613181,8.323582
002078,45.822975,8.015455
002079,45.316578,7.999243
002082,45.188307,8.539772
002088,45.357574,8.326808
002089,45.400507,8.384559
002090,45.181400,8.234620
002091,45.237420,8.415755
002093,45.257855,8.513241
002096,45.757659,8.066847
002097,45.762249,8.045140
002102,45.734821,8.203112
002104,45.282633,8.473547
002107,45.767298,8.255580
002108,45.379509,8.344456
002110,45.750174,7.982258
002113,45.921560,8.192634
002115,45.208975,8.419731
002116,45.607724,8.285237
002118,45.261890,8.275261
002121,45.847086,8.129762
002122,45.532099,8.312604
002126,45.318309,8.276302
002127,45.305051,8.323188
002128,45.243769,8.021107
002131,45.354812,8.256231
002133,45.378652,8.201663
002134,45.780843,8.120021
002135,45.761682,8.096623
002137,45.670296,8.303081
002142,45.227544,8.458299
002147,45.232949,8.310006
002148,45.223704,8.261518
002150,45.322230,8.191569
002152,45.731102,8.357737
002156,45.829790,8.269741
002158,45.319270,8.418316
002163,45.433096,8.334693
002164,45.389346,8.420913
002166,45.817618,8.177827
002170,45.878463,8.033734
002171,45.765770,8.313850
003001,45.668355,8.572125
003002,45.786141,8.455154
003006,45.835960,8.463347
003008,45.756567,8.543584
003012,45.575042,8.519169
003016,45.555050,8.641516
003018,45.449685,8.479283
003019,45.684721,8.404614
003021,45.665099,8.531893
003022,45.762003,8.446548
003023,45.317516,8.688068
003024,45.704123,8.462845
003025,45.696729,8.594961
003026,45.732311,8.460891
003027,45.533831,8.508708
003030,45.528998,8.583596
003032,45.516724,8.671391
003036,45.548055,8.418829
003037,45.432794,8.473637
003039,45.487847,8.503761
003040,45.384996,8.523703
003041,45.395037,8.468923
003042,45.509711,8.497665
003043,45.710421,8.621503
003044,45.599930,8.500088
003045,45.612837,8.476803
003047,45.661785,8.402640
003049,45.399089,8.785727
003051,45.788249,8.491034
003052,45.715453,8.561379
003055,45.645114,8.511619
003058,45.671666,8.453362
003060,45.655911,8.598217
003062,45.733496,8.569559
003065,45.557224,8.455285
003066,45.631284,8.470472
003068,45.489573,8.725658
003069,45.393644,8.660800
003070,45.725776,8.410350
003073,45.595694,8.421128
003076,45.751113,8.422791
003077,45.372270,8.598678
003079,45.689322,8.344000
003082,45.758967,8.472841
003083,45.493000,8.423299
003084,45.826737,8.555972
003088,45.693086,8.420410
003090,45.501472,8.463037
003091,45.630177,8.633459
003093,45.829364,8.531436
003095,45.784241,8.527303
003097,45.621012,8.607979
003098,45.806037,8.436938
003100,45.570751,8.566787
003103,45.807514,8.513031
003104,45.370034,8.639796
003106,45.431542,8.613145
003108,45.595953,8.656693
003109,45.743939,8.528027
003112,45.790111,8.418306
003114,45.743733,8.511355
003115,45.806633,8.384902
003116,45.830927,8.405736
003119,45.793183,8.510304
003120,45.758656,8.373336
003121,45.643873,8.653419
003122,45.663036,8.372082
003129,45.456880,8.422626
003130,45.631482,8.395250
003131,45.462680,8.754611
003133,45.775762,8.379920
003134,45.425098,8.421226
003135,45.462228,8.536653
003138,45.517751,8.437123
003139,45.576179,8.439658
003140,45.733837,8.400068
003141,45.389754,8.719020
003143,45.625585,8.539349
003144,45.373520,8.699913
003146,45.353618,8.728609
003149,45.436386,8.751405
003153,45.600079,8.547746
003154,45.669030,8.646237
003158,45.354320,8.645555
003159,45.473694,8.464468
003164,45.325157,8.500835
003166,45.704496,8.532933
004001,44.480463,6.965183
004002,44.283275,7.224820
004003,44.678649,8.033325
004004,44.597244,8.062077
004005,44.119839,7.996483
004006,44.376544,6.952665
004007,44.587668,8.101357
004008,44.287176,8.059105
004009,44.752439,7.248980
004010,44.762478,7.896821
004011,44.720283,8.083503
004012,44.736248,7.371265
004013,44.617360,7.947050
004014,44.456732,7.904945
004015,44.319114,8.013211
004016,44.365424,7.651011
004017,44.580456,6.981434
004018,44.501720,7.979216
004019,44.539146,7.832446
004020,44.629636,8.093780
004021,44.548080,8.179548
004022,44.389429,7.430910
004023,44.503229,8.019784
004024,44.636229,8.114260
004025,44.323055,7.460846
004026,44.598582,8.135492
004027,44.526053,8.043310
004028,44.301813,7.566073
004029,44.709690,7.820830
004030,44.401230,7.873421
004031,44.137604,7.701359
004032,44.599439,7.394460
004033,44.578640,7.331364
004034,44.518903,7.435563
004035,44.430542,8.128180
004037,44.803363,7.999969
004038,44.422265,7.059022
004039,44.118495,7.947146
004040,44.420019,7.432986
004041,44.786469,7.728697
004042,44.743777,7.467879
004043,44.480357,7.856926
004044,44.489109,7.284333
004045,44.825389,7.623695
004046,44.753338,8.049845
004047,44.598843,7.089248
004049,44.431421,7.635962
004050,44.493376,8.188583
004051,44.775750,8.033764
004052,44.429920,7.982717
004053,44.408443,7.196567
004054,44.345193,8.132335
004055,44.632838,7.972063
004056,44.732799,8.193243
004057,44.626363,8.156320
004058,44.738530,7.642977
004059,44.707368,7.702872
004060,44.459342,7.170537
004061,44.487189,7.589223
004062,44.823293,7.811440
004063,44.577596,8.072529
004064,44.387668,7.476241
004065,44.625177,7.762442
004066,44.371785,8.021455
004067,44.642985,7.819652
004068,44.275566,7.681208
004069,44.438242,7.929948
004070,44.566381,8.033183
004071,44.471554,7.920982
004072,44.735448,7.969778
004073,44.578715,8.203413
004074,44.652362,8.199087
004075,44.555925,7.489875
004076,44.569758,8.119766
004077,44.702730,7.121302
004078,44.413732,7.546264
004079,44.325662,7.250162
004080,44.648568,8.038464
004081,44.537081,7.963417
004082,44.458461,7.344140
004083,44.541130,7.067564
004084,44.178970,7.404988
004085,44.695012,7.374243
004086,44.512763,7.925688
004087,44.805567,7.573772
004088,44.544451,8.096354
004089,44.550614,7.701050
004090,44.242651,7.810031
004091,44.287832,7.772244
004092,44.569328,7.273713
004093,44.332841,7.398838
004094,44.621183,7.339130
004095,44.193299,7.980283
004096,44.586825,7.668297
004097,44.515789,8.131992
004098,44.460748,8.178291
004099,44.790570,8.105662
004100,44.662098,7.997835
004101,44.738104,8.027270
004102,44.443262,8.012470
004103,44.591354,7.372526
004104,44.628371,7.556378
004105,44.652688,7.937658
004106,44.608305,8.105578
004107,44.548729,7.878746
004108,44.398372,7.963422
004109,44.536145,8.153434
004110,44.190071,7.562932
004111,44.307318,7.983775
004112,44.498316,7.170971
004113,44.764518,8.077535
004114,44.293214,7.794168
004115,44.679364,8.147243
004116,44.611579,7.508865
004117,44.652463,7.734217
004118,44.397091,7.678284
004119,44.433219,7.114578
004120,44.455380,7.984781
004121,44.613271,7.356348
004122,44.551273,7.307683
004123,44.315142,7.396694
004124,44.465558,8.079196
004125,44.358416,7.969234
004126,44.328677,7.824509
004127,44.314937,7.934150
004128,44.688807,7.611725
004129,44.564705,7.922457
004130,44.406368,7.796833
004131,44.469666,8.124581
004132,44.584643,7.971486
004133,44.819403,7.949592
004134,44.311465,7.857308
004135,44.770352,7.910916
004136,44.465543,7.684059
004137,44.625873,8.037851
004138,44.432687,7.360368
004139,44.379098,7.301453
004140,44.792238,7.909905
004141,44.385910,8.129267
004142,44.710382,7.933901
004143,44.768686,7.531129
004144,44.424541,7.686918
004145,44.481922,8.017270
004146,44.751673,7.602269
004147,44.601929,7.880764
004148,44.728599,8.109393
004149,44.693501,8.114174
004150,44.511483,8.074586
004151,44.413107,7.928645
004152,44.591257,7.921972
004153,44.338050,8.055715
004154,44.660577,7.172147
004155,44.158716,7.890128
004156,44.708981,7.193007
004157,44.674820,7.240596
004158,44.603155,7.427158
004159,44.254293,7.908720
004160,44.430807,8.068423
004161,44.594221,8.219371
004162,44.324448,8.094526
004163,44.321027,7.612576
004164,44.533323,8.209772
004165,44.363329,7.713208
004166,44.571228,7.438439
004167,44.327899,7.012552
004168,44.732782,7.980625
004169,44.517029,7.880969
004170,44.722444,7.879491
004171,44.787201,7.593828
004172,44.646654,7.022458
004173,44.420930,7.267391
004174,44.500098,7.044699
004175,44.360801,8.103856
004176,44.792301,8.060015
004177,44.254187,8.025838
004178,44.488614,8.132402
004179,44.780220,7.666958
004180,44.679826,7.420185
004181,44.654211,7.355396
004182,44.361654,7.375032
004183,44.248258,7.456649
004184,44.417345,8.023845
004185,44.285296,7.514344
004186,44.265667,7.873403
004187,44.496722,7.316817
004188,44.439996,7.950374
004189,44.443059,7.743151
004190,44.254585,7.730748
004191,44.346987,7.433593
004192,44.298939,7.482669
004193,44.639157,8.180273
004194,44.672583,7.963147
004195,44.576909,8.014201
004196,44.630068,8.063205
004197,44.533985,7.414639
004198,44.713779,7.601005
004199,44.391395,8.087391
004200,44.410540,8.081853
004201,44.422228,8.181623
004202,44.583527,7.805116
004203,44.670190,7.489353
004204,44.350448,7.074648
004205,44.584198,7.195085
004206,44.493581,8.059439
004207,44.491252,7.238876
004208,44.747086,7.807298
004209,44.640075,7.300466
004210,44.376173,7.927345
004211,44.481145,7.723096
004212,44.699827,7.922801
004213,44.711583,8.215052
004214,44.802966,7.921246
004215,44.609617,7.634432
004216,44.335452,7.978677
004217,44.694823,7.554565
004218,44.609917,7.999638
004219,44.562762,8.062306
004220,44.602560,8.019158
004221,44.528703,8.014398
004222,44.774335,7.784588
004223,44.741764,7.889279
004224,44.515939,7.129696
004225,44.496603,7.527347
004226,44.561053,8.142387
004227,44.321156,7.915035
004228,44.725680,7.527169
004229,44.434639,8.036299
004230,44.684020,8.091935
004231,44.668195,8.109575
004232,44.512575,7.761594
004233,44.237444,7.319921
004234,44.396097,7.364097
004235,44.339925,7.358112
004237,44.563265,7.399152
004238,44.671240,7.931571
004239,44.216403,7.527773
004240,44.599307,7.500060
004241,44.761271,7.997762
004242,44.354029,7.859056
004243,44.362162,7.474638
004244,44.552236,7.545255
004245,44.353631,7.738805
004246,44.736823,7.577244
004247,44.482417,7.391980
004248,44.268404,7.111646
004249,44.269227,7.967873
004250,44.562620,7.581275
005001,44.790445,8.247276
005002,45.080077,7.977950
005003,44.839794,8.132806
005004,45.106479,7.986658
005005,44.914580,8.210290
005006,44.885925,8.269480
005007,44.904751,8.096630
005008,44.835686,8.331395
005009,45.102026,7.954901
005010,44.798280,8.447917
005011,44.655576,8.292536
005012,45.009827,7.951763
005013,44.730728,8.329783
005014,45.002854,8.253112
005015,44.743404,8.223531
005016,44.984346,8.090047
005017,44.717379,8.283911
005018,44.892007,8.031093
005019,45.009672,8.011459
005020,45.015382,8.343811
005021,44.698383,8.314901
005022,44.760178,8.132074
005023,44.956731,8.305529
005024,44.729869,8.380860
005025,44.981658,8.203479
005026,44.920196,8.071893
005027,44.745650,8.434289
005028,44.900950,8.324413
005029,44.803394,8.416460
005030,44.787395,8.288460
005031,45.031767,7.975596
005032,44.717782,8.416412
005033,44.879602,7.918058
005034,44.859682,8.114844
005035,45.048529,8.031020
005036,44.876959,8.363181
005037,44.644887,8.253065
005038,44.984983,8.120204
005039,44.972021,8.094081
005040,44.833083,8.010453
005041,44.731950,8.148876
005042,45.091832,8.043033
005044,44.997239,8.157283
005045,44.958860,8.053172
005046,45.016886,8.087884
005047,44.974850,8.050992
005048,44.834334,8.372205
005049,44.981516,8.142730
005050,44.781418,8.173197
005051,45.043275,8.083235
005052,44.919177,7.986373
005053,44.878922,7.995503
005054,44.755967,8.414933
005055,44.988557,8.178511
005056,45.007134,8.288092
005057,45.040454,8.305798
005058,44.819543,8.385684
005059,44.820500,8.180084
005060,44.661063,8.269118
005061,44.764631,8.486762
005062,44.940521,8.035151
005063,44.765774,8.270603
005064,44.576471,8.328670
005065,44.778751,8.452594
005066,44.825663,8.296653
005067,44.936188,8.074514
005068,44.646816,8.320367
005069,45.048572,8.266423
005070,45.071423,7.924499
005071,44.848373,8.221899
005072,44.695924,8.396749
005073,44.988426,8.020348
005074,44.831007,8.270606
005075,45.007582,8.108443
005076,44.816203,8.240794
005077,44.974135,8.332796
005080,44.767312,8.357335
005081,44.582553,8.251844
005082,45.059806,8.013829
005083,45.027510,8.262343
005084,45.019967,8.062378
005085,45.048418,7.994346
005086,45.046217,8.052539
005087,44.948589,8.262116
005088,44.751959,8.447190
005089,44.926253,8.342395
005090,44.860555,8.170718
005091,44.950649,8.011697
005092,45.102074,8.111207
005093,44.869642,8.288264
005094,44.588371,8.285180
005095,44.702243,8.339430
005096,44.856710,8.350821
005097,44.844882,8.042964
005098,44.608204,8.240736
005099,44.828615,8.112307
005100,44.752995,8.298985
005101,44.953152,7.984191
005103,44.971391,8.277722
005104,44.550626,8.260932
005105,44.670523,8.337397
005106,44.960558,8.114446
005107,44.994285,8.080318
005108,44.884493,8.085071
005109,45.028838,8.191704
005111,44.801812,8.345480
005112,44.888736,7.948497
005113,44.632307,8.226237
005114,45.001592,8.044840
005115,44.963263,8.373210
005116,44.830396,8.222128
005117,44.919589,8.037769
005118,44.953670,7.934472
005119,44.997795,8.149075
005120,44.805610,8.313686
005121,45.057019,8.116128
006001,44.682289,8.447670
006002,44.708313,9.103683
006003,44.911152,8.624411
006004,45.041349,8.205987
006005,44.733678,8.462492
006007,44.978519,8.379992
006008,45.020274,8.873064
006009,44.668887,8.879471
006010,44.811928,8.971400
006011,45.185103,8.406241
006012,44.772100,8.713928
006013,45.006145,8.751010
006014,44.606834,8.671920
006015,44.829104,8.462973
006016,44.872533,8.952581
006017,44.675734,8.373252
006018,44.732167,8.958751
006019,44.828664,8.515052
006020,45.090906,8.531706
006021,44.807447,8.688067
006022,44.572490,8.778868
006023,45.076778,8.619542
006024,44.814222,9.046997
006025,44.667633,9.128218
006026,45.021741,8.436098
006027,45.158809,8.276783
006028,44.735647,9.059164
006029,44.734561,8.691336
006030,44.854958,8.859266
006031,44.828844,8.485588
006032,44.809070,8.888597
006033,44.689263,8.610783
006034,44.618267,9.151089
006035,44.657502,8.842483
006036,44.594376,8.423832
006037,44.824697,8.632544
006038,44.602902,8.745291
006039,45.117382,8.451233
006040,44.915116,8.985592
006041,44.829971,9.002971
006043,44.759798,8.535682
006044,44.574821,8.556828
006045,44.795670,8.943497
006046,44.908665,8.949285
006047,44.841000,8.584502
006048,44.631324,8.389535
006049,44.689569,8.721963
006050,45.068144,8.239925
006051,44.973326,8.559533
006052,44.744180,8.544423
006053,44.985401,8.870494
006054,44.800135,8.596588
006055,44.633541,8.451495
006056,45.067317,8.380262
006057,45.095301,8.321485
006058,44.833467,8.932088
006059,45.113419,8.218094
006060,45.152086,8.379874
006061,45.036328,8.469934
006062,44.818078,8.934404
006063,44.631808,8.576036
006065,44.605496,8.335771
006066,44.757097,9.049306
006067,44.748686,9.162435
006068,44.900911,8.431360
006069,44.586412,8.891376
006070,44.731511,8.735825
006071,44.817350,8.512952
006072,45.035712,8.392134
006073,45.133471,8.550637
006074,44.783927,8.686885
006075,44.859344,8.653121
006076,44.961583,8.420309
006077,45.157254,8.206836
006078,44.800030,8.525196
006079,44.779170,8.989142
006081,44.694217,8.814747
006082,45.055170,8.562335
006083,44.803132,9.121232
006084,44.626187,8.495608
006085,44.696717,8.982479
006086,45.015707,8.848129
006087,45.022653,8.847730
006088,44.599881,8.738448
006090,44.558017,8.413913
006091,44.872732,8.428603
006092,44.640784,8.419751
006093,44.512228,8.299600
006094,45.025773,8.519438
006095,44.561996,8.592986
006096,45.023686,8.892118
006097,45.122478,8.259811
006098,44.840169,9.029966
006099,45.159699,8.159757
006100,44.640354,9.078718
006101,44.867966,8.976605
006102,44.761798,9.099341
006103,44.663511,8.727638
006104,44.696337,8.592212
006105,44.958884,8.697816
006106,44.592604,8.382721
006107,44.840280,8.961690
006108,44.847998,8.992141
006109,45.174874,8.353173
006110,44.604092,8.526675
006111,44.615722,8.759448
006112,44.666222,8.557114
006113,45.077305,8.133862
006114,44.759756,8.781223
006115,45.060916,8.517604
006116,45.105290,8.159555
006117,45.073048,8.208510
006118,45.036577,8.371536
006119,44.688499,8.561168
006120,45.050278,8.354291
006121,44.628632,8.640296
006122,44.872544,8.479580
006123,45.098444,8.372440
006124,44.822715,8.882676
006125,44.519463,8.416272
006126,44.677487,8.755095
006127,44.748047,8.749146
006128,44.994650,8.680731
006129,44.944189,8.672345
006131,45.063230,8.584075
006132,44.954867,8.936350
006133,45.125361,8.322793
006134,44.618842,8.362080
006135,45.078704,8.265764
006136,44.554003,8.487472
006137,44.863413,9.029923
006138,44.810763,8.792179
006139,44.639942,8.538446
006140,44.755826,8.653658
006141,44.947751,8.481446
006142,44.902449,8.389334
006143,44.745262,8.484123
006144,44.710633,8.559315
006145,44.972222,8.715320
006146,44.683061,9.019900
006147,44.681614,8.639399
006148,44.688468,9.063094
006149,45.076839,8.417566
006150,45.075439,8.358235
006151,44.976511,8.806443
006152,44.690068,8.738213
006153,45.109642,8.408170
006154,44.998918,8.555649
006155,44.786284,9.066616
006156,44.781395,8.904805
006157,44.769776,8.927782
006158,44.859399,8.936501
006159,45.099399,8.295007
006160,44.721038,8.852605
006161,44.767351,8.571148
006162,44.677514,8.673538
006163,44.908577,8.493415
006164,45.130132,8.291396
006165,44.528788,8.333460
006166,44.839222,8.875364
006167,44.734094,8.901281
006168,44.696812,8.529879
006169,44.612724,8.689672
006170,44.725328,8.768059
006171,45.070878,8.447759
006172,44.681963,8.414715
006173,45.105377,8.553527
006174,44.885036,8.841747
006175,45.095041,8.358226
006176,44.664688,8.582651
006177,45.023107,8.635782
006178,45.099523,8.598524
006179,45.007232,8.399525
006180,44.714525,8.911186
006181,44.914943,8.920862
006182,45.055258,8.169669
006183,44.810621,8.859151
006184,45.136816,8.156646
006185,45.184351,8.474767
006186,44.844770,8.895866
006187,44.651431,8.507307
006188,44.884192,9.001418
006189,44.894872,8.960385
006190,44.597471,8.861369
006191,44.771451,8.872328
006192,44.984864,8.766283
006193,45.008779,8.489243
007001,45.814401,7.273235
007002,45.807117,7.601813
007003,45.751655,7.303538
007004,45.644626,7.732134
007005,45.663226,7.104556
007006,45.731401,7.113713
007007,45.846130,7.734220
007008,45.656125,7.257919
007009,45.612552,7.748859
007010,45.917107,7.503847
007011,45.699202,7.406732
007012,45.763018,7.759560
007013,45.711525,7.764854
007014,45.683671,7.736195
007015,45.724622,7.543321
007016,45.842007,7.640574
007017,45.672487,7.607683
007018,45.609715,7.576944
007019,45.697702,7.343388
007020,45.761523,7.624988
007021,45.591125,7.368944
007022,45.828246,6.939040
007023,45.586256,7.755384
007024,45.828773,7.290362
007025,45.724814,7.703159
007026,45.841091,7.235679
007027,45.672298,7.505662
007028,45.648038,7.883967
007029,45.714503,7.873332
007030,45.781498,7.260724
007031,45.685646,7.302303
007032,45.877406,7.833173
007033,45.776494,7.832680
007034,45.608661,7.719184
007035,45.668460,7.169518
007036,45.684106,7.845726
007037,45.650133,7.653612
007038,45.691684,7.274734
007039,45.813245,7.625176
007040,45.748913,7.063480
007041,45.697468,6.936524
007042,45.621802,7.863472
007043,45.709027,7.665189
007044,45.751024,7.015618
007045,45.795829,7.490376
007046,45.883095,7.303625
007047,45.839539,7.404880
007048,45.627819,7.810601
007049,45.715187,7.363671
007050,45.596273,7.672641
007051,45.723099,7.585596
007052,45.596625,7.809019
007053,45.747605,6.959223
007054,45.777833,7.424056
007055,45.532846,7.102633
007056,45.622834,7.136572
007057,45.787089,7.322958
007058,45.761887,7.353922
007059,45.757665,7.577187
007060,45.686590,7.444896
007061,45.732221,7.160635
007062,45.818618,7.200486
007063,45.739077,7.198367
007064,45.824411,7.153721
007065,45.753066,7.669614
007066,45.747957,7.238639
007067,45.824141,7.568918
007068,45.587708,7.040603
007069,45.831702,7.355360
007070,45.549117,7.203964
007071,45.912330,7.636839
007072,45.766487,7.527761
007073,45.669632,7.703967
007074,45.686852,7.207838
008001,43.876538,7.562369
008002,43.896050,7.667927
008003,44.094223,8.009600
008004,44.095648,7.901437
008005,43.994637,7.905306
008006,43.921371,7.814687
008007,43.910573,7.733192
008008,43.797682,7.687845
008009,44.068529,7.976313
008010,43.978132,7.910015
008011,43.817811,7.615871
008012,43.999310,7.954934
008014,43.875194,7.872068
008015,43.942344,7.715521
008016,43.878233,7.778629
008017,43.932789,8.115817
008018,44.014891,7.970450
008019,43.975405,7.993097
008020,43.960274,7.989194
008021,43.861173,7.927674
008022,43.879441,7.948938
008023,44.105591,7.784372
008024,43.854039,7.951482
008025,43.955247,8.035197
008026,43.926136,8.067256
008027,43.910077,8.073481
008028,43.955683,8.057409
008029,43.876937,7.600516
008030,43.903321,7.927068
008031,43.906401,8.001776
008032,43.905780,7.635443
008033,43.963139,7.956145
008034,44.083391,7.763729
008035,43.982659,7.795271
008037,44.054775,7.803485
008038,43.866942,7.527267
008039,43.810104,7.713137
008040,43.857223,7.688179
008041,43.883013,7.920643
008042,44.046919,7.909433
008043,43.936749,7.645624
008044,43.860414,7.891081
008045,43.940300,7.999474
008046,44.066614,7.853324
008047,43.936235,7.914790
008048,44.071481,8.020708
008049,44.020676,7.859967
008050,43.837990,7.870309
008051,43.912967,7.591473
008052,43.947085,8.104620
008053,43.824702,7.644034
008054,43.857679,7.961256
008055,43.835766,7.775074
008056,43.844621,7.899629
008057,43.829826,7.701883
008058,43.836308,7.660473
008059,43.880020,7.840276
008060,43.855547,7.903123
008061,44.018870,7.734231
008062,43.823053,7.678124
008063,43.798900,7.645979
008064,43.942081,7.936137
008065,43.828684,7.565573
008066,44.046509,7.964800
008067,43.966564,8.091344
008068,43.940674,7.844134
009001,44.019933,8.171044
009002,44.063030,8.177442
009003,44.334981,8.487122
009004,44.362924,8.474045
009005,44.320433,8.331233
009006,43.975018,8.124789
009007,44.079957,8.103234
009008,44.122601,8.165970
009009,44.192042,8.146237
009010,44.241637,8.442484
009011,44.151977,8.204975
009012,44.113040,8.224208
009013,44.167509,8.303964
009014,44.267687,8.241716
009015,44.405567,8.302712
009016,44.236003,8.284214
009017,44.244130,8.127311
009018,44.346972,8.290924
009019,44.027624,8.026765
009020,44.111213,8.079390
009021,44.151924,8.123986
009022,44.359139,8.539776
009023,44.393472,8.211618
009024,44.098351,8.198401
009025,44.091660,8.142461
009026,44.374034,8.248993
009027,44.454334,8.296243
009028,44.153976,8.088313
009029,44.192048,8.353807
009030,44.031018,8.094100
009031,44.183147,8.211003
009032,44.447984,8.386686
009033,43.975619,8.160401
009034,44.148939,8.228024
009035,44.206264,8.211986
009036,44.292620,8.291437
009037,44.294985,8.083275
009038,44.352348,8.203965
009039,44.485116,8.426839
009040,44.304480,8.144750
009041,44.123305,8.017783
009042,44.206343,8.405088
009043,44.083078,8.043690
009044,44.233869,8.325862
009045,44.058504,8.091303
009046,44.280700,8.187241
009047,44.323650,8.251688
009048,44.493404,8.269490
009049,44.164684,8.239129
009050,44.351879,8.247467
009051,44.434040,8.436240
009052,44.292154,8.381203
009053,44.229697,8.255126
009054,44.348297,8.163745
009055,44.471195,8.547604
009056,44.325894,8.444349
009057,44.230655,8.404499
009058,44.403716,8.504797
009059,44.001195,8.069497
009060,44.008519,8.018672
009061,44.143144,8.175365
009062,44.184263,8.269837
009063,44.484581,8.611193
009064,44.258367,8.398148
009065,44.388274,8.562506
009066,44.083550,8.074000
009067,44.228103,8.359064
009068,44.042426,8.122757
009069,44.106691,8.124652
010001,44.423983,8.668813
010002,44.397370,9.154763
010003,44.440262,9.088644
010004,44.390146,9.077989
010005,44.439628,9.403461
010006,44.584895,8.970911
010007,44.338551,9.169329
010008,44.530245,8.707747
010009,44.534891,8.865418
010010,44.356794,9.353689
010011,44.297015,9.476932
010012,44.539054,8.990886
010013,44.274884,9.522567
010014,44.501360,8.848740
010015,44.330806,9.323945
010016,44.405119,9.228570
010017,44.412729,8.624884
010018,44.331218,9.369096
010019,44.382948,9.264145
010020,44.586736,9.020052
010021,44.463880,9.080333
010022,44.568409,9.236893
010023,44.460533,9.259657
010024,44.538083,9.297565
010025,44.449071,8.854740
010026,44.601260,9.249978
010027,44.646735,8.969323
010028,44.306822,9.367086
010029,44.348180,9.318302
010030,44.466763,9.251035
010031,44.449012,9.130342
010032,44.503425,8.727679
010033,44.463833,8.750773
010034,44.395392,9.406702
010035,44.536001,8.914633
010036,44.461362,9.214914
010037,44.241923,9.497183
010038,44.518924,9.245487
010039,44.503858,9.057889
010040,44.357025,9.456030
010041,44.467903,9.188563
010042,44.418846,9.290539
010043,44.387619,9.089399
010044,44.310301,9.198511
010045,44.564448,9.179349
010046,44.358412,9.216562
010047,44.368605,9.148637
010048,44.511261,9.353892
010049,44.608250,8.938221
010050,44.550938,9.217039
010051,44.553880,8.659399
010052,44.566442,9.315978
010053,44.392259,9.315469
010054,44.331752,9.202841
010055,44.483231,8.966286
010056,44.517510,9.458957
010057,44.556822,8.992983
010058,44.511786,8.946184
010059,44.281043,9.432737
010060,44.393502,9.114715
010061,44.508521,8.626667
010062,44.518869,9.158262
010063,44.418710,9.183647
010064,44.413463,9.158871
010065,44.557540,9.094260
010066,44.609279,9.059415
010067,44.347677,9.265500
011001,44.057945,9.977205
011002,44.102607,9.915397
011003,44.194486,9.765810
011004,44.190859,9.900013
011005,44.193211,9.579110
011006,44.217351,9.702562
011007,44.236305,9.737106
011008,44.238687,9.840888
011009,44.285908,9.607169
011010,44.244112,9.647192
011011,44.090551,10.013316
011012,44.235832,9.542412
011013,44.171189,9.832278
011014,44.220524,9.571396
011015,44.109093,9.830040
011016,44.078870,9.921240
011017,44.187132,9.638585
011018,44.326659,9.557001
011019,44.158742,9.664050
011020,44.086429,10.035350
011021,44.175450,9.696402
011022,44.041391,9.840995
011023,44.144082,9.761908
011024,44.101178,9.751336
011025,44.241748,9.779719
011026,44.156421,9.931582
011027,44.094569,9.983492
011028,44.296953,9.679488
011029,44.369370,9.580054
011030,44.144406,9.699597
011031,44.143589,9.886324
011032,44.287360,9.741788
012001,46.036434,8.767236
012002,45.724223,8.801733
012003,45.774603,8.599835
012004,45.856270,8.863942
012005,45.699203,8.735776
012006,45.778989,8.791840
012007,45.888913,8.710116
012008,45.850895,8.757173
012010,45.912716,8.796779
012011,45.891185,8.906782
012012,45.702303,8.757545
012013,45.850353,8.653182
012014,45.811405,8.707799
012015,45.877911,8.866971
012016,45.785918,8.752486
012017,45.833063,8.641359
012019,45.908629,8.685340
012020,45.971127,8.723175
012021,45.883361,8.791719
012022,45.951047,8.736970
012023,45.768260,8.800324
012024,45.940042,8.883732
012025,45.783693,8.806675
012026,45.607357,8.845998
012027,45.965833,8.829961
012029,45.689577,8.862612
012030,45.823663,8.888391
012031,45.879171,8.656409
012032,45.646016,8.756192
012033,45.721265,8.840351
012034,45.597557,9.044878
012035,45.741143,8.836102
012036,45.763836,8.727862
012037,45.916642,8.705505
012038,45.830108,8.775567
012039,45.663037,8.741226
012040,45.675971,8.834348
012041,45.930835,8.758950
012042,45.611913,8.896571
012043,45.887930,8.764311
012044,45.715514,8.864517
012045,45.938112,8.678162
012046,45.754917,8.867490
012047,45.750667,8.812342
012048,45.692912,8.794289
012049,45.797976,8.729296
012050,45.648467,8.958763
012051,45.907699,8.661531
012052,45.860551,8.929165
012053,45.867165,8.698390
012054,45.776016,8.677887
012055,45.854758,8.747767
012056,45.982330,8.799009
012057,45.758434,8.765680
012058,45.908378,8.865400
012059,45.940965,8.818409
012060,45.933553,8.802751
012061,46.064171,8.822075
012062,45.908714,8.748203
012063,45.891859,8.736203
012064,45.775513,8.765558
012065,46.028780,8.786842
012066,45.919666,8.737262
012067,45.664796,8.866736
012068,45.620743,8.741139
012069,45.932167,8.786682
012070,45.664029,8.794311
012071,45.791010,8.768124
012072,45.845122,8.722783
012073,45.778790,8.825995
012074,45.878837,8.677631
012075,45.633784,8.990061
012076,45.980780,8.739101
012077,45.696221,8.660538
012078,45.669860,8.901393
012079,45.644734,8.919131
012080,45.736880,8.857672
012081,45.944741,8.784509
012082,45.784421,8.733194
012083,45.864387,8.832459
012084,45.811176,8.619268
012085,45.708177,8.792452
012086,45.958574,8.862563
012087,45.900042,8.618962
012088,45.871207,8.612758
012089,45.706280,8.878076
012090,45.585141,8.721992
012091,45.777076,8.863709
012092,46.002677,8.755542
012093,45.844543,8.770412
012096,45.800067,8.880749
012097,45.941739,8.839663
012098,45.631402,8.910318
012099,45.936272,8.857990
012100,45.916785,8.786123
012101,45.747128,8.672720
012102,45.941734,8.750631
012103,45.967400,8.784725
012104,45.855064,8.624871
012105,45.761573,8.838229
012106,45.742117,8.753897
012107,45.699142,8.819979
012108,45.628292,8.877487
012109,45.593574,9.016436
012110,45.882956,8.723394
012113,45.908539,8.907832
012114,45.954226,8.709544
012115,45.914203,8.773556
012116,45.795691,8.577829
012117,45.876614,8.924533
012118,45.624431,8.780418
012119,45.626434,9.041070
012120,45.740184,8.628921
012121,45.720093,8.816027
012122,45.649085,8.870512
012123,45.665442,8.686359
012124,45.737308,8.782626
012125,45.763590,8.616468
012126,45.785709,8.695572
012127,45.718437,8.922649
012128,45.808214,8.675758
012129,46.082052,8.726587
012130,45.609042,8.984004
012131,45.907379,8.827183
012132,45.775284,8.705335
012133,45.832408,8.812255
012134,45.771319,8.886620
012136,45.739003,8.906680
012137,45.755046,8.902368
012138,45.729419,8.700110
012139,45.875070,8.912764
012140,45.629763,8.681755
012141,45.878610,8.631505
012142,46.071618,8.769811
012143,45.796131,8.645423
013003,45.808797,9.186003
013004,45.815917,9.164504
013005,45.805488,8.937028
013006,45.777334,9.202349
013007,45.762958,9.179791
013009,45.771279,9.208834
013010,45.733314,8.968670
013011,45.940329,9.119987
013012,45.720167,9.212217
013013,45.863271,9.263141
013015,45.907032,9.265603
013021,46.026713,9.175878
013022,45.769180,8.951649
013023,45.776007,8.920337
013024,45.834866,8.944085
013025,45.966976,9.104349
013026,45.837962,9.101484
013028,45.694987,9.055199
013029,45.739146,9.183145
013030,45.910181,9.123804
013032,45.821641,9.102932
013034,45.746577,9.011720
013035,45.678160,9.171243
013036,45.717959,9.043082
013037,45.867895,9.221267
013040,45.975097,8.972368
013041,45.734314,9.133714
013042,45.850219,9.294342
013043,45.770732,9.130807
013044,45.883487,9.110436
013045,45.694780,8.940979
013046,45.710968,9.106757
013047,46.052204,9.154092
013048,45.721923,9.191368
013052,45.846260,9.222379
013053,45.759075,9.077797
013055,45.748798,9.025031
013058,45.834841,9.242820
013059,45.762283,8.946003
013062,46.106901,9.099996
013063,45.925281,9.070359
013064,45.705041,9.083071
013065,45.852458,9.078073
013068,45.698753,9.012647
013071,46.008745,9.095805
013074,45.965449,9.142174
013075,45.804957,9.080995
013077,46.057686,9.127845
013083,46.088241,9.255444
013084,45.739512,9.098579
013085,46.087234,9.172579
013087,45.949147,9.117451
013089,46.154684,9.324011
013090,46.125293,9.269212
013092,46.192533,9.234076
013095,45.813160,9.214032
013097,45.819722,9.268896
013098,45.859810,9.181839
013099,45.810884,8.972396
013100,45.690995,8.998907
013101,45.709484,9.140663
013102,45.741322,9.059444
013106,46.129130,9.194126
013107,46.159329,9.397127
013110,45.775872,9.059703
013111,46.038263,9.193485
013113,45.998083,9.234149
013114,45.729958,9.015002
013118,45.739739,9.228689
013119,45.889630,9.128035
013120,45.983630,9.101171
013121,45.761502,9.244500
013123,45.888671,9.262062
013126,45.937337,9.198376
013128,45.687246,8.979495
013129,45.792678,9.120045
013130,46.204007,9.299725
013131,45.693381,8.925418
013133,45.695325,9.037185
013134,45.825748,9.259740
013135,45.760658,9.044050
013136,45.751601,9.217735
013137,45.705416,8.974505
013138,45.763521,8.989794
013139,45.918499,9.245697
013143,45.693385,9.173523
013144,45.843357,9.045367
013145,46.019100,9.228310
013147,45.784503,9.249595
013152,45.871278,9.089533
013153,45.779838,9.227106
013154,45.790624,9.036923
013155,46.197021,9.366771
013157,45.782295,9.142163
013159,45.684257,8.953809
013160,46.116534,9.268085
013161,45.902769,9.170046
013163,45.698430,9.137850
013165,45.787075,8.975471
013169,45.756224,8.970663
013170,45.779985,9.175418
013178,46.177866,9.284602
013183,46.102735,9.251139
013184,45.962535,9.124170
013185,46.063646,9.215884
013186,45.881775,9.166648
013187,45.994583,9.116374
013188,45.830066,9.220549
013189,46.028597,9.116672
013192,45.830662,9.252092
013193,45.820783,9.283243
013195,45.857609,9.239175
013197,45.827927,8.916857
013199,45.830869,8.986979
013201,45.668870,9.048428
013202,45.661026,9.034885
013203,45.969745,9.156346
013204,46.096546,9.159605
013206,45.807589,9.037380
013207,46.108357,9.130126
013211,45.922231,9.099163
013212,45.764670,9.099033
013216,46.178849,9.403060
013217,45.896720,9.232707
013218,46.148049,9.254456
013222,45.809075,9.142066
013223,45.845828,9.131199
013226,46.184582,9.350588
013227,45.663810,9.005393
013228,45.818991,8.965756
013229,45.879109,9.307596
013232,45.816860,8.931342
013233,46.069861,9.100658
013234,46.032580,9.055976
013236,45.914628,9.185634
013238,45.718370,8.982219
013239,46.190310,9.338027
013242,45.730907,9.071793
013245,45.776734,9.022820
013246,45.901780,9.199000
013248,46.066486,9.250121
013249,46.153846,9.227993
013250,45.947591,9.249366
013251,45.805314,8.995038
013252,45.986695,9.185322
013253,45.975992,9.034643
013254,45.938748,9.065265
013255,45.801024,8.920147
014001,46.080791,9.624309
014002,46.115635,9.855976
014003,46.119981,9.473411
014004,46.132691,10.145083
014005,46.180426,9.644104
014006,46.078892,9.579839
014007,46.193226,9.738635
014008,46.201994,10.099049
014009,46.490769,10.410010
014010,46.223998,9.709108
014011,46.098260,9.819545
014012,46.404543,9.342830
014013,46.256811,9.875255
014014,46.142050,10.011996
014015,46.185968,9.802902
014016,46.108100,9.794503
014017,46.164626,9.506802
014018,46.324760,9.400570
014019,46.306990,9.803239
014020,46.208728,10.005174
014021,46.169696,9.487217
014022,46.177689,9.589042
014023,46.144765,9.722450
014024,46.121309,9.521712
014025,46.159520,9.615745
014026,46.131997,9.450637
014027,46.157797,9.444948
014028,46.140505,9.902044
014029,46.141837,9.677333
014030,46.100356,9.763774
014031,46.043253,9.549819
014032,46.276520,9.320937
014033,46.351733,10.234569
014034,46.288835,10.213701
014035,46.454393,9.337539
014036,46.321803,9.905011
014037,46.534193,10.142166
014038,46.227137,10.235112
014039,46.155575,9.478961
014040,46.261644,10.258609
014041,46.173547,9.541932
014043,46.309454,9.376298
014044,46.210312,9.916626
014045,46.137132,9.594851
014046,46.237327,9.501964
014047,46.080273,9.526903
014048,46.131395,9.426382
014049,46.099483,9.916351
014050,46.403650,9.443440
014051,46.174659,9.926627
014052,46.147115,9.980133
014053,46.182202,9.776993
014054,46.279809,9.421914
014055,46.093381,9.529835
014056,46.113488,9.486019
014057,46.247784,9.384335
014058,46.353996,9.351892
014059,46.225379,10.210603
014060,46.349914,10.371772
014061,46.184253,9.865551
014062,46.217942,9.880054
014063,46.123184,9.632844
014064,46.094494,9.686575
014065,46.129553,10.092274
014066,46.216998,10.174986
014067,46.231908,9.811699
014068,46.231526,10.266908
014069,46.154512,9.528985
014070,46.196892,9.953304
014071,46.482632,10.259608
014072,46.420039,10.341393
014073,46.409558,10.518673
014074,46.245983,9.643158
014075,46.197429,9.465666
014076,46.264507,10.201992
014077,46.318275,9.497003
014078,46.190374,10.140909
015002,45.369082,8.907288
015005,45.421023,8.948275
015007,45.543263,8.841450
015009,45.551386,9.075030
015010,45.507356,8.951227
015011,45.405611,9.136540
015012,45.474472,8.996663
015014,45.581617,9.464467
015015,45.347707,9.162466
015016,45.534446,9.447697
015019,45.480923,8.817762
015022,45.308837,8.964234
015024,45.328336,9.106915
015026,45.455851,8.823902
015027,45.551854,9.115945
015032,45.537953,9.196904
015035,45.330060,8.999349
015036,45.413371,9.107949
015038,45.545682,8.813949
015040,45.534172,9.374029
015041,45.545833,8.879913
015042,45.328285,9.027331
015044,45.571547,9.418794
015046,45.569407,8.926238
015050,45.347936,9.269566
015051,45.553448,9.339981
015055,45.316911,9.105038
015058,45.525278,8.906104
015059,45.526931,9.515792
015060,45.512750,9.369221
015061,45.424113,8.908966
015062,45.552757,8.758928
015070,45.521899,9.333550
015071,45.334238,9.327708
015072,45.593356,8.957037
015074,45.439562,9.088908
015076,45.598849,9.078769
015077,45.559669,9.218256
015078,45.439938,8.986704
015081,45.533092,9.271337
015082,45.378814,9.341013
015085,45.458166,8.936687
015086,45.544917,9.168684
015087,45.492922,9.024502
015093,45.433684,9.097236
015096,45.499904,8.796868
015097,45.445908,9.030564
015098,45.552270,9.181103
015099,45.563046,8.858054
015101,45.373945,9.362546
015103,45.404181,9.020954
015105,45.569671,9.076369
015106,45.556849,9.430833
015108,45.529980,9.408977
015110,45.593717,9.491140
015112,45.382185,8.995071
015113,45.519197,8.851131
015114,45.542673,9.474659
015115,45.324135,9.157999
015116,45.567735,9.016148
015118,45.592378,8.903283
015122,45.477836,9.409021
015125,45.365759,9.226640
015130,45.457422,8.864183
015131,45.577439,8.803904
015134,45.486882,8.871462
015136,45.563606,9.461210
015139,45.410641,9.344300
015140,45.355308,9.323390
015142,45.501719,9.424880
015144,45.494829,8.844396
015146,45.460797,9.159270
015150,45.345821,8.953982
015151,45.286906,8.990495
015154,45.554810,8.980806
015155,45.554938,8.720378
015157,45.532059,9.142830
015158,45.365273,9.070153
015159,45.383313,9.206615
015164,45.506524,8.897716
015165,45.361456,8.920226
015166,45.570641,9.166142
015167,45.441974,9.356741
015168,45.552920,8.949404
015169,45.416176,9.398887
015170,45.513065,9.074530
015171,45.436677,9.306497
015172,45.550630,9.392695
015173,45.351590,9.199179
015175,45.491853,9.323400
015176,45.536369,8.989992
015177,45.572431,9.500218
015178,45.515179,9.460939
015179,45.518895,9.005576
015181,45.623891,8.952363
015182,45.526087,9.050416
015183,45.511318,8.755318
015184,45.428689,8.878257
015185,45.468294,9.349789
015188,45.350734,9.023727
015189,45.380285,9.162400
015191,45.181716,9.488828
015192,45.414572,9.259277
015194,45.571111,8.912363
015195,45.376928,9.272831
015200,45.489021,8.914431
015201,45.583753,8.943599
015202,45.318952,9.370990
015204,45.490372,8.973708
015205,45.487564,9.281381
015206,45.575829,9.122017
015209,45.534336,9.253683
015210,45.446458,9.385810
015211,45.481855,9.056319
015213,45.614999,9.081183
015219,45.584665,9.480795
015220,45.422626,9.051991
015221,45.607617,9.502715
015222,45.402339,9.372965
015224,45.477553,9.470511
015226,45.527783,8.729024
015229,45.520426,8.985269
015230,45.572154,9.520436
015236,45.318172,9.047250
015237,45.497777,9.379083
015242,45.516085,9.284290
015243,45.471890,8.958114
015244,45.363311,9.347233
015247,45.368019,9.096601
015248,45.568034,8.883299
015249,45.581867,8.779343
015250,45.530234,9.113835
015251,45.396345,8.985083
016001,45.719355,9.956238
016002,45.732600,9.973651
016003,45.691253,9.779067
016004,45.763580,9.814048
016005,45.741772,9.612980
016006,45.749889,9.564446
016007,45.756237,9.589400
016008,45.748875,9.718209
016009,45.723113,9.533400
016010,45.486982,9.792313
016011,45.576436,9.618090
016012,45.950335,9.881372
016013,45.471547,9.566936
016014,46.021186,9.633610
016015,45.788067,9.784215
016016,45.660392,9.679319
016017,45.964743,10.122554
016018,45.653167,9.775104
016019,45.461366,9.771223
016020,45.513922,9.706559
016021,45.728847,9.568999
016022,45.792554,9.545343
016023,45.808366,9.568311
016024,45.696383,9.663945
016025,45.712324,9.915050
016026,45.772721,9.903337
016027,45.835247,9.564152
016028,45.631677,9.812885
016029,45.601461,9.581570
016030,45.683489,9.560405
016031,45.663950,9.560936
016032,45.724918,9.878147
016033,45.838857,10.047612
016034,45.642468,9.517068
016035,45.814923,9.703410
016036,46.001663,9.780390
016037,45.604555,9.550221
016038,45.719155,9.578686
016040,45.545360,9.657010
016041,45.859574,9.499792
016042,45.673432,9.765829
016043,45.621418,9.786135
016044,45.509243,9.843801
016046,45.689036,9.480066
016047,45.488614,9.606929
016048,45.917184,9.635514
016049,45.586610,9.550429
016050,45.788483,9.580279
016051,45.610947,9.533037
016052,45.759256,9.498910
016053,45.490149,9.652246
016055,45.662143,9.842788
016056,46.023684,9.826573
016057,45.704026,9.490865
016058,45.743042,9.911375
016059,45.504304,9.548069
016060,45.827356,9.869711
016061,45.956627,9.600994
016062,45.635972,9.903810
016063,45.554135,9.620902
016064,45.916133,10.058500
016065,45.800447,10.062126
016066,45.626996,9.764178
016067,45.809544,9.879883
016068,45.716927,9.824103
016069,45.699829,9.815029
016070,45.781078,9.839629
016071,45.852275,9.988640
016072,45.659489,9.528687
016073,45.647534,9.853597
016074,45.748384,9.468534
016075,45.588392,9.601734
016076,45.544504,9.828287
016077,45.878450,9.936286
016078,45.958912,10.089184
016079,45.572875,9.716849
016080,45.831967,9.846046
016081,45.612165,9.658803
016082,45.835763,9.551569
016083,45.536873,9.808514
016084,45.651659,9.797552
016085,45.804964,9.498293
016086,45.843642,10.085119
016087,45.504993,9.789567
016088,45.657084,9.920879
016089,45.688466,9.607589
016090,46.005016,9.605495
016091,45.645779,9.608161
016092,45.899158,9.702474
016093,45.781473,9.976267
016094,45.703572,9.875349
016096,45.547505,9.543544
016097,45.488624,9.737194
016098,45.636146,9.550976
016099,45.910433,9.995427
016100,45.807535,9.834345
016101,45.451319,9.807533
016102,45.755408,9.994190
016103,46.049048,9.754582
016104,45.690851,9.916022
016105,45.490707,9.696556
016106,45.858147,9.530281
016107,46.001512,9.937151
016108,45.824310,9.928812
016109,45.658127,9.893426
016110,45.756924,9.884578
016111,45.810443,9.803441
016113,45.593666,9.757081
016114,45.669979,9.832290
016115,45.699485,9.717838
016116,45.878466,9.840926
016117,45.648791,9.722072
016118,45.977438,9.972729
016119,45.733958,9.940854
016120,45.642613,9.874445
016121,45.977852,9.740951
016122,45.474819,9.746064
016123,45.662761,9.627902
016124,45.790091,9.879266
016125,45.934806,9.684155
016126,45.629409,9.627652
016127,45.843493,9.536487
016128,45.820232,10.073268
016129,45.569478,9.642413
016130,45.722635,9.867011
016131,45.647254,9.545045
016132,45.711463,9.540924
016133,45.555477,9.773524
016134,46.026358,9.657578
016135,45.466522,9.631673
016136,45.965668,9.703847
016137,45.762820,9.942498
016139,45.670506,9.802093
016140,45.538306,9.711529
016141,45.588726,9.806787
016142,45.476168,9.694618
016143,45.699575,9.607307
016144,45.752988,9.756390
016145,45.970490,9.650915
016146,45.909736,9.769373
016147,45.941714,9.987424
016148,45.875103,9.811855
016149,45.892555,10.024523
016150,45.668490,9.693467
016151,45.991980,9.573065
016152,45.630408,9.584257
016153,45.614710,9.580129
016154,45.536550,9.672290
016155,45.728855,9.608152
016156,45.749460,9.534821
016157,45.582667,9.831214
016158,45.899919,9.887013
016159,45.738243,10.039177
016160,45.698079,9.731451
016161,45.797389,9.920018
016162,45.804490,10.042939
016163,45.893047,9.924125
016164,45.951168,9.663467
016165,46.009023,9.691411
016166,45.973027,9.669328
016167,45.583210,9.640810
016168,45.864956,9.893594
016169,45.736309,9.666274
016170,45.701953,9.581674
016171,45.731663,9.497445
016172,45.566752,9.563777
016173,45.738334,9.789241
016174,45.687143,10.008555
016175,45.898231,9.848314
016176,45.692870,9.570435
016177,45.472285,9.874915
016178,45.726843,9.711153
016179,45.790790,9.941942
016180,45.762803,10.035188
016182,45.867612,10.114306
016183,45.526329,9.749685
016184,45.956364,9.766748
016185,45.776610,9.551618
016186,45.833482,9.512810
016187,45.900610,9.991305
016188,45.887881,9.642754
016189,45.692529,9.802509
016190,45.836713,9.666084
016191,46.003637,9.617089
016193,45.673472,9.966965
016194,45.715006,9.766218
016195,46.030279,10.189973
016196,45.776003,9.629580
016197,45.786814,9.747212
016198,45.671383,9.733560
016199,45.893106,9.734359
016200,45.787206,10.023870
016201,45.874263,10.037480
016202,45.755431,9.656614
016203,45.707873,9.508885
016204,45.823269,10.011441
016205,45.765446,9.922657
016206,45.578025,9.669770
016207,45.644212,9.651467
016208,45.769353,9.579827
016209,45.655189,9.503408
016210,45.900042,9.582332
016211,45.700031,10.052883
016212,45.621709,9.854313
016213,45.688052,9.532061
016214,45.724569,9.701763
016215,45.782135,9.482471
016216,45.700160,9.784606
016217,45.444353,9.861550
016218,45.700440,9.847231
016219,45.530444,9.588065
016220,45.674508,9.615425
016221,45.787081,9.612804
016222,45.604804,9.715801
016223,46.042115,10.003923
016224,45.720295,9.600408
016225,45.989471,9.870304
016226,46.042103,9.718515
016227,45.958142,9.688322
016229,45.977648,9.541744
016230,45.910550,9.538983
016232,45.603920,9.613121
016233,45.603611,9.635100
016234,45.830696,9.808548
016235,45.689553,9.980205
016236,45.732108,9.887477
016237,45.724151,10.007127
016238,45.715301,9.463542
016239,45.754416,9.622156
016240,45.725990,9.742165
016241,45.906693,9.932891
016242,45.675340,9.925872
016243,45.998753,10.055333
016244,45.686066,9.876019
016245,45.635826,9.702935
016246,45.798949,9.678992
016247,45.828155,9.754898
016248,45.817357,9.734006
016249,45.852604,9.760318
016250,45.670845,9.493889
016251,45.676937,9.485619
016252,45.818427,9.522801
016253,45.820159,9.601138
017001,45.304619,10.407269
017002,45.617681,9.963525
017003,45.638034,10.343421
017004,45.263487,10.144650
017005,45.780044,10.470023
017006,45.912065,10.142274
017007,45.834037,10.216659
017008,45.463201,10.113633
017009,45.422227,10.199301
017010,45.849188,10.456673
017011,45.408422,10.048929
017012,45.683735,10.400174
017013,45.322296,10.129130
017014,45.502992,10.420012
017015,45.503227,10.036649
017016,46.109520,10.348250
017017,45.901633,10.298483
017018,45.908489,10.360558
017019,45.671557,10.339842
017020,45.345940,9.988769
017021,45.479156,10.239085
017022,45.950644,10.173623
017023,45.551187,10.311413
017024,45.816939,10.282915
017025,45.601720,10.246874
017026,45.451585,10.051019
017027,45.968672,10.389286
017028,45.942500,10.399274
017029,45.531728,10.219021
017030,45.640732,10.151477
017031,45.617097,10.333421
017032,45.449894,10.417074
017033,45.526705,10.465459
017034,45.345850,10.358325
017035,46.044846,10.313276
017036,45.744377,10.537065
017037,45.454520,10.134240
017038,45.639075,9.928827
017039,45.343697,10.440532
017040,45.554462,10.116840
017041,45.499278,9.947593
017042,45.503538,10.143356
017043,45.473963,10.296624
017044,45.688971,10.295492
017045,45.505298,9.983096
017046,45.573925,10.033068
017047,46.058675,10.383974
017048,45.576037,10.175954
017049,46.014669,10.279889
017050,45.995656,10.413004
017051,46.074657,10.425279
017052,45.527252,9.914561
017053,45.317524,10.187750
017054,46.031127,10.404062
017055,45.941030,10.268621
017056,45.558594,9.967851
017057,45.587536,10.210097
017058,45.826222,10.355770
017059,45.574707,9.932099
017060,45.465961,9.959149
017061,45.611998,10.218068
017062,45.631722,10.007766
017063,46.138828,10.223117
017064,45.440083,10.016810
017065,45.889352,10.190325
017066,45.413988,10.103118
017067,45.440027,10.565666
017068,46.180742,10.388767
017069,45.598646,9.969265
017070,45.874648,10.266058
017071,45.230533,10.325554
017072,45.477994,10.177907
017073,45.253867,10.314193
017074,45.644189,10.560877
017075,45.705406,10.181437
017076,45.702245,10.603557
017077,45.590028,10.441993
017078,45.397165,10.273020
017079,45.855819,10.235223
017080,45.305069,10.270271
017081,45.597518,10.156196
017082,45.760047,10.502252
017083,46.236275,10.362450
017084,45.774924,10.298427
017085,45.661819,10.038208
017086,45.306319,10.319053
017087,45.765877,10.428444
017088,45.365772,10.211258
017089,45.825821,10.791519
017090,45.712461,10.264982
017091,45.488692,10.067004
017092,45.440054,10.507133
017093,45.438249,10.059776
017094,45.983898,10.315547
017095,45.995930,10.247936
017096,45.653149,10.272767
017097,45.482904,10.042487
017098,45.780290,10.631852
017099,45.460389,10.081316
017100,45.958801,10.270923
017101,46.118370,10.312906
017102,45.549883,10.549049
017103,45.353250,10.149093
017104,45.719490,10.210681
017105,45.755619,10.294445
017106,45.747407,10.106557
017107,45.500650,10.359311
017108,45.273989,10.192242
017109,45.528154,10.544481
017110,46.237962,10.322949
017111,45.709152,10.075147
017112,45.628686,10.095563
017113,45.411620,10.386441
017114,45.445038,10.229786
017115,45.717647,10.338911
017116,45.559749,10.473250
017117,45.588081,10.291577
017118,45.953856,10.367777
017119,45.548375,10.378332
017120,45.531595,10.367687
017121,45.639181,10.388362
017122,45.381630,10.108051
017123,45.624123,10.121965
017124,46.039948,10.288356
017125,45.400856,9.944120
017126,45.420624,9.961893
017127,45.553006,10.076904
017128,45.969452,10.223435
017129,45.509071,10.511720
017130,45.584225,10.089288
017131,46.068682,10.231447
017132,45.569734,10.396788
017133,45.591195,9.885999
017134,45.659996,9.963118
017135,46.042367,10.388870
017136,45.599747,10.057137
017137,45.304809,10.214457
017138,45.372564,10.032717
017139,45.744589,10.343726
017140,45.758248,10.373660
017141,45.784433,10.221727
017142,45.823389,10.170703
017143,45.799407,10.144042
017144,45.662897,10.138077
017145,45.544766,10.499708
017146,45.421544,9.993884
017147,45.461667,10.185582
017148,46.267428,10.523305
017149,45.272686,10.105838
017150,45.564993,9.856101
017151,45.409870,10.624306
017152,45.266644,10.234375
017153,45.666092,10.383724
017155,45.545283,10.422219
017156,45.629936,10.051241
017157,45.688062,10.445004
017158,45.574210,10.505689
017159,45.316473,10.006953
017160,45.273027,10.371665
017161,45.503273,10.310970
017162,45.450889,9.914240
017163,45.590703,10.110976
017164,45.618513,10.497583
017165,45.538780,10.151109
017166,45.547675,10.005401
017167,45.487774,9.893398
017168,45.636389,10.435304
017169,45.711878,10.137875
017170,45.607535,10.525724
017171,45.587908,10.552826
017172,45.301011,10.154210
017173,45.487455,10.215155
017174,45.666964,10.199576
017175,46.125625,10.489801
017176,46.061905,10.335015
017177,45.242910,10.190028
017178,45.575263,10.356794
017179,45.461151,10.618387
017180,45.528246,10.499224
017181,46.143679,10.408859
017182,45.681304,10.112719
017183,45.753257,10.209846
017184,46.256317,10.485129
017185,45.759324,10.693947
017186,45.502840,10.110321
017187,45.673628,10.587841
017188,45.520523,10.077248
017189,45.809918,10.715466
017190,45.483533,9.998356
017191,45.710593,10.470576
017192,45.513359,9.877024
017193,45.614154,10.390491
017194,45.766989,10.592228
017195,45.340285,10.077955
017196,45.314589,10.048920
017197,45.708385,10.399741
017198,46.256676,10.392854
017199,45.637759,10.197250
017200,45.347463,9.914927
017201,45.612254,10.464026
017202,46.259678,10.440841
017203,45.312345,10.365057
017204,45.681310,10.503036
017205,45.759717,10.122680
017206,45.933482,10.189233
018001,45.166387,8.891788
018002,45.113458,9.240590
018003,45.290203,8.714007
018004,45.187251,9.269551
018005,45.083241,9.374602
018006,45.120032,9.457131
018007,44.826143,9.138889
018008,45.078703,9.207831
018009,45.297207,9.326994
018011,45.100335,9.092927
018012,45.277394,9.062453
018013,45.145533,9.305685
018014,45.247122,9.012970
018015,45.240869,9.151439
018016,44.958360,9.137743
018017,44.941293,9.200384
018018,45.248527,8.943871
018019,45.266615,9.210657
018020,45.060031,9.363438
018021,44.714301,9.288713
018022,45.130765,8.623059
018023,45.085286,9.122419
018024,45.069079,9.250479
018025,44.985472,9.167340
018026,45.096054,9.249547
018027,45.172000,8.586108
018029,45.049396,9.282249
018030,45.185517,9.084088
018031,45.093623,9.212103
018032,45.052311,9.121518
018033,45.031319,8.923994
018034,45.304674,9.014450
018035,45.368276,8.801051
018036,45.028092,9.275047
018037,45.005011,9.136149
018038,45.077199,9.096652
018039,45.231838,8.684562
018040,45.256288,8.626094
018041,45.124591,9.122296
018042,44.841500,9.073044
018043,45.259498,9.248254
018044,45.255254,8.669214
018045,45.201863,8.769095
018046,45.252121,9.129793
018047,45.066523,9.011814
018048,45.143968,9.496092
018049,45.037815,9.242670
018050,45.302975,8.754552
018051,44.965940,9.065326
018052,45.339118,8.575680
018053,45.192617,9.335643
018054,45.074569,8.962956
018057,45.020796,9.152007
018058,45.140669,9.392197
018059,45.205400,8.619096
018060,45.209865,9.245423
018061,45.141533,8.952537
018062,45.100775,8.850789
018063,45.179261,9.318203
018064,44.909163,9.186160
018065,45.047065,8.692403
018066,45.093709,8.830405
018067,45.041118,8.767148
018068,45.262644,8.883148
018069,45.208485,8.942416
018071,45.198346,9.361996
018072,45.275816,9.158361
018073,44.892767,9.060680
018074,44.960471,9.303172
018075,45.337434,8.780952
018076,45.178443,9.008313
018077,45.192103,9.405787
018078,45.307602,9.276847
018079,45.217352,8.545298
018080,45.238055,9.246404
018081,45.151778,9.256773
018082,45.000193,9.258450
018083,45.128982,8.784369
018084,45.037627,9.077480
018085,45.216998,9.333188
018086,45.250764,9.089906
018087,45.253650,9.290122
018088,45.084111,8.738507
018089,44.802256,9.270896
018090,45.063623,8.883400
018091,45.103966,9.031510
018092,45.126030,9.205740
018093,45.179786,9.435845
018094,44.981490,9.216026
018095,44.995747,9.102751
018096,44.980775,9.276796
018097,45.030025,9.286916
018098,44.902871,9.129660
018099,45.110835,9.518888
018100,45.031969,9.327244
018101,45.003399,9.214053
018102,45.251867,8.755013
018103,45.285168,8.668071
018104,45.200479,8.718596
018105,44.998574,9.188546
018106,45.152299,8.833384
018107,45.292976,8.533267
018108,45.075613,9.049877
018109,45.284678,8.767485
018110,45.186494,9.171078
018111,45.016980,9.240242
018112,45.098576,8.965645
018113,45.057945,8.823457
018114,45.108952,9.459647
018115,45.086459,9.168230
018116,45.051136,9.057580
018117,44.847941,9.114936
018118,45.099893,9.325199
018119,45.115488,9.157800
018120,45.050701,9.204678
018121,44.948501,9.043047
018122,44.929967,9.023334
018123,45.296202,8.615347
018124,45.051595,9.148396
018125,44.958216,9.251674
018126,44.922504,9.097193
018127,45.298288,9.077850
018128,44.841474,9.324494
018129,45.226619,9.261096
018130,45.250341,8.554914
018131,45.009193,9.353648
018133,45.116377,9.282740
018134,45.031940,9.350440
018135,45.238378,9.193723
018136,45.170814,8.778471
018137,45.161460,9.130256
018138,45.089060,8.921390
018139,45.161839,9.421203
018140,45.031993,9.188906
018141,45.226646,9.230168
018142,44.741130,9.237160
018143,44.986117,9.310132
018144,45.242176,8.642870
018145,45.116345,9.376461
018146,45.105066,8.658818
018147,45.130183,8.898957
018148,45.143151,8.724638
018149,45.060737,8.938977
018150,45.312246,9.210788
018151,45.122840,9.083554
018152,45.112696,9.326728
018153,45.075446,9.305955
018154,45.024302,8.742244
018155,44.959672,9.096208
018156,45.070411,8.687337
018157,45.240310,9.315523
018158,45.149116,9.334703
018159,45.209104,9.076986
018160,45.273614,9.287665
018161,45.022656,9.171269
018162,45.154761,9.174738
018163,45.264085,9.046421
018164,45.204533,8.850972
018165,45.288050,9.045369
018166,44.871709,9.184173
018167,45.146752,8.865874
018168,45.160180,8.680870
018169,45.160556,9.228387
018171,44.824627,9.205371
018172,45.160674,8.734909
018173,45.271833,9.107315
018174,45.041665,9.111157
018175,45.109984,9.177623
018176,45.281546,9.235859
018177,45.305950,8.877806
018178,45.085712,8.784393
018179,45.160621,9.040597
018180,45.226642,9.360469
018181,45.207187,9.311505
018182,45.017844,9.020361
018183,44.947710,9.302733
018184,44.866658,9.283048
018185,45.257741,9.185973
018186,45.189654,8.691555
018187,45.056109,9.336472
018188,45.105054,9.407085
018189,45.217753,9.023105
018190,45.113255,9.024108
018191,45.049043,8.919719
018192,45.168015,9.359783
018193,44.906358,9.248850
019001,45.178196,9.891279
019002,45.439916,9.559548
019003,45.252532,9.883579
019004,45.315808,9.918151
019005,45.362739,9.608207
019006,45.111336,10.090259
019007,45.291751,9.978118
019009,45.132429,10.446417
019010,45.449814,9.745782
019011,45.399539,9.672832
019012,45.333164,9.644445
019013,45.244065,9.832098
019014,45.147209,10.232100
019015,45.432640,9.647861
019016,45.244337,9.960427
019017,45.441445,9.718546
019018,45.309649,9.620937
019019,45.412619,9.791467
019020,45.408032,9.640832
019021,44.990195,10.473868
019022,45.289761,9.904462
019023,45.066980,10.402675
019024,45.470472,9.715850
019025,45.296470,9.765263
019026,45.199068,9.980791
019027,45.301399,9.950590
019028,45.087814,10.221238
019029,45.339470,9.613791
019030,45.163289,10.201167
019031,45.083837,10.269766
019032,45.267977,10.002691
019033,45.232264,10.106675
019034,45.296714,9.650507
019035,45.362111,9.683852
019036,45.136204,10.037472
019037,45.390943,9.645438
019038,45.155289,9.861439
019039,45.355569,9.838206
019040,45.112008,10.243714
019041,45.368639,9.531882
019043,45.332668,9.774908
019044,45.230014,9.751412
019045,45.217928,10.203260
019046,45.165294,10.120086
019047,45.338512,9.878977
019048,45.091539,10.035567
019049,45.250592,9.728993
019050,45.203135,10.140577
019051,45.208180,9.862672
019052,45.003156,10.335110
019053,45.169717,10.314724
019054,45.348837,9.757522
019055,45.334853,9.720778
019056,45.129256,10.112781
019057,45.005107,10.376073
019058,45.374807,9.571605
019059,45.271425,9.694443
019060,45.294448,9.677006
019061,45.051799,10.241662
019062,45.387195,9.751481
019063,45.239267,10.030739
019064,45.222540,10.256691
019065,45.233655,9.927805
019066,45.408278,9.584120
019067,45.409646,9.539490
019068,45.183557,10.083311
019069,45.196581,10.200896
019070,45.186832,10.269088
019072,45.405757,9.697732
019073,45.427319,9.608437
019074,45.079389,10.132366
019075,45.126473,10.196658
019076,45.183367,9.798806
019077,45.209835,10.052744
019078,45.421821,9.622349
019079,45.409781,9.733540
019080,45.289539,9.723500
019081,45.330758,9.688310
019082,45.306698,9.710504
019083,45.034521,10.461628
019084,45.454254,9.505580
019085,45.257106,10.065953
019086,45.387403,9.789577
019087,45.357964,9.793921
019088,45.238094,9.807153
019089,45.054527,10.178689
019090,45.073631,10.376485
019091,45.082676,10.310674
019092,45.043856,10.303961
019093,45.225835,10.153240
019094,45.433055,9.694152
019095,45.176453,9.933588
019096,45.075988,10.353374
019097,45.409247,9.847098
019098,45.289968,9.855653
019099,45.109314,10.155652
019100,45.130320,9.924613
019101,45.066598,10.517555
019102,45.391836,9.493541
019103,45.068304,10.077403
019104,45.383545,9.821925
019105,45.424935,9.595827
019106,45.105460,10.442009
019107,45.125912,10.292208
019108,45.016761,10.287332
019109,45.398328,9.617213
019110,45.332357,9.814547
019111,45.371433,9.592727
019112,45.457726,9.594152
019113,45.165143,10.168846
019114,45.198829,10.300342
019115,45.112990,10.332556
019116,45.133709,10.368531
020001,45.155976,10.461887
020002,45.214158,10.427737
020003,45.080190,10.893868
020007,45.099001,10.483731
020008,45.161884,10.392485
020010,45.275363,10.410465
020011,45.256487,10.480371
020012,45.198100,10.347224
020013,45.215504,10.893744
020014,45.170356,10.972597
020015,45.300896,10.469355
020016,45.155713,10.625929
020017,45.380705,10.494936
020018,45.336088,10.609778
020019,45.248557,10.559228
020020,45.037768,10.572911
020021,45.096159,10.710896
020022,44.962434,10.637006
020024,45.195437,10.569430
020025,45.071012,10.567114
020026,45.255184,10.650066
020027,44.953164,10.826222
020028,45.306448,10.573598
020029,44.999232,11.185492
020030,45.144003,10.832676
020031,45.093872,10.605841
020032,45.175787,10.488217
020033,45.267582,10.732542
020034,45.321947,10.522015
020035,44.956047,10.929459
020036,45.388332,10.674397
020037,45.032566,10.759030
020038,45.084367,11.154533
020039,45.006425,10.855452
020041,45.215953,10.527376
020042,44.962750,11.165384
020043,44.946103,10.598380
020044,45.406278,10.694095
020045,45.194464,10.769907
020046,45.034596,11.041679
020047,45.003113,10.989915
020048,45.176032,10.518330
020050,45.070842,10.455105
020051,45.197797,10.631140
020052,45.126007,10.936655
020053,45.248172,10.830880
020054,45.009561,10.529096
020055,45.029148,10.927146
020056,44.968963,11.018751
020057,45.186488,10.881963
020058,44.977401,11.061702
020059,45.093848,10.532186
020060,45.002524,11.062798
020061,44.977903,11.294696
020062,45.069235,11.087668
020063,45.370571,10.562726
020064,45.082280,11.029256
020065,45.004572,10.729757
020066,44.997871,10.600663
020068,45.134220,11.022942
020070,45.314323,10.673110
020071,45.082999,10.777584
020072,45.033965,11.116401
020073,45.027506,11.228873
021001,46.357517,11.389340
021002,46.518380,11.233489
021003,46.280778,11.367528
021004,46.469511,11.250475
021005,46.660220,11.259026
021006,46.577858,11.920003
021007,46.603313,11.502237
021008,46.490150,11.367479
021009,46.689158,12.107591
021010,46.970219,11.411133
021011,46.701384,11.689363
021012,46.396778,11.316615
021013,46.788661,11.950995
021014,46.701034,11.169637
021015,46.379718,11.242358
021016,46.853450,11.508421
021017,46.927447,12.034312
021018,46.631568,10.926264
021019,46.551615,11.602678
021020,46.634697,11.135894
021021,46.813918,11.825910
021022,46.662275,11.558280
021023,46.477741,11.450611
021024,46.301774,11.192933
021025,46.266675,11.221224
021026,46.550561,11.853986
021027,46.802763,10.592243
021028,46.697922,12.242458
021029,46.286893,11.262717
021030,46.828497,11.878470
021031,46.505225,11.531898
021032,46.800956,11.566560
021033,46.638726,11.705847
021034,46.862337,11.989512
021035,46.577217,11.200644
021036,46.655296,10.544323
021037,46.607530,10.861397
021038,46.677518,11.098803
021039,46.612465,11.587902
021040,46.434149,11.344274
021041,46.603687,11.138691
021042,46.602385,10.675016
021043,46.474237,11.047305
021044,46.739858,11.758082
021045,46.273538,11.210206
021046,46.730380,10.584123
021047,46.661115,11.977052
021048,46.653607,11.134181
021049,46.519338,10.710507
021050,46.599742,11.271843
021051,46.663383,11.179628
021052,46.788131,12.131502
021053,46.324193,11.337282
021054,46.836257,11.130717
021055,46.534880,11.191727
021056,46.647403,10.996072
021057,46.764110,11.669521
021058,46.420264,11.551089
021059,46.406523,11.452481
021060,46.372810,11.305731
021061,46.593781,11.689600
021062,46.693272,11.049333
021063,46.838369,12.037289
021064,46.643208,11.051952
021065,46.589681,11.535633
021066,46.603634,11.195188
021067,46.607533,10.568422
021068,47.042883,12.145021
021069,46.481381,11.022360
021070,46.889799,11.323320
021071,46.839460,12.108716
021072,46.549095,11.435422
021073,46.747975,11.160366
021074,46.846003,11.631608
021075,46.781364,11.720305
021076,46.260388,11.241121
021077,46.701610,12.294935
021079,46.552965,11.326302
021080,46.792392,11.248109
021081,46.768398,11.856142
021082,46.651210,11.833910
021083,46.773224,11.199455
021084,46.575770,11.057305
021085,46.575350,11.739250
021086,46.706450,11.407107
021087,46.706286,11.224575
021088,46.920537,11.828318
021089,46.560743,11.795385
021091,46.727958,10.875632
021092,46.666927,12.370782
021093,46.647584,10.753184
021094,46.659987,10.613586
021095,46.542671,10.546289
021096,46.849971,11.777208
021097,46.533547,11.250307
021098,46.347443,11.244146
021099,46.551758,11.145262
021100,46.473836,11.578234
021101,46.705994,11.138727
021102,46.312967,11.357907
021103,46.651536,10.446863
021104,46.510661,10.917477
021105,46.402514,11.301755
021106,46.747626,12.022170
021107,46.935445,11.542762
021108,46.991064,11.952921
021109,46.830818,12.210038
021110,46.878685,11.704082
021111,46.751545,11.578168
021112,46.625702,11.250981
021113,46.742266,12.162325
021114,46.644179,11.499030
021115,46.906260,11.420407
021116,46.677808,11.585245
021117,46.646875,11.946282
021118,46.506889,11.123702
022001,45.734604,11.041428
022002,46.142191,11.189226
022003,45.972481,11.092483
022005,46.154028,10.973957
022006,45.927934,10.898618
022007,45.732862,10.923269
022009,46.144320,11.290905
022011,46.165778,11.320939
022013,45.961759,11.135121
022015,46.099780,11.563586
022017,46.009751,10.801490
022018,46.123188,10.769721
022021,45.806348,10.571102
022022,46.017424,11.424397
022025,45.815088,10.948400
022026,46.426239,10.926847
022029,46.146622,10.740042
022032,45.994870,11.241684
022033,46.373889,10.960869
022034,45.977440,11.275611
022035,45.933991,11.107000
022036,46.488683,11.708209
022037,46.245430,11.007140
022038,46.190602,11.713295
022039,46.473668,11.807767
022040,46.275725,11.336910
022042,46.202375,10.728706
022043,46.076245,11.495580
022045,45.921571,10.579203
022047,46.226668,11.422935
022048,46.108286,11.653775
022049,46.036441,11.502905
022050,46.248988,11.482579
022051,46.405514,11.176275
022052,46.186461,11.015385
022053,45.990532,10.994072
022054,46.364284,10.962039
022058,45.974359,11.058358
022059,46.104527,11.647569
022060,46.401635,10.990295
022061,46.104147,11.178948
022062,46.340250,10.978964
022064,46.316213,10.840237
022068,46.331680,10.915761
022071,46.400052,11.093440
022074,46.274936,11.025798
022078,45.953900,10.958592
022079,45.997824,10.924168
022081,46.175703,11.060005
022083,45.984914,10.817614
022085,46.106931,11.342636
022087,45.909078,11.207684
022089,46.129311,11.204994
022090,46.080956,11.317410
022091,46.008694,11.072651
022092,46.189581,11.163047
022093,46.177634,10.738305
022095,45.998323,11.641031
022097,46.149128,11.787510
022098,45.889842,11.003362
022102,45.939690,11.286624
022103,46.157711,11.108283
022104,45.994456,11.323012
022106,46.420280,11.003868
022108,46.167245,11.278389
022109,45.933448,11.332642
022110,46.358782,10.896967
022112,46.143621,10.698903
022113,46.468185,11.694468
022114,46.317058,10.799626
022115,46.166204,11.813917
022116,46.230923,11.140757
022117,46.203758,11.086825
022118,46.360349,11.723956
022120,46.147432,10.949545
022123,45.861572,10.960097
022124,45.848937,10.887340
022127,45.905853,11.024304
022128,45.938629,11.090060
022129,46.033603,11.364111
022130,46.031076,11.569257
022131,46.274709,10.724461
022133,46.131615,11.363253
022134,46.281650,11.549142
022135,45.897304,10.953677
022136,46.365922,10.644626
022137,46.320836,10.711135
022138,46.098367,10.658652
022139,46.052044,11.243413
022142,46.151522,11.583804
022143,46.217199,10.797599
022144,45.946688,11.062011
022147,46.320488,11.640822
022150,46.404759,10.799992
022153,45.892043,10.823246
022155,46.388010,11.109728
022156,46.057801,11.380701
022157,46.085314,11.413376
022159,46.445579,11.187842
022160,46.255251,11.167531
022161,45.874894,11.043491
022162,46.425461,11.198825
022163,46.454416,10.992812
022164,46.195212,11.935980
022165,46.090327,11.525414
022167,46.207362,11.153517
022168,46.114137,11.298138
022169,46.380906,11.079373
022170,46.434251,11.172224
022171,46.118402,11.524760
022172,46.193982,11.282025
022173,46.344084,11.147373
022176,46.392031,11.744318
022177,46.222047,11.328547
022179,46.151619,10.640038
022180,46.207428,11.012093
022181,46.225597,11.007136
022182,46.098731,10.842424
022183,45.850546,10.549850
022184,46.159358,10.673616
022188,46.131119,11.461052
022189,46.105794,11.446344
022190,46.019725,11.262677
022191,45.937222,10.821181
022193,45.860449,11.157360
022195,46.361531,10.929255
022196,46.276490,11.520269
022199,46.025105,10.720963
022200,46.260889,11.096456
022202,46.092785,11.417238
022203,45.836375,11.123908
022205,46.046356,11.101605
022209,46.229640,11.376044
022210,45.800766,11.114325
022213,46.273943,10.633964
022216,46.050696,11.275790
022222,45.946024,11.026992
022224,45.914492,11.079102
022226,46.277873,11.576405
022228,46.055594,10.857054
022229,45.872826,10.716965
022230,46.335248,11.125465
022231,46.102783,10.911245
022232,46.017886,10.542582
022233,46.291182,10.874778
022234,45.939499,10.641187
022235,46.213516,11.264889
022236,45.987846,11.194039
022237,46.383502,11.168709
022238,45.905128,10.571945
022239,46.005031,10.738572
022240,46.069838,11.528810
022241,46.180399,11.207585
022242,46.297585,11.018783
022243,46.043695,10.971530
022244,46.077057,10.640851
022245,46.243865,11.830976
022246,46.012095,10.650913
022247,46.148626,10.821097
022248,46.096386,10.997558
022249,46.292201,10.981374
022250,46.426025,11.706095
022251,46.159950,11.063183
022252,46.471684,11.141857
022253,46.426165,11.066532
022254,46.317601,11.433129
023001,45.554787,10.780765
023002,45.294358,11.277771
023003,45.226643,11.270532
023004,45.361654,11.294380
023005,45.577182,11.157573
023006,45.528002,10.743268
023007,45.363968,11.229489
023008,45.222938,11.390634
023009,45.240917,11.290347
023010,45.209879,11.363522
023011,45.651305,11.053464
023012,45.267986,11.111240
023013,45.658249,10.869177
023014,45.684034,10.771196
023015,45.473045,10.844634
023016,45.344047,11.004836
023017,45.405431,11.175308
023018,45.620068,10.804629
023019,45.148719,11.190804
023020,45.095873,11.404757
023021,45.357823,10.948323
023022,45.440716,10.747622
023023,45.531346,10.784360
023024,45.478182,11.212987
023025,45.179456,11.209532
023026,45.574983,11.031663
023027,45.308492,11.404337
023028,45.424155,11.196216
023029,45.201842,11.139175
023030,45.592450,10.732262
023031,45.600900,10.859476
023032,45.236633,10.974802
023033,45.675629,10.999344
023034,45.680124,10.856329
023035,45.577801,10.895014
023036,45.580608,10.704847
023037,45.138140,11.096459
023038,45.553864,11.015740
023039,45.470913,11.176519
023040,45.281915,11.025063
023041,45.275676,11.193539
023042,45.441608,11.134687
023043,45.484153,10.734257
023044,45.154098,11.306401
023045,45.772046,10.847657
023046,45.549785,10.913771
023047,45.488267,11.125891
023048,45.245457,11.360054
023049,45.470403,11.278619
023050,45.435257,11.288106
023051,45.307323,10.845828
023052,45.539022,10.954107
023053,45.187738,11.071098
023054,45.288496,10.889737
023055,45.311806,11.098400
023056,45.326469,11.150065
023057,45.496480,10.796009
023058,45.485879,10.869145
023059,45.432923,10.671137
023060,45.332216,10.889113
023061,45.272289,11.388774
023062,45.571555,10.817572
023063,45.479609,11.303422
023064,45.329922,11.235138
023065,45.261644,11.246957
023066,45.272680,11.459789
023067,45.611487,11.082413
023068,45.217890,11.091374
023069,45.402424,11.287289
023070,45.527443,11.234693
023071,45.370949,11.041908
023072,45.173533,11.150126
023073,45.411634,11.094858
023074,45.556571,11.111775
023075,45.239908,11.199654
023076,45.507601,10.900442
023077,45.532745,10.840894
023078,45.635624,10.949064
023079,45.648408,10.757502
023080,45.645910,11.143119
023081,45.432459,11.236432
023082,45.393623,10.818271
023083,45.423722,10.808302
023084,45.189605,10.996561
023085,45.159774,11.390900
023086,45.617863,10.703175
023087,45.527391,11.161744
023088,45.266985,10.927948
023089,45.362364,10.739807
023090,45.613972,11.107186
023091,45.441930,11.010226
023092,45.318637,11.320627
023093,45.595124,11.212467
023094,45.326155,10.943677
023095,45.124570,11.361847
023096,45.357976,10.852489
023097,45.364884,11.123940
023098,45.350138,11.355668
024001,45.316237,11.579981
024002,45.357092,11.603683
024003,45.361297,11.428664
024004,45.504530,11.479001
024005,45.614848,11.249943
024006,45.479396,11.545976
024007,45.841141,11.310917
024008,45.528739,11.326362
024009,45.915240,11.517493
024010,45.313192,11.453826
024012,45.776151,11.715371
024013,45.599849,11.618043
024014,45.700477,11.583570
024015,45.462992,11.454585
024016,45.637682,11.638645
024017,45.591067,11.332536
024018,45.614106,11.509659
024019,45.792981,11.470094
024020,45.785006,11.506053
024021,45.531883,11.710546
024022,45.331830,11.538463
024024,45.746779,11.466280
024025,45.705345,11.706573
024026,45.750601,11.773684
024027,45.442835,11.592453
024028,45.582634,11.402012
024029,45.543021,11.285418
024030,45.759292,11.471931
024032,45.813338,11.418447
024034,45.613249,11.345407
024035,45.586396,11.487926
024036,45.538406,11.471852
024037,45.651865,11.182046
024038,45.628014,11.556662
024039,45.935678,11.661412
024040,45.737410,11.562261
024041,45.903536,11.634422
024042,45.912526,11.569434
024043,45.446561,11.331669
024044,45.582067,11.440554
024046,45.481369,11.713394
024047,45.515563,11.661997
024048,45.618995,11.451559
024049,45.842753,11.248079
024050,45.892031,11.272034
024051,45.469705,11.597988
024052,45.382339,11.386079
024053,45.771276,11.525473
024055,45.657895,11.423862
024056,45.692072,11.432163
024057,45.752360,11.647283
024060,45.467758,11.369570
024061,45.517992,11.411006
024062,45.661350,11.543611
024063,45.649405,11.363555
024064,45.461154,11.660940
024065,45.438309,11.650995
024066,45.558595,11.475528
024067,45.592310,11.579817
024068,45.491087,11.356479
024070,45.773105,11.807915
024071,45.428309,11.586141
024072,45.576275,11.286669
024073,45.720266,11.679628
024074,45.286450,11.555091
024075,45.347284,11.463628
024076,45.913738,11.320255
024077,45.739029,11.636948
024078,45.759424,11.422228
024079,45.283799,11.521849
024080,45.799004,11.254898
024081,45.828107,11.737015
024082,45.662966,11.676392
024083,45.573006,11.644797
024084,45.693104,11.211873
024085,45.879828,11.439756
024086,45.794489,11.764571
024087,45.718809,11.749177
024088,45.702490,11.808837
024089,45.899777,11.391574
024090,45.756524,11.569725
024091,45.655311,11.604596
024094,45.588640,11.258567
024095,45.744009,11.383460
024096,45.681233,11.375253
024097,45.700377,11.517202
024098,45.423691,11.423894
024099,45.682782,11.650104
024100,45.733025,11.352522
024101,45.841981,11.712842
024102,45.351411,11.511354
024103,45.540528,11.433493
024104,45.688225,11.720418
024105,45.685783,11.490451
024106,45.858741,11.327721
024107,45.720722,11.292881
024108,45.527091,11.625514
024110,45.565772,11.354934
024111,45.641040,11.283841
024112,45.872681,11.366750
024113,45.758503,11.228381
024115,45.783168,11.355606
024116,45.557291,11.558423
024117,45.391402,11.522222
024118,45.649674,11.497991
024119,45.723523,11.450120
024120,45.475743,11.370851
024121,45.443422,11.493547
024122,45.727855,11.501238
024123,45.394911,11.473823
024124,45.407105,11.565423
024125,45.897660,11.700158
024126,45.728686,11.605323
024127,45.814948,11.589346
025001,46.307963,12.044740
025002,45.911498,11.887769
025003,46.405229,12.029043
025004,45.974725,11.739415
025005,46.562268,12.348711
025006,46.126139,12.205649
025007,46.439436,12.184588
025008,46.470889,12.326549
025010,46.344131,11.962807
025011,46.106269,11.961705
025012,46.168525,12.439193
025013,46.378146,12.273829
025014,46.469584,12.019581
025015,46.630301,12.471664
025016,46.575164,12.117326
025017,46.564838,12.507201
025018,46.453767,12.426821
025019,46.361436,11.831940
025021,46.050671,11.905421
025022,46.006261,11.800373
025023,46.331116,11.885196
025025,46.206913,11.974626
025026,46.052710,11.705678
025027,46.283258,12.102206
025029,46.069765,12.206170
025030,46.495527,11.936735
025032,46.463595,12.491945
025033,46.503341,12.424511
025035,46.328342,12.310499
025036,46.051877,11.854450
025037,46.364843,12.368828
025039,46.423686,12.367348
025040,46.164480,12.294397
025043,46.241843,12.042116
025044,46.426808,11.931437
025045,46.125733,12.025678
025046,46.620183,12.551217
025047,46.623989,12.602908
025048,46.093742,12.030638
025049,46.386398,11.984068
025050,46.587807,12.623386
025051,46.474219,12.176573
025053,46.165523,12.121308
025054,46.451163,12.067873
025055,45.949247,11.835141
025056,46.168965,12.053901
025057,46.208353,12.325069
025058,46.078083,11.810548
025059,46.302666,11.962599
025060,46.107687,12.431567
025062,46.373186,11.932592
025063,46.405497,12.298721
025065,46.492723,12.553775
025066,46.416731,12.214799
025067,46.260046,11.983715
025069,46.386135,12.180288
025070,45.945319,11.915953
025071,46.260403,12.270460
025072,46.129906,12.364202
025073,46.345545,12.165506
025074,46.024704,12.098918
026001,45.749691,11.954030
026002,45.779129,12.223527
026003,45.791660,11.906560
026004,45.838867,11.780698
026005,45.712274,12.355821
026006,45.779679,12.002793
026007,45.985347,12.344254
026008,45.705569,12.307375
026009,45.610877,12.310694
026010,45.629818,12.275745
026011,45.830132,11.891133
026012,45.667641,11.923497
026013,45.696260,11.886695
026014,45.863859,11.905681
026015,45.715441,12.631354
026016,45.729106,12.569149
026017,45.781920,12.354340
026018,45.978693,12.166529
026019,45.865449,12.429357
026020,45.941362,12.348912
026021,45.903975,12.302507
026022,45.952974,12.422880
026023,45.833975,12.002537
026025,45.825147,12.046501
026026,45.901099,12.114478
026027,45.967931,12.127277
026028,45.825268,12.461805
026029,45.784818,11.873107
026030,46.023662,12.367908
026031,45.891698,12.495239
026032,45.795262,12.171832
026033,45.907194,12.427674
026034,45.786863,12.571457
026035,45.680280,12.085716
026036,45.714952,11.841294
026037,45.830925,12.528732
026038,45.837721,12.326350
026039,45.804060,11.954656
026040,45.745706,12.323270
026041,45.805694,12.621377
026042,45.943961,12.094283
026043,45.565015,12.246381
026044,45.659388,12.443461
026045,45.834179,11.932973
026046,45.777567,12.039650
026047,45.639827,12.101623
026048,45.865243,12.096362
026049,45.769993,12.627687
026050,45.818496,12.191705
026051,45.775188,12.491622
026052,45.767764,12.424131
026053,45.920237,12.448641
026055,45.700155,12.152436
026056,45.864671,11.972825
026057,45.897094,12.178790
026058,45.732153,12.470248
026059,45.721980,12.194008
026060,45.851832,12.528005
026061,45.871870,11.858012
026062,45.757704,12.199003
026063,45.603292,12.230062
026064,45.638497,12.160784
026065,45.912125,12.215187
026066,45.639528,11.973765
026067,46.005032,12.231438
026068,45.721848,11.912702
026069,45.624154,12.391509
026070,45.710022,12.510044
026071,45.685349,12.375590
026072,45.902820,12.370225
026073,45.903183,12.253411
026074,45.794915,12.386453
026075,45.826661,12.291058
026076,45.884587,12.350557
026077,45.779290,11.833257
026078,45.987738,12.389665
026079,45.937550,11.979479
026080,45.870744,12.152125
026081,45.643283,12.322425
026082,45.772913,12.274399
026083,45.861060,12.226094
026084,45.966056,12.227129
026085,45.737096,12.100688
026086,45.665078,12.232555
026087,45.912410,12.013410
026088,45.826811,12.386661
026089,45.693847,12.007986
026090,45.875939,12.047203
026091,45.728126,12.246275
026092,46.006835,12.300498
026093,45.773993,12.122684
026094,45.672882,12.486726
026095,45.608732,12.142394
026096,45.854676,11.828874
027001,45.763627,12.701135
027002,45.350355,12.145704
027003,45.338778,12.065051
027004,45.373943,12.087067
027005,45.638329,12.849725
027006,45.127649,12.118845
027007,45.679800,12.642380
027008,45.198370,12.240841
027009,45.819961,12.777416
027010,45.171003,12.072492
027011,45.724745,12.831506
027012,45.419831,12.081276
027013,45.595826,12.723166
027014,45.419814,12.038544
027015,45.650635,12.514519
027016,45.777895,12.907909
027017,45.374505,12.043568
027018,45.818314,12.829024
027019,45.528123,12.619790
027020,45.547596,12.316668
027021,45.532635,12.157181
027022,45.620885,12.456690
027023,45.428284,12.174463
027024,45.491282,12.094148
027025,45.595487,12.535209
027026,45.551989,12.072966
027027,45.667573,12.535489
027028,45.450308,12.036989
027029,45.750931,12.857769
027030,45.798924,12.728739
027031,45.559672,12.422253
027032,45.530382,12.102962
027033,45.634062,12.587354
027034,45.724852,13.011134
027035,45.509117,12.033399
027036,45.676295,12.762061
027037,45.569686,12.150345
027038,45.497392,12.152230
027039,45.414167,12.035443
027040,45.816514,12.893441
027041,45.652129,12.710246
027042,45.469236,12.332549
027043,45.389593,12.010091
027044,45.474775,12.500886
028001,45.354484,11.790024
028002,45.180438,11.961964
028003,45.356638,11.861536
028004,45.145858,11.890679
028005,45.264191,11.713233
028006,45.208890,11.943654
028007,45.261976,12.062015
028008,45.185856,11.910721
028009,45.250747,11.693522
028010,45.110851,11.669802
028011,45.297383,11.777364
028012,45.127403,11.811906
028013,45.533107,11.965741
028014,45.265314,11.955577
028015,45.294327,11.989626
028016,45.455194,11.921645
028017,45.509188,11.925797
028018,45.499703,11.750625
028019,45.577001,11.940993
028020,45.552484,11.828981
028021,45.222610,11.973401
028022,45.195861,11.624471
028023,45.633527,11.702158
028026,45.268705,11.871122
028027,45.194591,11.484857
028028,45.310734,11.920403
028029,45.134772,11.444802
028030,45.403326,11.695500
028031,45.289350,11.668505
028032,45.649555,11.763923
028033,45.258111,12.128898
028034,45.231762,11.880250
028035,45.220629,12.090306
028036,45.520503,11.837538
028037,45.217021,11.670477
028038,45.634094,11.750894
028039,45.669212,11.821438
028040,45.302708,11.735834
028041,45.563624,11.692312
028042,45.603135,11.734274
028043,45.151654,11.725797
028044,45.344461,11.964382
028045,45.480847,11.842077
028046,45.601633,11.935045
028047,45.295887,11.609847
028048,45.314644,11.862164
028049,45.123489,11.502376
028050,45.546338,12.008824
028052,45.182657,11.527860
028053,45.158112,11.451040
028054,45.455279,11.750667
028055,45.222823,11.761825
028056,45.239557,11.461805
028057,45.320965,11.782008
028058,45.414686,11.963670
028059,45.225668,11.596032
028060,45.404799,11.886746
028061,45.265836,11.800067
028062,45.145460,11.559435
028063,45.538966,11.795673
028064,45.618119,12.026905
028065,45.300132,12.045937
028066,45.317648,11.948085
028067,45.199841,11.585963
028068,45.246373,12.035084
028069,45.352446,11.926716
028070,45.179834,11.806471
028071,45.372264,11.651948
028072,45.427927,11.796558
028073,45.409848,11.755695
028075,45.531046,11.896596
028076,45.586456,11.814737
028077,45.646877,11.862617
028078,45.615877,11.668322
028079,45.240341,11.827659
028080,45.579417,11.899897
028082,45.339343,12.005677
028083,45.188998,11.701191
028084,45.129176,11.627883
028085,45.375438,11.985962
028086,45.408004,11.787218
028087,45.178911,11.753195
028088,45.150694,11.758624
028089,45.358610,11.712931
028090,45.248016,11.923433
028091,45.629746,11.822989
028092,45.341094,11.730041
028093,45.595159,12.041746
028094,45.199055,11.835503
028095,45.206571,11.433780
028096,45.429175,11.717688
028097,45.116475,11.728342
028098,45.163408,11.623208
028099,45.476620,11.874170
028100,45.443199,11.970421
028101,45.596859,11.850933
028102,45.173114,11.672297
028103,45.476652,11.794180
028104,45.500501,11.978075
028105,45.327777,11.646327
028106,45.298917,11.827646
028107,45.213186,11.547120
029001,45.049359,12.047761
029002,44.913993,12.235221
029003,45.015634,11.738907
029004,45.090313,11.498789
029005,45.004118,11.511297
029006,45.065236,11.258440
029007,45.011358,11.783979
029008,44.994555,11.368349
029009,44.940795,11.687919
029010,45.048671,11.518489
029011,45.015426,11.544999
029012,45.025824,11.324094
029013,45.051552,11.303723
029014,45.020974,11.385593
029015,45.052804,11.892411
029017,44.996299,12.093783
029018,45.051934,11.700963
029019,44.995077,11.885838
029021,44.958142,11.440018
029022,44.964993,11.605662
029023,44.977501,11.689226
029024,45.026765,11.631625
029025,44.948489,11.495464
029026,45.027724,11.959482
029027,45.069495,11.434158
029028,44.979507,11.803221
029029,45.076831,11.591668
029030,45.061397,12.177859
029031,45.095844,11.648263
029032,45.078396,11.200949
029033,44.919107,11.593119
029034,44.995363,12.045997
029035,45.119509,12.003570
029036,44.989525,11.616839
029037,44.965166,11.735142
029038,45.013405,11.810921
029039,44.936263,12.405178
029040,45.096783,12.302328
029041,45.076113,11.791228
029042,44.983315,11.421870
029043,45.025701,11.587359
029044,45.131435,11.924160
029045,44.956095,11.538306
029046,44.937257,12.269716
029047,45.023991,11.448474
029048,45.074935,11.904339
029049,45.021514,11.687827
029050,45.064893,11.648423
029051,45.005722,11.978011
029052,45.020210,12.313972
030001,45.869801,13.351777
030002,46.386779,13.094667
030003,46.409573,12.737132
030004,45.759386,13.349785
030005,46.478649,13.051978
030006,46.235416,13.145477
030007,46.194617,13.338770
030008,45.868390,13.303585
030009,46.021437,13.103003
030010,45.937349,13.068721
030011,45.926901,13.245685
030012,46.326364,13.098721
030013,46.217564,13.109813
030014,46.018288,13.338153
030015,45.922644,12.949806
030016,46.027322,13.166714
030018,45.792680,13.173940
030019,46.184258,13.181329
030020,45.883256,13.182351
030021,46.352566,13.029167
030022,46.541435,12.976363
030023,45.828228,13.331831
030024,45.931402,13.389626
030025,46.408674,13.353319
030026,46.083052,13.443845
030027,45.952241,12.986208
030028,46.157411,13.111500
030029,46.533022,12.884444
030030,45.997479,13.441874
030031,46.082127,13.012531
030032,46.091773,12.950686
030033,46.464254,13.335941
030034,46.169054,13.637122
030035,46.413151,12.870708
030036,46.151933,13.365496
030037,46.108070,13.083214
030039,46.058385,12.963025
030040,46.594178,12.800684
030041,46.421349,12.566107
030042,46.389837,12.652283
030043,46.290771,13.173015
030044,45.895252,13.247357
030045,46.163418,13.614535
030046,45.725137,13.035251
030047,46.445759,12.927703
030048,45.968913,13.109079
030049,45.672376,13.101519
030051,46.292653,13.277363
030052,46.216482,13.180233
030053,46.184936,13.067046
030054,46.504616,13.435464
030055,45.996501,13.382643
030056,45.735098,13.150221
030057,46.076249,13.151540
030058,46.048231,13.059006
030059,46.465914,13.203096
030060,46.091293,13.374600
030061,46.257959,13.192727
030062,45.952503,13.195910
030063,46.128359,13.141477
030064,45.811882,13.138895
030065,46.224899,13.292741
030066,46.244018,13.058912
030067,46.485429,12.853581
030068,46.128191,13.176800
030069,45.782824,13.085689
030070,45.908254,13.325443
030071,46.563210,12.987874
030072,46.058751,13.165585
030073,46.548164,13.120917
030074,45.978465,13.276872
030075,45.856978,13.115450
030076,46.508366,13.307586
030077,45.859395,13.209559
030078,46.136509,13.297685
030079,45.994818,13.208007
030080,46.037198,13.296113
030081,46.507624,12.730268
030082,45.760390,13.063650
030083,46.041602,13.380750
030084,46.359815,12.879053
030085,46.071480,13.521273
030086,46.196099,13.481259
030087,46.175013,12.982029
030088,46.539482,12.926649
030089,46.442699,12.856992
030090,46.152547,13.245216
030091,46.088094,13.328693
030092,46.354127,13.353086
030093,46.379641,13.225490
030094,46.558595,12.835316
030095,46.126505,13.030028
030097,45.818257,13.001798
030098,45.836934,13.385867
030099,46.162694,13.008244
030100,45.808814,13.223143
030101,45.959690,13.408622
030102,46.123536,13.540509
030103,46.136939,13.502596
030104,45.950586,13.278461
030105,45.902917,13.382060
030106,46.084249,13.058087
030107,46.468487,12.683193
030108,46.181379,13.552076
030109,46.013672,12.966258
030110,46.385697,12.794115
030111,46.131372,13.603092
030112,46.499555,12.969032
030113,46.255688,13.354408
030114,45.907187,13.113635
030116,46.221160,13.225345
030117,46.476416,13.585423
030118,46.109845,13.224254
030120,45.780291,13.315765
030121,46.433661,13.048551
030122,46.146611,13.414311
030123,45.810953,13.258314
030124,46.296180,13.031534
030126,46.193436,13.155575
030127,46.163007,13.204543
030128,45.941114,13.341326
030129,46.060461,13.250580
030130,45.879102,12.988096
030131,46.348911,13.169904
030132,46.364596,12.951537
030133,46.406402,12.943606
030135,45.895430,13.345276
030136,46.471737,12.991986
030137,46.233452,12.987281
030138,45.868303,13.404126
030188,45.862918,13.055976
030189,46.575081,12.695248
030190,45.778956,13.420071
030191,46.539912,13.062621
031001,45.949477,13.510659
031002,45.957555,13.471902
031003,45.842612,13.572396
031004,46.012140,13.486939
031005,45.906719,13.529881
031006,45.859936,13.491026
031007,45.944586,13.597156
031008,45.890255,13.480394
031009,45.717965,13.396961
031010,45.912346,13.467918
031011,45.918408,13.424377
031012,45.795153,13.543332
031013,45.926337,13.503089
031014,45.945743,13.541777
031015,45.892283,13.441363
031016,45.821310,13.505887
031017,45.878149,13.511137
031018,45.764850,13.472412
031019,45.968627,13.556088
031020,45.934494,13.526927
031021,45.847967,13.460032
031022,45.892475,13.582904
031023,45.772282,13.512717
031024,45.821796,13.444139
031025,45.863491,13.438030
032001,45.770984,13.654189
032002,45.717162,13.805481
032003,45.598686,13.778183
032004,45.611675,13.858150
032005,45.737239,13.748607
032006,45.648809,13.763279
033001,44.968820,9.497911
033002,44.891010,9.963827
033003,44.966891,9.976390
033004,44.782500,9.596115
033005,44.802273,9.411066
033006,45.006492,9.463061
033007,44.970655,9.848162
033008,45.099522,9.616310
033010,45.060041,9.852825
033011,44.895940,9.793641
033012,44.872209,9.860728
033013,45.065147,9.442809
033014,45.084327,9.994428
033015,44.664317,9.354387
033016,44.770030,9.455340
033017,44.701973,9.358342
033018,44.997825,9.914929
033019,44.706397,9.567153
033020,44.635488,9.493448
033021,44.942646,9.910584
033022,44.929667,9.549366
033023,44.992181,9.624093
033024,45.015574,9.563576
033025,44.819034,9.714550
033026,44.808695,9.768723
033027,45.090535,9.928148
033028,44.741701,9.730141
033030,44.626030,9.298641
033032,45.053226,9.735212
033033,44.931669,9.418503
033034,44.911983,9.457729
033035,44.964475,9.708496
033036,44.860855,9.660635
033037,44.991609,9.795162
033038,44.907815,9.603274
033039,45.064171,9.560239
033040,44.930109,9.739476
033041,45.033669,9.933210
033042,45.068407,9.497221
033043,44.854780,9.525854
033044,44.790456,9.846258
033045,44.889579,9.644777
033046,45.033191,10.022939
033047,44.673633,9.253876
033048,44.987793,9.370732
033049,44.904258,9.367827
034001,44.448237,9.707511
034002,44.614050,9.698826
034003,44.531943,9.588060
034004,44.539459,9.966487
034005,44.720544,9.826014
034006,44.500781,9.783328
034007,44.943007,10.048023
034008,44.590591,10.130838
034009,44.744196,10.194834
034010,44.938076,10.378571
034011,44.518683,9.671523
034012,44.475174,10.083785
034013,44.681718,10.241582
034014,44.874051,10.047552
034015,44.889048,10.172727
034016,44.856271,10.193964
034017,44.658063,10.102232
034018,44.624732,10.237208
034019,44.613601,10.297415
034020,44.743591,10.082628
034022,44.399519,10.116106
034023,44.707465,10.388630
034024,44.543778,10.303729
034025,44.792311,10.120947
034026,44.436785,10.208804
034027,44.792301,10.334951
034028,44.749046,9.897013
034030,44.988582,10.222294
034031,44.689441,10.189717
034032,44.815100,9.973325
034033,44.926946,10.208687
034035,44.646578,9.984308
034036,44.937986,10.144550
034038,44.624495,10.078694
034039,44.511245,10.208263
034040,44.450392,9.551367
034041,44.903268,10.347206
034042,44.638365,10.360200
034044,44.572878,9.880715
034045,44.693384,9.973233
034046,44.646271,9.845599
034049,44.956852,10.272259
034050,45.014148,10.110030
034051,44.889382,10.435756
035001,44.611572,10.610305
035002,44.784637,10.677396
035003,44.480637,10.627803
035004,44.676788,10.480501
035005,44.897457,10.563669
035006,44.880869,10.488694
035008,44.796826,10.624183
035009,44.853488,10.764219
035010,44.773940,10.524022
035011,44.445745,10.525455
035012,44.584838,10.746916
035013,44.530433,10.485266
035014,44.518903,10.695182
035015,44.835410,10.578878
035016,44.452249,10.417532
035017,44.699074,10.530560
035018,44.551035,10.414505
035020,44.765017,10.771676
035021,44.878608,10.810275
035022,44.795576,10.461393
035023,44.880723,10.613859
035024,44.903459,10.678655
035026,44.963837,10.710022
035027,44.710700,10.465022
035028,44.844987,10.719899
035029,44.849131,10.518557
035030,44.627163,10.527398
035032,44.910422,10.805173
035033,44.694520,10.611584
035034,44.824959,10.798109
035035,44.889290,10.867142
035036,44.667877,10.792320
035037,44.718382,10.783812
035038,44.617241,10.446046
035039,44.752883,10.474477
035040,44.599790,10.692471
035041,44.384642,10.537193
035042,44.477695,10.359011
035043,44.574228,10.523010
035044,44.547921,10.600498
035045,44.316868,10.443663
035046,44.352542,10.294966
036001,44.721926,11.003603
036002,44.755649,11.050131
036003,44.706077,10.843745
036004,44.796736,11.139274
036005,44.792592,10.910299
036006,44.593391,11.066881
036007,44.562921,10.933393
036008,44.501257,10.928044
036009,44.836459,10.996625
036010,44.918091,10.987661
036011,44.187321,10.788561
036012,44.844310,11.270020
036013,44.527672,10.827178
036014,44.164841,10.647545
036015,44.583481,10.838657
036016,44.261681,10.531658
036017,44.392240,10.957396
036018,44.297835,10.700676
036019,44.508428,10.870910
036020,44.434486,10.908092
036021,44.845656,11.082583
036022,44.898370,11.112305
036023,44.650131,10.902790
036024,44.249823,10.729505
036025,44.342189,10.601217
036026,44.266990,10.929729
036027,44.685439,11.053340
036028,44.869039,10.939401
036029,44.334140,10.645441
036030,44.337398,10.842912
036031,44.174442,10.589189
036032,44.382012,10.720299
036033,44.451531,10.712559
036034,44.748208,11.087790
036035,44.231672,10.658629
036036,44.577608,11.021096
036037,44.851752,11.142541
036038,44.877160,10.985315
036039,44.784355,11.021707
036040,44.538106,10.777078
036041,44.478569,11.019420
036042,44.434650,10.814498
036043,44.243965,10.790974
036044,44.749136,10.947853
036045,44.538463,10.999723
036046,44.488501,10.997127
036047,44.357002,10.999731
037001,44.576941,11.184296
037002,44.629145,11.329818
037003,44.669554,11.562803
037005,44.633160,11.426360
037006,44.501799,11.320215
037007,44.272358,11.611859
037008,44.570085,11.547611
037009,44.562334,11.287348
037010,44.151906,11.088610
037011,44.466263,11.258808
037012,44.294287,11.545523
037013,44.280790,11.018252
037014,44.208047,11.494972
037015,44.146498,11.024095
037016,44.458091,11.689558
037017,44.673359,11.301498
037019,44.578001,11.334500
037020,44.387811,11.544371
037021,44.507537,11.459498
037022,44.149958,11.185665
037024,44.739656,11.175000
037025,44.383519,11.635504
037026,44.255472,11.543948
037027,44.218577,10.981183
037028,44.750031,11.417861
037030,44.558407,11.429754
037031,44.248058,11.125038
037032,44.390680,11.707108
037033,44.166442,10.867009
037034,44.282703,11.324921
037035,44.676868,11.501968
037036,44.342079,11.196006
037037,44.512550,11.672257
037038,44.616643,11.499577
037039,44.606016,11.674674
037040,44.213771,11.333331
037041,44.299440,11.417084
037042,44.414159,11.142181
037044,44.303105,11.262885
037045,44.409937,11.807717
037046,44.430146,11.471788
037047,44.377726,11.357191
037048,44.744591,11.331039
037050,44.633116,11.288402
037051,44.196612,11.239570
037052,44.664948,11.365678
037053,44.657157,11.209152
037054,44.445688,11.417750
037055,44.714683,11.402289
037056,44.674494,11.134017
037057,44.402071,11.249308
037059,44.296620,11.081105
037060,44.500451,11.217020
037061,44.431389,11.091214
037062,44.123812,10.936649
038001,44.634093,11.826482
038003,44.899812,11.379189
038004,44.780423,11.325595
038005,44.846677,12.146869
038006,44.733650,12.174970
038007,44.887653,11.842876
038008,44.813734,11.681096
038010,44.873505,11.981592
038011,44.778851,12.141276
038012,44.781530,11.792671
038014,44.906617,12.204492
038017,44.738970,11.945213
038018,44.773012,11.480260
038019,44.696285,11.839422
038022,44.844188,11.499969
038023,44.765762,11.746138
038025,44.817734,12.334333
038027,44.789746,11.980188
038028,44.800175,11.401821
038029,44.954218,11.892872
038030,44.812145,11.885788
039001,44.551088,12.015422
039002,44.449787,12.014008
039003,44.393479,11.831577
039004,44.200905,11.758260
039005,44.208294,11.601553
039006,44.318828,11.795653
039007,44.253250,12.305079
039008,44.529982,11.852039
039009,44.379796,11.934323
039010,44.295851,11.890268
039011,44.482149,11.981183
039012,44.464955,11.896912
039013,44.466725,11.820760
039014,44.392362,12.169176
039015,44.280420,11.706151
039016,44.368665,12.062307
039017,44.439673,11.861200
039018,44.362082,11.828303
040001,43.877174,11.945977
040003,44.162308,12.140233
040004,44.011214,12.347531
040005,44.173350,11.932066
040007,44.097770,12.218302
040008,44.185105,12.377820
040009,44.016019,12.021300
040011,44.123005,11.879776
040012,44.215160,12.051797
040013,44.188525,12.128905
040014,44.000069,11.913905
040015,44.117358,12.344947
040016,44.135053,12.396755
040018,44.082627,12.344240
040019,44.099674,12.060242
040020,43.969296,12.176227
040022,44.135295,11.794859
040028,44.072533,12.296628
040031,44.004425,11.726937
040032,44.095989,11.949359
040033,43.970585,11.784730
040036,44.068119,11.843533
040037,44.044440,12.254650
040041,44.128931,12.438138
040043,43.916819,11.880344
040044,43.931932,12.104301
040045,44.105846,12.397257
040046,43.971037,12.256730
040049,44.062861,11.759556
040050,43.806206,12.056415
041001,43.636445,12.646037
041002,43.556952,12.424194
041005,43.712171,12.363400
041006,43.654964,12.257801
041007,43.565758,12.653449
041008,43.468266,12.633025
041009,43.743467,12.315063
041010,43.778802,12.910380
041013,43.808317,12.980561
041014,43.662826,12.672134
041015,43.654883,12.802579
041016,43.640465,12.917335
041017,43.767227,12.361537
041018,43.501379,12.719477
041019,43.960998,12.769120
041020,43.934434,12.779321
041021,43.729063,12.778033
041022,43.756176,12.430276
041023,43.814644,12.452903
041025,43.628762,12.327700
041026,43.863115,12.517642
041027,43.801772,12.855363
041028,43.675917,12.964695
041029,43.747499,13.113102
041030,43.813658,12.645938
041031,43.841067,12.455839
041034,43.753521,12.800407
041035,43.863216,12.454083
041036,43.848866,12.788172
041038,43.704247,13.055581
041041,43.701252,12.493256
041043,43.583616,12.831157
041044,43.860789,12.833123
041045,43.783196,12.717336
041047,43.746197,12.403380
041048,43.800905,12.382916
041049,43.577026,12.523273
041051,43.750722,13.046816
041054,43.609321,12.926932
041057,43.662446,12.414941
041058,43.691095,12.881444
041061,43.489961,12.761307
041064,43.848860,12.571334
041065,43.871981,12.740236
041066,43.651737,12.527181
041067,43.744717,12.624340
041068,43.829865,12.739816
041069,43.755851,12.894769
041070,43.701645,12.945815
041071,43.818131,12.530724
042001,43.557859,13.363206
042002,43.583712,13.480661
042003,43.525714,12.954158
042004,43.585250,13.025358
042005,43.567913,13.158157
042006,43.525282,13.541163
042007,43.585484,13.376674
042008,43.494548,13.160987
042010,43.467498,13.569687
042011,43.612707,12.999451
042012,43.508404,13.115546
042013,43.326320,13.002436
042014,43.606851,13.323954
042015,43.643450,13.049180
042016,43.452963,13.126591
042017,43.346481,12.915122
042018,43.617011,13.377851
042019,43.441949,13.337157
042020,43.417801,12.939624
042021,43.519066,13.266734
042022,43.437932,13.628164
042023,43.498204,13.134410
042024,43.471424,13.038803
042025,43.564054,13.263655
042026,43.540040,13.069173
042027,43.635920,13.298064
042029,43.483923,13.175927
042030,43.604085,13.274836
042031,43.610944,13.226685
042032,43.486676,13.616990
042033,43.530531,13.441047
042034,43.480311,13.450960
042035,43.611751,13.130731
042036,43.606574,13.070004
042037,43.518670,13.083383
042038,43.524351,13.369644
042040,43.482423,13.055710
042041,43.553776,13.200180
042042,43.464374,13.172540
042043,43.495138,13.329883
042044,43.440395,12.830828
042045,43.661682,13.199253
042046,43.547357,13.046863
042047,43.433949,13.037186
042048,43.515660,13.603018
042049,43.438615,13.182440
042050,43.688639,13.102826
043002,43.377160,13.095361
043003,43.378275,13.362337
043004,43.163851,13.241041
043005,42.986499,13.214186
043006,43.123753,13.187701
043007,43.145890,13.075188
043008,43.140607,13.270950
043009,43.199893,13.059998
043010,42.886988,13.177877
043011,43.082025,13.234959
043012,43.385961,13.237241
043013,43.312872,13.690128
043014,43.169856,13.360130
043015,43.253832,13.509883
043016,43.240090,12.932930
043017,43.054000,13.175581
043019,43.157800,12.897749
043020,43.243370,13.082634
043021,43.068438,13.372488
043022,43.159670,13.417002
043023,43.317934,13.449830
043024,43.267957,13.021857
043025,43.193731,13.494383
043026,43.358855,13.439838
043027,42.991777,12.987553
043028,43.301613,13.627265
043029,43.414502,13.419070
043030,43.349348,13.559875
043031,43.233066,13.582874
043032,43.029077,13.419018
043033,43.291526,13.581937
043034,43.069374,13.021576
043035,43.059085,13.415622
043036,43.217533,13.449521
043038,43.004619,13.032605
043039,43.181702,12.998197
043040,43.365235,13.068369
043041,43.263871,13.354630
043042,43.444459,13.637485
043043,43.372079,13.629979
043044,43.396196,13.548522
043045,43.147763,13.372513
043046,43.093814,13.300314
043047,43.277807,13.166640
043048,43.102444,13.403484
043049,43.030922,13.277949
043050,43.125471,12.942348
043051,43.172053,13.171984
043052,43.023093,12.942170
043053,43.214445,13.335201
043054,43.320146,13.337347
043055,43.204221,13.383480
043056,42.936245,13.164082
043057,42.933431,13.051763
043058,43.061295,13.126100
044001,42.767010,13.416095
044002,42.941192,13.796206
044005,42.899462,13.657799
044006,42.761506,13.278267
044007,42.850848,13.571979
044010,43.026719,13.662786
044011,42.880880,13.699277
044012,42.930110,13.621790
044013,42.897972,13.740234
044014,42.870205,13.745199
044015,42.924762,13.403013
044016,42.985361,13.685057
044017,43.017548,13.840807
044020,42.825261,13.649505
044021,42.963027,13.490095
044023,42.983959,13.853502
044027,42.838193,13.686061
044029,43.051847,13.818521
044031,42.896762,13.793677
044032,42.993529,13.631888
044034,42.976063,13.574534
044036,43.048919,13.748209
044038,42.847548,13.341608
044044,42.874055,13.298200
044045,42.903517,13.852362
044054,42.934811,13.719275
044056,42.914767,13.470068
044063,42.979917,13.767488
044064,42.837861,13.441030
044065,42.948203,13.549911
044066,42.929329,13.873489
044071,42.887907,13.772561
044073,42.899181,13.494952
045001,44.200665,9.989961
045002,44.325395,10.021014
045003,44.092324,10.102799
045004,44.206392,10.197611
045005,44.315441,10.137608
045006,44.358944,9.953234
045007,44.206981,10.141980
045008,44.140324,10.030850
045009,44.291130,10.054015
045010,44.056157,10.164566
045011,44.011353,10.173364
045012,44.295043,9.885920
045013,44.207739,9.919767
045014,44.403035,9.872177
045015,44.246438,9.896156
045016,44.295565,9.964611
045017,44.349501,9.784338
046001,43.817037,10.675482
046002,44.043868,10.636142
046003,44.097435,10.499257
046004,43.968966,10.517764
046005,43.914907,10.331994
046006,44.146078,10.328853
046007,43.847183,10.568192
046008,44.098648,10.322053
046009,44.107981,10.397632
046010,44.181452,10.447782
046011,44.081219,10.567044
046013,43.967972,10.175421
046014,44.124353,10.478744
046015,44.059656,10.437486
046017,43.855443,10.471450
046018,43.874324,10.336302
046019,44.166840,10.227509
046020,44.066375,10.370131
046021,43.854893,10.669332
046022,43.961605,10.434554
046023,44.200788,10.289559
046024,43.968879,10.218475
046025,44.145037,10.447788
046026,43.832260,10.618172
046027,44.189081,10.352198
046028,44.008019,10.222599
046030,44.016917,10.285999
046031,44.110601,10.278307
046033,43.862613,10.262544
046034,43.942650,10.622287
046035,44.190867,10.388882
046036,44.025463,10.402280
046037,44.230373,10.291343
047002,43.896050,10.998037
047003,43.893951,10.730998
047005,43.813859,10.883060
047006,43.833194,10.864820
047007,43.960021,10.792697
047008,43.900177,10.751569
047009,43.859163,10.832336
047010,43.954322,11.026189
047011,43.900268,10.784493
047012,43.925310,10.701566
047013,43.868999,10.795799
047014,43.997543,10.902441
047016,43.830619,10.761937
047017,43.849908,10.979156
047018,44.075159,10.992728
047020,43.886031,10.871300
047021,43.885128,10.711394
047022,43.844430,10.721852
047023,44.122539,10.700312
047024,44.049503,10.803904
048001,43.741307,11.337791
048002,44.030964,11.241419
048004,43.966987,11.415470
048005,43.910603,11.195626
048006,43.817391,11.129712
048008,43.756841,10.998451
048010,43.619867,10.959764
048011,43.740351,10.859206
048012,43.566563,11.074116
048013,43.919504,11.559343
048014,43.700618,10.940491
048015,43.804419,11.324113
048017,43.779043,11.249479
048018,44.134636,11.366105
048019,43.757889,10.782924
048020,43.522578,10.943149
048021,43.615175,11.330901
048022,43.704936,11.244152
048024,43.756408,11.077811
048025,43.854312,11.601306
048026,44.052238,11.626432
048027,43.557234,10.868574
048028,43.728014,11.019122
048030,43.641677,11.066669
048031,44.116102,11.534920
048032,43.778470,11.501749
048033,43.826364,11.432843
048035,43.699176,11.529998
048036,43.725466,11.419428
048037,43.820633,11.525412
048038,43.642868,11.199215
048039,43.926322,11.647632
048041,43.743880,11.153572
048043,43.840629,11.233034
048044,43.784405,11.090615
048046,43.887972,11.282077
048049,43.960174,11.510125
048050,43.762577,10.931405
048052,43.625420,11.437260
048053,43.995501,11.309772
048054,43.534577,11.191018
049001,43.263161,10.629808
049002,43.043446,10.614484
049003,42.672662,10.153228
049004,42.739963,10.353355
049005,43.039278,9.814359
049006,43.186794,10.627642
049007,43.322830,10.517053
049008,43.563539,10.443561
049009,43.509266,10.281424
049010,42.784746,10.198077
049011,42.804210,10.187685
049012,42.974695,10.573662
049013,42.771729,10.386274
049014,42.651790,10.301052
049017,43.428421,10.451039
049018,43.059004,10.554581
049019,43.143303,10.670824
049020,43.046593,10.733786
049021,42.838787,10.433629
050001,43.730323,10.642318
050002,43.732362,10.585327
050003,43.732360,10.526206
050004,43.678921,10.612165
050005,43.580961,10.665202
050006,43.297881,10.607348
050008,43.684218,10.486341
050009,43.743466,10.712817
050010,43.397145,10.549163
050011,43.218026,10.910934
050012,43.461515,10.643813
050014,43.568155,10.497809
050015,43.312706,10.625765
050016,43.455327,10.725744
050019,43.337044,10.709432
050020,43.334454,10.597505
050021,43.182299,10.703560
050022,43.670298,10.738370
050023,43.498514,10.494510
050024,43.606114,10.765975
050025,43.534853,10.777042
050026,43.685123,10.347636
050027,43.255461,10.833998
050028,43.613472,10.634810
050029,43.653827,10.640696
050030,43.365585,10.604610
050031,43.754172,10.405933
050032,43.671892,10.846903
050033,43.733307,10.749037
050034,43.466883,10.541190
050035,43.699642,10.683073
050036,43.538461,10.679696
050037,43.789471,10.349589
050038,43.695963,10.555015
050039,43.404643,10.878613
050040,43.561819,10.592913
050041,43.570883,10.541673
051001,43.533960,12.016985
051002,43.449699,11.916888
051003,43.731686,12.181380
051004,43.732138,11.845591
051005,43.431244,11.610804
051006,43.562810,11.844701
051007,43.639124,11.982562
051008,43.642807,11.778226
051010,43.722928,11.663475
051011,43.548529,11.747742
051012,43.330221,11.943147
051013,43.543470,11.470778
051014,43.665960,11.895377
051015,43.711027,11.908576
051016,43.428183,11.738756
051017,43.271706,12.042292
051018,43.267208,11.809698
051020,43.597689,11.664316
051021,43.285238,11.734247
051022,43.318284,11.794081
051023,43.750408,11.607033
051024,43.470360,12.091904
051025,43.342329,11.734390
051026,43.496936,11.565413
051027,43.675872,11.727421
051030,43.683779,12.052475
051031,43.753604,11.793614
051033,43.560229,11.516537
051034,43.598971,12.143590
051035,43.721235,12.285081
051037,43.591160,11.890364
051038,43.605306,11.754141
051039,43.550195,11.632356
051040,43.640632,11.556482
051041,43.813814,11.689328
051042,43.485821,11.695344
052001,42.878248,11.686414
052002,43.223478,11.532378
052003,43.142213,11.470572
052004,43.307735,11.083694
052005,43.460540,11.264202
052006,43.368918,11.433471
052007,42.979242,11.626516
052008,42.940810,11.908694
052009,43.035616,11.825292
052010,43.178335,11.144201
052011,43.036633,11.942474
052012,43.405990,11.090793
052013,43.445790,11.435823
052015,43.098561,11.831588
052016,43.369301,11.227421
052017,43.226523,11.379481
052018,43.114164,11.241535
052019,43.136136,11.351686
052020,42.822788,11.679014
052021,43.051340,11.706840
052022,43.459825,11.158995
052023,43.485413,11.375090
052024,42.925391,11.768663
052025,43.223162,11.005975
052026,43.282595,11.626660
052027,42.856170,11.853861
052028,43.472465,11.030976
052030,43.060159,11.604428
052031,42.968236,11.835602
052032,43.295339,11.314387
052033,43.220357,11.743938
052034,43.248831,11.244574
052035,43.154585,11.765290
052036,43.168327,11.670510
052037,43.055069,11.484541
053001,42.848779,11.472947
053002,42.857637,11.267911
053003,42.449716,11.421212
053004,42.924392,11.511025
053005,42.768984,11.683746
053006,42.827771,10.883998
053007,42.905958,11.374534
053008,43.002828,11.300782
053009,42.970868,10.753375
053010,42.937807,10.949023
053011,42.736842,11.045970
053012,42.318919,10.979013
053013,42.628017,11.244561
053014,42.561646,11.494220
053015,43.041045,10.893149
053016,42.405521,11.156145
053017,43.124606,11.026013
053018,42.490915,11.244539
053019,42.616851,11.680848
053020,42.783723,11.464228
053021,43.012757,11.148415
053022,42.828289,11.597233
053023,42.706079,11.338022
053024,42.909587,10.827279
053025,42.927234,11.574493
053026,42.694569,11.717005
053027,43.121687,10.811882
053028,42.720127,11.550390
054001,43.091495,12.643570
054002,43.061598,12.527233
054003,43.009600,12.495914
054004,42.944798,12.573099
054005,42.839681,12.814358
054006,42.983887,12.540180
054007,42.690826,13.056132
054008,42.830580,12.664042
054009,43.080547,11.991108
054010,42.816115,12.921525
054011,43.505728,12.126769
054012,42.939818,11.990009
054013,43.466615,12.255907
054014,42.910551,12.420230
054015,43.138430,12.289980
054016,43.370188,12.703205
054017,42.976689,12.412470
054018,42.982987,12.804711
054019,43.298129,12.759545
054020,42.869797,12.365224
054021,42.841246,12.572404
054022,42.896358,12.510521
054023,43.224345,12.754706
054024,43.327201,12.538187
054025,43.245661,12.156008
054026,43.136626,12.230550
054027,42.957794,12.316591
054028,42.775730,12.535096
054029,42.830821,12.354928
054030,42.879578,12.645055
054031,42.639390,12.945027
054032,43.425313,12.132564
054033,43.379542,12.354570
054034,43.131999,12.799527
054035,42.775518,13.140082
054036,43.023819,12.060999
054037,43.036287,12.136527
054038,43.198540,12.192850
054039,43.117247,12.348831
054040,42.978278,12.156473
054041,43.446673,12.405909
054042,42.725087,12.930419
054043,42.869741,13.029115
054044,43.562141,12.238246
054045,42.719160,12.862157
054046,43.417450,12.710032
054047,42.686144,12.840187
054048,42.895985,12.902550
054049,43.335095,12.745821
054050,43.012070,12.673873
054051,42.734069,12.701929
054052,42.792399,12.397700
054053,43.034145,12.445404
054054,42.878650,12.766057
054055,43.219929,12.069543
054056,43.278707,12.303715
054057,43.184496,12.636227
054058,42.780421,12.866499
054059,43.060879,12.755101
055001,42.703648,12.566075
055002,42.811451,11.981804
055003,42.593380,12.286326
055004,42.565389,12.403748
055005,42.572792,12.793386
055006,42.515542,12.289894
055007,42.704996,12.275675
055008,42.406757,12.541125
055009,42.702988,11.977172
055010,42.761514,12.017583
055011,42.873955,12.008159
055012,42.625970,12.808992
055013,42.821632,12.064020
055014,42.503330,12.323848
055015,42.620553,12.322270
055016,42.569703,12.313983
055017,42.641640,12.457573
055018,42.663766,12.298323
055019,42.604772,12.752809
055020,42.906351,12.118662
055021,42.914006,12.044712
055022,42.486622,12.488338
055023,42.718641,12.154448
055024,42.429281,12.506612
055025,42.863620,12.127747
055026,42.493564,12.362655
055027,42.584778,12.860483
055028,42.680696,12.090275
055029,42.607433,12.542371
055030,42.847113,12.245392
055031,42.479596,12.653134
055032,42.585191,12.655994
055033,42.663389,12.406620
056001,42.767907,11.880425
056002,42.456635,11.811246
056003,42.614598,12.091069
056004,42.249503,12.074659
056005,42.205616,12.171531
056006,42.462299,12.309258
056007,42.226298,12.003089
056008,42.632663,11.982799
056009,42.505797,12.255813
056010,42.217243,12.425218
056011,42.373287,12.215444
056012,42.444352,11.681373
056013,42.536691,11.878384
056014,42.255709,12.141410
056015,42.322829,12.220905
056016,42.324739,12.278073
056017,42.246737,12.379434
056018,42.647810,12.176680
056019,42.559962,12.125098
056020,42.504976,11.757702
056021,42.309341,12.451298
056022,42.614038,12.199544
056023,42.359727,12.356547
056024,42.325978,12.323453
056025,42.236416,12.443964
056026,42.578123,11.718932
056027,42.385253,12.403372
056028,42.625609,11.853730
056029,42.559798,12.224432
056030,42.669156,11.864701
056031,42.528678,11.666505
056032,42.623425,11.809417
056033,42.648122,12.117016
056034,42.518883,11.921917
056035,42.393735,11.578948
056036,42.539618,12.021624
056037,42.323197,11.899025
056038,42.185217,12.294000
056039,42.226163,12.329014
056040,42.683713,11.807252
056041,42.168866,12.125690
056042,42.449694,12.394549
056043,42.510282,11.838319
056044,42.779598,11.799875
056045,42.285586,12.220177
056046,42.283739,12.041377
056047,42.677011,11.920330
056048,42.448927,12.235780
056049,42.231536,12.242335
056050,42.265419,11.775153
056051,42.460540,11.783500
056052,42.375155,11.811916
056053,42.591792,11.791622
056054,42.368398,12.262376
056055,42.418611,12.343493
056056,42.194980,12.075375
056057,42.304490,12.012638
056058,42.382470,12.298508
056059,42.461035,12.074791
056060,42.469969,12.183773
057001,42.701085,13.248037
057002,42.627838,13.297681
057003,42.394402,13.108333
057004,42.209980,12.979696
057005,42.332791,12.878481
057006,42.500435,13.131948
057007,42.188575,13.274630
057008,42.402249,13.057522
057009,42.483127,12.923756
057010,42.301836,12.635529
057011,42.247020,12.799180
057012,42.343252,12.682518
057013,42.210639,12.974611
057014,42.236162,12.734324
057015,42.400511,13.015771
057016,42.395511,12.971423
057017,42.616726,13.145046
057018,42.164063,13.057657
057019,42.204359,12.940238
057020,42.175492,13.028813
057021,42.313249,12.531153
057022,42.493988,12.783326
057023,42.323365,12.957073
057024,42.437236,12.637641
057025,42.430852,12.764542
057026,42.413141,12.695882
057027,42.180235,12.686952
057028,42.308960,13.154018
057029,42.282159,12.602356
057030,42.220512,12.815637
057031,42.452837,12.756636
057032,42.520727,12.801356
057033,42.571462,13.005475
057034,42.297717,12.950156
057035,42.352729,12.481217
057036,42.221206,13.046611
057037,42.453783,13.045427
057038,42.254887,12.767689
057039,42.380664,12.694183
057040,42.375309,12.583116
057041,42.228918,12.870074
057042,42.290118,12.821181
057043,42.315789,12.768761
057044,42.218251,12.656882
057045,42.525689,12.837560
057046,42.157443,13.074620
057047,42.132912,12.940158
057048,42.182425,13.004294
057049,42.213653,13.143857
057050,42.298861,13.063401
057051,42.503689,12.889479
057052,42.291756,12.675841
057053,42.266012,12.679413
057054,42.200359,12.873705
057055,42.214712,12.786833
057056,42.251422,12.843395
057057,42.516348,13.078316
057058,42.154609,12.968177
057059,42.407865,12.858958
057060,42.516034,12.860160
057061,42.322785,12.702272
057062,42.262191,12.943026
057063,42.278550,12.743204
057064,42.162155,12.856373
057065,42.314606,12.617343
057066,42.292698,12.562019
057067,42.336823,12.586600
057068,42.201396,12.762539
057069,42.268982,12.873122
057070,42.360483,12.622793
057071,42.130420,13.007343
057072,42.401511,12.625084
057073,42.239582,13.033275
058001,41.893266,13.083058
058002,41.980354,13.037570
058003,41.718739,12.645082
058004,42.148753,11.899604
058005,42.064605,12.267352
058006,42.006770,12.978650
058007,41.494020,12.613441
058008,41.865467,13.148738
058009,41.695183,12.659113
058010,42.031096,13.024231
058011,41.723397,12.888284
058012,41.881943,13.028760
058013,42.098009,12.155201
058014,41.993510,13.144565
058015,42.129332,12.364261
058016,42.136346,12.069762
058017,41.936624,13.042095
058018,42.124188,12.572721
058019,41.886705,12.936532
058020,41.592920,13.097637
058021,41.908985,12.888562
058022,41.741061,12.644891
058023,41.969111,12.881835
058024,42.106650,12.521792
058025,41.858842,12.897552
058026,41.811543,12.933939
058027,41.949333,12.972513
058028,41.984221,13.089487
058029,42.015882,12.090471
058030,41.954096,12.935216
058031,42.052749,12.957725
058032,42.100950,11.803597
058033,42.188356,12.560402
058034,41.724264,12.981065
058035,41.830585,12.752658
058036,42.161385,12.603423
058037,42.260765,12.598225
058038,42.066039,12.413556
058039,41.832754,12.671769
058040,41.878037,12.802874
058041,41.708816,13.067892
058042,41.812560,12.979291
058043,41.672435,12.703390
058044,41.927968,12.989465
058045,41.646497,13.130285
058046,41.788684,12.673029
058047,41.980534,12.700961
058048,41.903255,13.178973
058049,41.791527,12.867475
058050,41.647204,12.688117
058051,42.082114,12.897615
058052,42.161429,12.438330
058053,42.043889,12.927874
058054,42.110916,12.105067
058055,41.990214,13.011227
058056,42.013129,12.798321
058057,41.761265,12.624949
058058,42.197554,12.397710
058059,42.045427,12.665010
058060,41.835941,12.731078
058061,42.111189,12.834263
058062,41.647821,13.037473
058063,42.132446,12.669706
058064,41.814634,12.702791
058065,42.068751,12.625094
058066,42.139434,12.798257
058067,42.109241,12.736332
058068,42.137545,12.504744
058069,42.227092,12.596329
058070,41.713482,12.711148
058071,42.167211,12.762973
058072,41.473746,12.697729
058073,41.850416,13.034508
058074,41.817267,12.855449
058075,42.087431,12.730834
058076,42.085019,12.924555
058077,41.914492,12.961350
058078,41.885936,12.878715
058079,41.671686,12.525547
058080,42.269309,12.553090
058081,42.078702,12.546005
058082,42.197473,12.483990
058083,42.063151,13.001380
058084,41.966694,13.009701
058085,41.840727,12.942098
058086,41.751343,12.742462
058087,42.051445,12.881759
058088,41.781372,12.790171
058089,41.916578,13.031790
058090,41.863786,13.066379
058091,41.893143,12.506571
058092,42.031911,12.987894
058093,42.091836,12.452255
058094,41.986631,12.932693
058095,41.923165,12.861262
058096,42.043522,12.823788
058097,42.036017,11.929487
058098,42.033614,12.701566
058099,42.244769,12.527743
058100,41.878022,12.977611
058101,42.008351,12.951305
058102,41.693541,13.001369
058103,41.936147,13.131885
058104,41.963663,12.768976
058105,42.137995,11.967977
058106,42.226958,12.622034
058107,42.161528,12.266855
058108,41.928517,13.233267
058109,42.094367,12.980301
058110,41.773724,12.910615
058111,41.649756,12.764729
058112,42.009834,12.877670
058113,42.113532,13.000907
058114,41.847180,12.792415
058115,41.726948,12.824434
058116,41.951590,12.088524
058117,41.617374,12.555050
058118,41.795222,12.616856
058119,41.830260,12.792986
058120,41.858529,12.247947
058122,41.995704,12.626031
059001,41.591743,12.663592
059002,41.549945,13.031269
059003,41.388430,13.539655
059004,41.315635,13.851451
059005,41.577788,12.837472
059006,41.658731,12.894317
059007,41.341978,13.390310
059008,41.282058,13.625459
059009,41.223462,13.556616
059010,41.301778,13.525500
059011,41.470083,12.846132
059012,41.408833,13.467149
059013,41.550698,13.179855
059014,41.263858,13.741105
059015,41.369343,13.316046
059016,41.602219,12.974399
059017,41.400436,13.105807
059018,40.923557,12.924738
059019,41.471003,13.170610
059020,41.492246,13.259502
059021,41.527628,13.126072
059022,41.694534,12.917325
059023,41.466037,13.230162
059024,41.336657,13.034383
059025,41.254517,13.077628
059026,41.283048,13.801647
059027,41.539431,12.965669
059028,41.500561,13.062622
059029,41.397567,13.234156
059030,41.268844,13.444927
059031,41.321940,13.697017
059032,41.319469,13.204152
059033,40.789087,13.434014
060001,41.545972,13.978034
060002,41.788988,13.183412
060003,41.726016,13.366821
060004,41.704694,13.752577
060005,41.461338,13.338406
060006,41.730944,13.137023
060007,41.474333,13.717550
060008,41.558895,13.550919
060009,41.583191,13.376671
060010,41.642534,13.632663
060011,41.625256,13.786330
060012,41.353257,13.738497
060013,41.580006,13.822489
060014,41.639796,13.472150
060015,41.701064,13.649744
060016,41.751217,13.712098
060017,41.603585,13.728975
060018,41.648224,13.719884
060019,41.474776,13.834735
060020,41.696997,13.529866
060021,41.382384,13.737115
060022,41.505751,13.689759
060023,41.501659,13.415148
060024,41.574942,13.335708
060025,41.547223,13.500710
060026,41.477046,13.901983
060027,41.530079,13.598015
060028,41.770978,13.399346
060029,41.559503,13.704470
060030,41.336935,13.788495
060031,41.382997,13.662395
060032,41.504098,13.519019
060033,41.714928,13.243194
060034,41.890794,13.324798
060035,41.809214,13.221077
060036,41.624237,13.575460
060037,41.676618,13.657007
060038,41.636864,13.331163
060039,41.729545,13.268300
060040,41.659810,13.797341
060041,41.555234,13.247571
060042,41.805210,13.302152
060043,41.697051,13.557088
060044,41.682425,13.509730
060045,41.634294,13.180915
060046,41.772255,13.060347
060047,41.474790,13.483621
060048,41.589289,13.256083
060049,41.775486,13.664461
060050,41.655245,13.899648
060051,41.452941,13.563752
060052,41.478622,13.746547
060053,41.824877,13.151817
060054,41.426649,13.761665
060055,41.550015,13.416712
060056,41.442198,13.640985
060057,41.694981,13.686541
060058,41.597464,13.452289
060059,41.584166,13.611828
060060,41.544837,13.637449
060061,41.613391,13.939394
060062,41.705153,13.803880
060063,41.404923,13.759105
060064,41.502343,13.571096
060065,41.389669,13.866287
060066,41.360676,13.853105
060067,41.398695,13.828869
060068,41.566601,13.863453
060069,41.595061,13.636688
060070,41.467989,13.938704
060071,41.842814,13.090154
060072,41.680858,13.864007
060073,41.674983,13.148520
060074,41.730935,13.580349
060075,41.590285,13.497648
060076,41.607412,13.209764
060077,41.551018,13.783421
060078,41.791286,13.263826
060079,41.627783,13.389379
060080,41.873966,13.260898
060081,41.763264,13.266450
060082,41.440044,13.397398
060083,41.369887,13.812564
060084,41.580745,13.945691
060085,41.713311,13.452833
060086,41.676399,13.709674
060087,41.799899,13.377759
060088,41.607541,13.855307
060089,41.488581,13.779126
060090,41.507283,13.315534
060091,41.523036,13.988632
061001,41.381034,14.187723
061002,41.311741,14.330036
061003,41.243889,14.359963
061004,41.027980,14.506665
061005,40.975236,14.206324
061006,41.305904,14.276382
061007,41.135606,14.240998
061008,41.296994,14.063886
061009,41.184973,14.377266
061010,41.199654,14.127036
061011,41.176493,14.214741
061012,41.075300,14.027175
061013,41.043156,14.296020
061014,41.474126,14.132047
061015,41.118055,14.217746
061016,40.996470,14.224659
061017,41.179704,13.996209
061018,41.087845,14.301794
061019,41.020826,14.116042
061020,41.015895,14.203729
061021,41.084053,14.291697
061022,41.100637,14.335165
061023,41.163282,14.439178
061024,41.189860,14.294755
061025,41.388985,14.422193
061026,41.125928,14.359963
061027,41.007635,13.980152
061028,41.043144,14.432367
061029,40.958208,14.229977
061030,41.445862,14.140125
061031,41.355887,14.006726
061032,41.076459,14.273192
061033,41.262286,14.313404
061034,41.458152,14.187672
061035,41.224558,14.213397
061036,41.168107,14.059436
061037,41.022660,14.178354
061038,41.477643,14.226387
061039,41.346810,13.949660
061040,41.207475,14.190435
061041,41.294466,14.423732
061042,41.093080,14.083073
061043,40.995481,14.239768
061044,41.449546,14.296611
061045,41.234001,14.281092
061046,40.966364,14.185818
061047,41.052543,14.273787
061048,41.020053,14.400512
061049,41.026418,14.304042
061050,41.312781,14.044323
061051,41.403888,13.976111
061052,41.100496,13.927754
061053,40.986255,14.283149
061054,40.952573,14.154693
061055,41.167997,14.176360
061056,41.179386,14.322477
061057,41.379180,14.390240
061058,41.265247,14.183394
061059,41.322685,14.184890
061060,41.167637,14.139764
061061,41.182404,14.264685
061062,41.052151,14.284060
061063,41.425706,14.198510
061064,41.400306,14.143331
061065,41.375333,14.083330
061066,41.383931,14.236660
061067,41.056760,14.300987
061068,41.274301,14.147470
061069,41.369359,13.902215
061070,41.288578,13.994310
061071,41.273258,14.234990
061072,41.231617,14.162300
061073,41.216361,14.417146
061074,40.994634,14.123121
061075,40.999550,14.468608
061076,41.409060,14.382355
061077,40.990218,14.161309
061078,41.050003,14.330491
061079,41.445165,13.981434
061080,41.349657,14.421062
061081,41.096021,14.281259
061082,41.025381,14.459278
061083,41.064625,14.242399
061084,41.086909,14.134746
061085,41.064218,14.198465
061086,41.357710,14.273966
061087,40.958892,14.252595
061088,41.232075,13.876758
061089,41.170678,14.101162
061090,40.983693,14.253740
061091,41.248892,14.054253
061092,41.004809,14.215349
061093,41.348261,14.037157
061094,40.978187,14.172372
061095,41.342305,14.137248
061096,41.420160,14.252590
061097,41.075908,14.417774
061098,41.015588,14.154756
061099,40.986507,14.048643
061100,41.145046,14.180429
061101,41.139075,13.966198
061102,41.201210,13.834242
061103,40.988058,14.135168
061104,41.032662,14.341323
062001,41.058384,14.564997
062002,41.196476,14.466281
062003,41.135194,14.955754
062004,41.095982,14.700399
062005,41.031352,14.551000
062006,41.021109,14.749983
062007,41.396738,14.930538
062008,41.148342,14.786846
062009,41.073475,14.609516
062010,41.084596,14.578585
062011,41.222474,14.980754
062012,41.088699,14.904134
062013,41.290148,14.741494
062014,41.109333,14.657085
062015,41.256101,14.688506
062016,41.297847,15.102289
062017,41.423459,14.810492
062018,41.129078,14.699012
062019,41.231883,14.549983
062020,41.439720,14.934072
062021,41.147827,14.623201
062022,41.058570,14.752073
062023,41.298600,14.575114
062024,41.352047,14.787060
062025,41.392234,14.858177
062026,41.348973,14.511107
062027,41.143261,14.450840
062028,41.059449,14.455334
062029,41.257001,14.460339
062030,41.157903,14.693458
062031,41.353506,14.996727
062032,41.035011,14.529850
062033,41.273790,14.781499
062034,41.244317,14.756612
062035,41.149336,14.533239
062036,41.280367,15.043423
062037,41.238053,14.593599
062038,41.140071,14.392689
062039,41.170717,14.489887
062040,41.081266,14.546796
062041,41.302774,14.915658
062042,41.327736,15.026200
062043,41.074418,14.651620
062044,41.351203,14.703215
062045,41.171279,14.892621
062046,41.234188,14.877951
062047,41.006499,14.692200
062048,41.031239,14.573541
062049,41.203190,14.653805
062050,41.234741,14.821590
062051,41.355444,14.568587
062052,41.199285,14.847632
062053,41.224011,14.680387
062054,41.284768,14.693471
062055,41.224582,14.445897
062056,41.309929,14.833978
062057,41.424957,15.042299
062058,41.098371,14.876443
062059,41.268829,14.949302
062060,41.082684,14.762342
062061,41.270241,14.543571
062062,41.240654,14.620086
062063,41.263538,14.639513
062064,41.313132,14.869266
062065,41.062576,14.836111
062066,41.054454,14.864617
062067,41.080401,14.829299
062068,41.229604,14.499377
062069,41.395103,14.744584
062070,41.098650,14.503573
062071,41.074582,14.800091
062072,41.376880,14.647467
062073,41.194272,14.550561
062074,41.209294,14.516823
062075,41.123755,14.602201
062076,41.197084,14.699475
062077,41.171278,14.633952
062078,41.164766,14.929273
063001,40.971555,14.383014
063002,40.927800,14.332058
063003,40.643137,14.545059
063004,40.554369,14.213033
063005,40.912940,14.263807
063006,40.810821,14.070292
063007,40.708037,13.926349
063008,40.776501,14.493025
063009,40.780084,14.455807
063010,40.929017,14.421493
063011,40.958017,14.325747
063012,40.910490,14.174861
063013,40.952339,14.530403
063014,40.548852,14.250158
063015,40.875107,14.572347
063016,40.940068,14.293216
063017,40.903219,14.351586
063018,40.933954,14.560237
063019,40.745187,13.907836
063020,40.930123,14.245885
063021,40.896958,14.276638
063022,40.698766,14.531052
063023,40.895745,14.312145
063024,40.700989,14.480256
063025,40.919396,14.411912
063026,40.863492,14.361553
063027,40.968765,14.520379
063028,40.945534,14.519706
063029,40.947221,14.548244
063030,40.957313,14.291971
063031,40.734851,13.870519
063032,40.939831,14.274930
063033,40.954484,14.268410
063034,40.928883,14.109230
063035,40.685023,14.535035
063036,40.935488,14.259088
063037,40.729486,13.949317
063038,40.747117,13.886536
063039,40.700922,14.560321
063040,40.900734,14.564929
063041,40.891932,14.168533
063042,40.928617,14.433112
063043,40.933911,14.449488
063044,40.601960,14.357109
063045,40.921551,14.230763
063046,40.642634,14.419695
063047,40.800685,14.053850
063048,40.904878,14.211015
063049,40.840474,14.225121
063050,40.914326,14.508925
063051,40.847235,14.483433
063052,40.864106,14.556294
063053,40.623834,14.425756
063054,40.663861,14.522958
063055,40.805363,14.548403
063056,40.856196,14.383783
063057,40.903313,14.387351
063058,40.749769,14.498703
063059,40.816002,14.340449
063060,40.850160,14.103472
063061,40.747341,14.003593
063062,40.923174,14.136384
063063,40.879713,14.129864
063064,40.818598,14.372975
063065,40.988172,14.543478
063066,40.860771,14.523427
063067,40.832239,14.334293
063068,40.824342,14.498617
063069,40.913215,14.548846
063070,40.839626,14.377746
063071,40.620439,14.405110
063072,40.872613,14.396920
063073,40.945967,14.234763
063074,40.727737,14.539588
063075,40.930098,14.477526
063076,40.900787,14.501689
063077,40.906779,14.482991
063078,40.713952,13.892356
063079,40.882945,14.446809
063080,40.616385,14.377444
063081,40.819466,14.572472
063082,40.801539,14.476201
063083,40.743372,14.459267
063084,40.785511,14.393591
063085,40.954339,14.566498
063086,40.651981,14.451451
063087,40.915421,14.161872
063088,40.917307,14.615323
063089,40.886181,14.345102
063090,40.722858,14.512373
063091,40.780177,14.441433
063092,40.839923,14.390351
064001,40.886281,14.816545
064002,41.004864,14.784134
064003,40.937798,15.327171
064004,40.972492,15.497517
064005,41.165604,15.106678
064006,40.914634,14.830315
064007,40.975730,14.613906
064008,40.915338,14.794588
064009,40.812514,15.102418
064010,40.939476,14.632924
064011,41.002445,15.367496
064012,41.088903,14.988481
064013,40.893024,15.371941
064014,40.765961,15.199711
064015,40.924725,15.454315
064016,40.945742,14.873512
064017,40.823397,15.227145
064018,40.954637,14.777860
064019,41.020234,15.212443
064020,41.242887,15.010923
064021,40.878622,15.029119
064022,41.043075,15.180172
064023,40.920699,15.054675
064024,40.929772,14.975427
064025,41.010664,14.630234
064026,40.900252,14.834271
064027,41.041073,14.789372
064028,40.930526,14.936083
064029,40.872058,14.777423
064030,40.878348,15.323809
064031,40.878895,14.588651
064032,41.072981,15.140565
064033,41.019937,15.018348
064034,40.863225,14.732298
064035,41.020342,15.122142
064036,41.013991,15.072254
064037,41.261505,15.177008
064038,41.068175,15.059641
064039,40.968814,14.789520
064040,40.977701,15.237993
064041,41.056181,15.449472
064042,40.975071,14.933506
064043,40.875145,14.620421
064044,40.870881,15.188154
064045,40.983387,14.979882
064046,40.949266,14.847189
064047,40.901601,14.582537
064048,41.109650,15.033433
064049,40.918210,14.738279
064050,41.051028,14.995335
064051,41.255047,15.241335
064052,41.193301,15.017483
064053,40.972799,14.890855
064054,40.899315,14.713959
064055,40.956354,14.817133
064056,41.035413,14.864595
064057,40.827453,15.013684
064058,40.910028,15.006051
064059,41.002817,14.904575
064060,41.011507,15.543325
064063,40.931548,15.265524
064064,40.870864,14.678603
064065,40.934341,14.647436
064066,40.885715,15.102358
064067,40.939472,14.742909
064068,40.897930,14.604242
064069,40.931476,14.891837
064070,40.957751,15.037173
064071,41.028310,14.791271
064072,41.048968,14.885579
064073,40.998091,14.733506
064074,40.994969,14.834569
064075,40.984703,14.861973
064076,40.955672,14.670300
064077,40.849626,14.667663
064078,41.030496,14.719278
064079,40.968829,15.155027
064080,41.036333,14.591073
064081,40.916642,14.896162
064082,40.966637,14.978521
064083,41.016321,14.670895
064084,40.875803,14.838793
064085,41.063587,15.204714
064086,40.927226,14.859467
064087,41.086308,15.229076
064088,40.874404,14.877496
064089,40.854487,15.363824
064090,41.006772,14.991740
064091,40.973714,14.746034
064092,40.917959,15.178907
064093,41.009891,14.850819
064095,40.885364,14.882868
064096,41.213855,15.211923
064097,41.087611,15.321963
064098,40.743822,15.216672
064099,40.835894,14.897650
064100,40.961982,14.656523
064101,40.830834,14.842838
064102,40.908542,14.891331
064103,40.949662,14.615656
064104,41.018399,15.138559
064105,40.955984,14.726114
064106,40.893809,14.649675
064107,41.009989,14.965527
064108,40.854602,15.243155
064109,40.941191,15.096646
064110,41.030424,14.917806
064111,41.026807,14.808827
064112,41.054144,15.246827
064113,41.011183,14.818813
064114,41.038654,15.284680
064115,41.082994,15.255484
064116,41.062305,14.923006
064117,40.972441,15.098710
064118,41.109304,15.150999
064119,40.870402,14.933228
064120,41.123214,15.220135
064121,40.817386,14.795985
065001,40.737426,15.059143
065002,40.348340,15.000217
065003,40.495420,15.104551
065004,40.176348,15.435955
065005,40.526916,15.125128
065006,40.633805,14.580779
065007,40.740157,14.565411
065008,40.446300,15.251542
065009,40.160069,15.193990
065010,40.462154,15.552050
065011,40.635997,14.608082
065012,40.544619,15.421275
065013,40.738098,14.771059
065014,40.597276,14.961306
065015,40.420579,15.304927
065016,40.828983,14.708681
065017,40.636889,15.353313
065018,40.283506,15.623794
065019,40.564744,15.496376
065020,40.779082,14.843939
065021,40.035443,15.367106
065022,40.655920,15.119918
065023,40.293559,15.308198
065024,40.249843,15.322586
065025,40.454200,15.026676
065026,40.214972,15.682004
065027,40.156812,15.646533
065028,40.199450,15.133547
065029,40.186143,15.519513
065030,40.506016,15.232699
065031,40.274701,14.949952
065032,40.216655,15.180461
065033,40.821801,15.320650
065034,40.786935,14.690284
065035,40.417337,15.212561
065036,40.727934,14.847163
065037,40.706304,14.703287
065038,40.103636,15.386178
065039,40.065963,15.304854
065040,40.186195,15.252374
065041,40.659639,14.696743
065042,40.353003,15.118637
065043,40.717132,15.322142
065044,40.615144,14.569943
065045,40.517173,15.200756
065046,40.650483,15.243448
065047,40.711113,14.589390
065048,40.452228,15.403980
065049,40.177350,15.311610
065050,40.566995,15.019381
065051,40.391614,15.244602
065052,40.777581,14.800709
065053,40.624693,14.551960
065054,40.165772,15.318763
065055,40.737126,14.880489
065056,40.735131,14.938630
065057,40.275491,15.220649
065058,40.389731,15.088740
065059,40.086807,15.555534
065060,40.307025,15.019670
065061,40.309530,15.356999
065062,40.166888,15.396695
065063,40.780252,15.338132
065064,40.279003,15.090862
065065,40.348317,15.227766
065066,40.655540,14.662210
065067,40.779714,14.739379
065068,40.656101,14.627839
065069,40.258550,15.272789
065070,40.158126,15.358895
065071,40.234533,14.987334
065072,40.655247,14.930846
065073,40.687350,14.986520
065074,40.359033,15.181296
065075,40.332922,15.508173
065076,40.263153,15.726299
065077,40.155753,15.526059
065078,40.758881,14.637263
065079,40.744213,14.676194
065080,40.228007,15.334387
065081,40.351152,15.062545
065082,40.663933,15.029881
065083,40.689780,15.207540
065084,40.252102,15.108928
065085,40.298583,15.182336
065086,40.489301,15.302527
065087,40.338748,15.657069
065088,40.756456,14.607490
065089,40.654712,15.293566
065090,40.722510,14.761668
065091,40.281102,15.005653
065092,40.296453,15.145541
065093,40.543422,15.450903
065094,40.536645,15.384897
065095,40.328800,15.422456
065096,40.114466,15.251343
065097,40.509741,15.478257
065098,40.193121,15.062011
065099,40.634315,14.893563
065100,40.611998,14.466017
065101,40.585607,15.218421
065102,40.615473,14.526069
065103,40.328172,15.075635
065104,40.673444,14.605879
065105,40.671080,15.450838
065106,40.440819,15.155524
065107,40.138000,15.442878
065108,40.761197,14.681530
065109,40.212646,15.435951
065110,40.620824,15.439194
065111,40.402484,15.351264
065112,40.301681,15.097441
065113,40.382861,15.397435
065114,40.390776,15.611661
065115,40.250043,15.174369
065116,40.679956,14.795640
065117,40.597778,15.450198
065118,40.705062,14.865957
065119,40.054264,15.459440
065120,40.685817,15.386443
065121,40.698026,14.841732
065122,40.776086,14.581794
065123,40.221763,15.038437
065124,40.122657,15.284801
065125,40.450712,15.487711
065126,40.417655,15.491766
065127,40.102488,15.518741
065128,40.465480,15.345971
065129,40.447040,15.500969
065130,40.746564,14.590871
065131,40.812734,15.352742
065132,40.792637,14.607228
065133,40.257776,15.537560
065134,40.069998,15.638482
065135,40.809073,14.623707
065136,40.325228,15.574529
065137,40.758190,14.536357
065138,40.664589,14.586406
065139,40.239694,15.022499
065140,40.566583,15.101646
065141,40.264891,15.075751
065142,40.805403,14.686432
065143,40.585796,15.310638
065144,40.225669,15.099516
065145,40.317288,15.252689
065146,40.402340,15.505307
065147,40.320772,15.042771
065148,40.098665,15.641256
065149,40.133366,15.483330
065150,40.118072,15.623564
065151,40.692006,14.636350
065152,40.406130,15.124514
065153,40.302032,15.396078
065154,40.229172,15.250094
065155,40.752300,15.267006
065156,40.101275,15.591145
065157,40.672090,14.711649
065158,40.620868,14.942529
066001,42.189753,13.711549
066002,42.076349,13.584638
066003,41.712659,14.003399
066004,41.988405,13.818793
066005,41.869534,14.166546
066006,42.043255,13.423444
066007,41.791794,13.584481
066008,42.455958,13.284030
066009,42.354529,13.586083
066010,41.761859,13.975383
066011,41.915333,13.786086
066012,42.004862,13.861424
066013,42.453559,13.208451
066014,42.356293,13.703111
066015,41.995684,14.071975
066016,42.545814,13.361221
066017,41.934618,13.400275
066018,41.986393,14.022301
066019,42.270759,13.807060
066020,41.980584,13.370904
066021,42.526178,13.306833
066022,42.253243,13.676188
066023,42.001631,13.250926
066024,42.323603,13.685674
066025,42.113145,13.117709
066026,42.395238,13.742093
066027,42.098091,13.744886
066028,41.772167,14.142364
066029,41.978413,13.321698
066030,42.322753,13.686850
066031,42.104700,13.718625
066032,42.088410,13.591070
066033,42.052792,13.604443
066034,41.888939,13.484510
066035,41.772589,13.913394
066036,41.900100,13.412208
066037,42.038205,13.767062
066038,42.055010,13.637431
066039,41.893351,13.562439
066040,42.212091,13.791526
066041,42.142917,13.854377
066042,42.250515,13.586033
066043,42.223268,13.611926
066044,42.296392,13.495195
066045,42.115326,13.681459
066046,41.911282,13.740429
066047,42.067141,13.778402
066048,42.003850,13.890519
066049,42.383905,13.413447
066050,41.905849,13.675816
066051,41.943393,13.478777
066052,42.259099,13.374734
066053,42.132714,13.333295
066054,42.123465,13.431329
066055,42.151668,13.740937
066056,42.540085,13.235820
066057,41.840107,13.446456
066058,42.235868,13.734708
066059,42.274610,13.471916
066060,42.343207,13.759702
066061,41.779412,13.850902
066062,42.070844,13.049851
066063,41.981968,13.751505
066064,41.945243,13.625172
066065,42.133667,13.517509
066066,42.056285,14.026562
066067,42.057411,13.114992
066068,41.806147,13.796120
066069,42.013595,13.635350
066070,41.913451,14.064396
066071,41.960796,13.945795
066072,42.453505,13.335829
066073,42.323674,13.544422
066074,42.273266,13.615950
066075,42.097468,13.902689
066076,42.059928,13.841184
066077,42.102310,13.808513
066078,41.857232,14.062626
066079,42.133783,13.899390
066080,42.020020,13.119841
066081,42.233725,13.473645
066082,42.200957,13.497008
066083,41.902432,13.992061
066084,41.842995,14.090161
066085,42.008909,13.610905
066086,42.179817,13.772931
066087,42.277946,13.557247
066088,42.282607,13.659543
066089,42.117643,13.203156
066090,42.283051,13.510679
066091,42.376450,13.643700
066092,41.828649,13.513909
066093,41.877666,13.907345
066094,41.757366,14.053639
066095,42.352564,13.226833
066096,42.055708,13.355037
066097,42.154593,13.655413
066098,42.068571,13.922459
066099,42.071485,13.242191
066100,42.189222,13.648778
066101,42.290726,13.274458
066102,41.936505,13.532188
066103,41.933548,13.811252
066104,42.336126,13.782785
066105,42.263907,13.534879
066106,41.831805,13.662892
066107,41.798819,13.928706
066108,42.133779,13.807831
067001,42.820994,13.891995
067002,42.843910,13.750034
067003,42.474727,13.777757
067004,42.589790,13.988669
067005,42.593940,13.732185
067006,42.739677,13.818862
067007,42.522495,13.801912
067008,42.731703,13.695973
067009,42.664142,13.798862
067010,42.542593,13.726732
067011,42.668150,13.831434
067012,42.490346,13.730497
067013,42.520637,13.873577
067014,42.532541,13.940303
067015,42.586145,13.851090
067016,42.589388,13.805528
067017,42.789418,13.676531
067018,42.549874,13.684834
067019,42.868101,13.873365
067020,42.858632,13.816984
067021,42.824390,13.857955
067022,42.624042,13.482774
067023,42.569704,13.482209
067024,42.529550,13.530750
067025,42.746799,13.948609
067026,42.491356,13.635519
067027,42.559332,13.897206
067028,42.579874,13.629952
067029,42.654988,13.933536
067030,42.740640,13.889770
067031,42.818959,13.812018
067032,42.658003,13.894951
067033,42.581590,13.766111
067034,42.493620,13.549895
067035,42.609795,14.042172
067036,42.678491,13.496792
067037,42.679202,13.975325
067038,42.817997,13.704980
067039,42.787830,13.821606
067040,42.552106,14.091507
067041,42.660331,13.702932
067042,42.824143,13.780679
067043,42.676080,13.609552
067044,42.800180,13.890371
067045,42.551516,13.637939
067046,42.721536,13.488689
067047,42.867738,13.907237
068001,42.195133,14.037265
068002,42.289124,13.989752
068003,42.217773,13.949598
068004,42.302258,13.850418
068005,42.226577,13.831202
068006,42.471833,14.101029
068007,42.150900,14.044801
068008,42.337440,13.843566
068009,42.234405,13.900604
068010,42.356833,13.963350
068011,42.369324,14.109420
068012,42.511500,14.059110
068013,42.347895,13.926815
068014,42.376388,13.880384
068015,42.468720,14.048588
068016,42.276790,13.874458
068017,42.312519,13.939713
068018,42.512589,13.984175
068019,42.425617,13.822166
068020,42.227210,14.050027
068021,42.402329,13.968344
068022,42.279740,14.065034
068023,42.417792,13.863440
068024,42.485758,14.143097
068025,42.432350,14.065781
068026,42.342058,14.004886
068027,42.467846,13.895096
068028,42.458724,14.211692
068029,42.246469,13.871410
068030,42.395010,14.061611
068031,42.476699,13.984404
068032,42.286031,13.910861
068033,42.164220,13.844386
068034,42.186478,14.073516
068035,42.338854,14.045230
068036,42.151553,13.929023
068037,42.104373,14.040620
068038,42.232683,13.984239
068039,42.253938,13.992837
068040,42.229902,14.102778
068041,42.435104,14.133463
068042,42.202859,13.919645
068043,42.251144,13.930714
068044,42.266115,14.030532
068045,42.344640,13.892458
068046,42.383096,13.843707
069001,42.111221,14.355206
069002,42.081607,14.390199
069003,42.291505,14.258977
069004,42.259483,14.305083
069005,42.058521,14.450351
069006,42.040152,14.372399
069007,41.913483,14.310038
069008,42.308738,14.169294
069009,41.986538,14.320856
069010,42.285971,14.290164
069011,42.000479,14.509301
069012,41.919331,14.534035
069013,42.261186,14.214413
069014,42.052956,14.519497
069015,42.164924,14.573253
069016,42.297155,14.115335
069017,42.128901,14.285842
069018,42.193988,14.349741
069019,41.823877,14.539644
069020,41.876077,14.438688
069021,41.877245,14.583739
069022,42.351353,14.145122
069023,41.948987,14.289360
069024,42.083684,14.219783
069025,41.998564,14.205390
069026,41.990856,14.388160
069027,42.284080,14.335656
069028,42.034200,14.692602
069029,41.946863,14.651150
069030,42.246301,14.175052
069031,42.094506,14.154234
069032,42.234282,14.244315
069033,42.234107,14.475976
069034,41.900980,14.491016
069035,42.411170,14.267023
069036,41.979504,14.661530
069037,42.263964,14.381143
069038,42.028524,14.609439
069039,41.902698,14.203573
069040,42.051498,14.268354
069041,42.049799,14.557563
069042,42.311742,14.281950
069043,42.186458,14.239842
069044,41.989690,14.486253
069045,42.052806,14.164004
069046,42.222310,14.403494
069047,42.002555,14.684093
069048,41.993755,14.166819
069049,41.950980,14.553595
069050,42.359951,14.286058
069051,41.963225,14.429947
069052,41.933719,14.391208
069053,41.969058,14.331391
069054,41.971271,14.239242
069055,42.100881,14.642648
069056,42.195857,14.454914
069057,42.228783,14.287097
069058,42.336311,14.371825
069059,42.171254,14.489385
069060,41.971966,14.122458
069061,41.951396,14.603384
069062,42.129266,14.222137
069063,42.002512,14.316984
069064,42.141323,14.172213
069065,42.107277,14.393524
069066,41.916778,14.243923
069067,42.253657,14.327314
069068,42.133527,14.604304
069069,42.204544,14.128508
069070,41.926674,14.274627
069071,42.198312,14.165464
069072,42.366412,14.247836
069073,42.255075,14.138422
069074,42.259527,14.466215
069075,42.074826,14.318887
069076,41.926565,14.465248
069077,41.914874,14.370798
069078,41.893166,14.355704
069079,41.997523,14.582285
069080,41.843705,14.570875
069081,42.415393,14.195702
069082,42.230505,14.218559
069083,42.041730,14.756412
069084,42.217871,14.453578
069085,42.158717,14.353134
069086,42.296520,14.432663
069087,42.095515,14.585294
069088,41.786756,14.489900
069089,42.037087,14.152344
069090,42.348099,14.324613
069091,42.193385,14.554020
069092,42.027958,14.425795
069093,41.868148,14.539998
069094,42.394361,14.230526
069095,42.024056,14.263326
069096,42.261214,14.418585
069097,41.921010,14.624406
069098,42.293034,14.231158
069099,42.116146,14.705350
069100,42.178614,14.570827
069101,42.321916,14.238740
069102,41.963500,14.352244
069103,41.976118,14.378290
069104,41.952972,14.318378
070001,41.858340,14.767202
070002,41.530860,14.568239
070003,41.503984,14.462024
070004,41.710052,14.922482
070005,41.556655,14.571101
070006,41.565958,14.653882
070007,41.452205,14.511921
070008,41.546101,14.739520
070009,41.632808,14.753502
070010,41.920080,15.062013
070011,41.759882,14.838338
070012,41.571921,14.520885
070013,41.746718,14.701919
070014,41.684274,14.732732
070015,41.826291,14.705999
070016,41.618654,14.560189
070017,41.448969,14.743843
070018,41.458679,14.674291
070019,41.787602,14.681335
070020,41.510588,14.534557
070021,41.649737,14.992519
070022,41.657705,14.459241
070023,41.532501,14.668074
070024,41.674821,14.552397
070025,41.520934,14.906734
070026,41.506558,14.744227
070027,41.814027,14.798996
070028,41.420857,14.545418
070029,41.934138,14.901998
070030,41.519795,14.801578
070031,41.835248,14.917390
070032,41.684552,14.621220
070033,41.720909,14.668453
070034,41.769380,14.754697
070035,41.595063,14.909054
070036,41.951191,14.700854
070037,41.640570,14.721284
070038,41.503232,14.664593
070039,41.625918,14.492265
070040,41.619629,14.823445
070041,41.653306,14.682810
070042,41.906238,14.841890
070043,41.859648,14.663029
070044,41.753218,14.967346
070045,41.894587,14.655800
070046,41.972767,14.777222
070047,41.769770,14.950020
070048,41.725670,14.783597
070049,41.592979,14.596615
070050,41.873337,14.829195
070051,42.012452,14.845829
070052,41.692386,14.700197
070053,41.566212,14.861599
070054,41.672082,14.516761
070055,41.908968,15.000635
070056,41.730710,14.819910
070057,41.475139,14.849393
070058,41.677223,14.828092
070059,41.616298,14.645789
070060,41.839851,14.602252
070061,41.766958,15.063097
070062,41.735974,14.526341
070063,41.730620,14.580634
070064,41.892576,14.695509
070065,41.970723,14.945833
070066,41.595916,14.764668
070067,41.460838,14.629760
070068,41.682006,15.036593
070069,41.859026,15.030669
070070,41.477802,14.403663
070071,41.463647,14.491907
070072,41.710488,15.044054
070073,41.701150,14.600010
070074,41.649320,14.869389
070075,41.411317,14.622150
070076,41.546947,14.496465
070077,41.923100,14.743039
070078,41.970285,14.965347
070079,41.640087,14.529801
070080,41.568314,14.792745
070081,41.773999,14.576485
070082,41.477815,14.942182
070083,41.809138,15.020370
070084,41.490569,14.592008
071001,41.188517,15.333792
071002,41.439674,15.153435
071003,41.114402,15.287057
071004,41.779388,15.466152
071005,41.186169,15.668191
071006,41.418423,15.209427
071007,41.266936,15.363648
071008,41.833316,15.730982
071009,41.138261,15.553487
071010,41.364133,15.707182
071011,41.614863,14.971898
071012,41.834595,15.871027
071013,41.631663,15.060882
071014,41.635471,15.137500
071015,41.307335,15.491698
071016,41.354296,15.213134
071017,41.637817,15.148542
071018,41.559958,15.005055
071019,41.321510,15.197376
071020,41.257091,15.836952
071021,41.873664,15.156254
071022,41.215267,15.411723
071023,41.313520,15.157720
071024,41.457295,15.602791
071025,41.881379,15.876042
071026,42.145810,15.555112
071027,41.865307,15.386895
071028,41.520189,15.302477
071029,41.530196,15.801629
071031,41.740664,16.072619
071032,41.147651,15.254802
071033,41.741466,15.968254
071034,41.508467,15.097588
071035,41.292959,15.286586
071036,41.308284,15.715945
071037,41.215667,15.285494
071038,41.913721,16.034621
071039,41.552230,15.177613
071040,41.833794,15.382671
071041,41.667508,15.573561
071042,41.095314,15.507871
071043,41.919307,15.886639
071044,41.355865,15.109052
071046,41.640253,15.756009
071047,41.657445,15.658498
071048,41.519522,15.017088
071049,41.840256,15.560561
071050,41.765062,15.257946
071051,41.637143,15.423746
071052,41.146299,15.377626
071053,41.827164,15.188345
071054,41.298649,15.768164
071055,41.268749,15.717766
071056,41.655785,15.225499
071058,41.360167,15.377171
071059,41.867658,15.982961
071060,41.854292,16.129147
071061,41.477103,15.066416
071062,41.488352,15.150977
071063,41.311857,15.619716
071064,41.453476,15.916431
072001,40.875746,16.835314
072002,40.983492,16.867445
072003,40.797542,17.234931
072004,40.846368,16.540380
072006,41.104690,16.845984
072008,41.012300,16.683225
072010,41.034033,16.758744
072011,41.057249,16.619970
072012,41.040410,16.821770
072014,41.039428,16.923661
072015,40.947389,16.924060
072016,40.867818,16.750330
072017,40.863654,17.194602
072018,41.020352,16.937212
072019,40.952973,17.106119
072020,41.097999,16.365542
072021,40.766433,16.900482
072022,41.163469,16.650108
072023,40.856151,16.353643
072024,40.959876,16.699258
072025,40.776255,17.326185
072027,41.084472,16.786030
072028,41.029898,17.065959
072029,41.183696,16.570945
072030,40.889253,17.279407
072031,40.763999,17.107587
072032,41.035644,16.976191
072033,41.041529,16.648222
072034,40.914648,16.244454
072035,40.967680,17.183163
072036,40.840368,17.090478
072037,40.996518,17.015548
072038,41.035738,16.396718
072039,40.882898,16.947662
072040,40.964637,16.780443
072041,40.802490,16.759595
072043,41.110666,16.547183
072044,40.978257,16.625237
072046,41.064195,16.945584
072047,40.907162,17.003009
072048,41.040987,16.888990
073001,40.347361,17.744610
073002,40.468960,17.409319
073003,40.600013,16.892029
073004,40.612319,17.239642
073005,40.413013,17.378528
073006,40.433923,17.479349
073007,40.511609,16.797580
073008,40.534375,17.399107
073009,40.647913,16.786738
073010,40.388231,17.324502
073011,40.362184,17.449187
073012,40.383195,17.641272
073013,40.697987,17.310577
073014,40.323934,17.542421
073015,40.611233,17.141466
073016,40.502907,17.370933
073017,40.567487,17.345086
073018,40.449190,17.408719
073019,40.693948,17.057353
073020,40.566769,16.963119
073021,40.546476,17.020674
073022,40.371936,17.366400
073023,40.441030,17.407493
073024,40.468056,17.367635
073025,40.460081,17.498573
073026,40.398678,17.542796
073027,40.459205,17.317450
073028,40.342675,17.502194
073029,40.547637,17.233947
074001,40.625513,17.921095
074002,40.700532,17.720598
074003,40.650558,17.528875
074004,40.478647,17.931757
074005,40.756651,17.429404
074006,40.431648,17.728243
074007,40.806490,17.415012
074008,40.518522,17.575980
074009,40.577340,17.709159
074010,40.533713,17.809540
074011,40.502900,17.665303
074012,40.714249,17.528657
074013,40.454290,17.897634
074014,40.608559,17.634801
074015,40.421651,17.819891
074016,40.512527,18.007954
074017,40.635178,17.709294
074018,40.499394,18.057585
074019,40.487470,17.743240
074020,40.557507,17.477073
075002,39.890852,18.330350
075003,40.047339,18.061779
075004,39.935961,18.085005
075005,39.981223,18.367339
075006,40.134375,18.131781
075007,40.337271,18.069554
075008,40.148837,18.356501
075009,40.051101,18.299371
075010,40.248713,18.292905
075011,40.418024,17.995195
075012,40.164052,18.399109
075013,40.257201,18.243807
075014,40.348476,18.034581
075015,40.214040,18.349465
075016,40.015734,18.159110
075017,40.277446,18.265036
075018,40.174535,18.308635
075019,39.825612,18.344913
075020,40.302066,18.195897
075021,40.078873,18.174284
075022,40.275677,18.041086
075023,40.157272,18.252243
075024,39.884150,18.384181
075025,40.153748,18.320494
075026,40.102605,18.198641
075027,39.999072,18.392256
075028,39.842812,18.371670
075029,40.196805,18.140389
075030,40.142056,18.061584
075031,40.040804,18.004941
075032,40.106179,18.384178
075033,40.133344,18.434968
075034,40.418244,17.925970
075035,40.407358,18.160414
075036,40.281619,18.136864
075037,40.293443,17.973568
075038,40.317680,18.235872
075039,40.113410,18.286745
075040,40.203756,18.291261
075041,40.239311,18.260347
075042,40.025069,18.119502
075043,40.266369,18.386613
075044,39.979474,18.116603
075045,40.135633,18.275996
075046,39.968399,18.311207
075047,40.080113,18.416270
075048,40.311459,18.091696
075049,39.987732,18.314643
075050,39.855719,18.306104
075051,40.111709,18.343505
075052,40.236077,17.957416
075053,40.098340,18.123432
075054,40.022350,18.317107
075055,40.370541,18.043345
075056,40.027717,18.398602
075057,40.158400,18.462666
075058,40.128968,18.382046
075059,40.058364,18.107024
075060,39.826801,18.317941
075061,40.059609,18.392789
075063,39.962224,18.073848
075064,39.982823,18.253470
075065,40.379228,17.888422
075066,39.863339,18.272724
075067,40.094488,18.356169
075068,40.299379,18.160289
075069,40.266074,18.187742
075070,40.100593,18.051790
075071,40.300849,18.110179
075072,40.057417,18.446767
075073,40.074592,18.269748
075074,40.127055,18.107573
075075,40.148656,18.199911
075076,40.201381,18.198973
075077,39.939619,18.288816
075078,40.019376,18.363417
075079,40.462469,18.042027
075080,40.230852,18.221596
075081,40.033183,18.250083
075082,40.020421,18.337629
075083,40.421209,18.134215
075084,39.952566,18.217146
075085,39.986912,18.075585
075086,39.902356,18.373174
075087,40.428704,18.074499
075088,39.938625,18.356609
075089,40.076650,18.095593
075090,39.905847,18.161262
075091,40.113077,18.461054
075092,40.343295,17.921174
075093,40.325703,18.296299
075094,40.199689,18.253105
075095,40.042603,18.312204
075096,40.006944,18.416420
075097,40.277151,17.851177
075098,39.886871,18.238188
076001,40.533265,15.795766
076002,40.803572,15.931566
076003,40.599106,16.044078
076004,40.526773,15.906780
076005,40.307544,16.063945
076006,40.868609,15.631338
076007,40.768525,15.756862
076008,40.662441,15.520792
076009,40.889779,16.033219
076010,40.693836,15.605394
076011,40.955395,15.696363
076012,40.748329,15.605291
076013,40.482315,15.603943
076014,40.601277,15.925055
076015,40.459280,15.867091
076016,40.152234,16.144060
076017,40.568841,16.077314
076018,40.726753,15.920388
076019,40.135297,16.083142
076020,40.015927,16.354472
076021,40.796185,15.439156
076022,40.010313,16.010156
076023,40.028210,15.966000
076024,40.524076,16.019908
076025,40.165972,15.972631
076026,40.181917,16.170795
076027,40.035819,16.374218
076028,40.063103,16.189687
076029,40.398067,16.029349
076030,40.071948,16.094919
076031,40.041931,16.152925
076032,40.829902,15.749374
076033,40.852270,15.853568
076034,40.054748,16.212511
076035,40.298035,16.139171
076036,40.838122,16.098206
076037,40.293230,15.880203
076038,40.353515,16.111927
076039,40.154618,15.781203
076040,40.080529,16.004001
076041,40.452597,15.978690
076042,40.074212,15.898343
076043,41.079995,15.857280
076044,39.996265,15.725516
076045,40.421260,15.738412
076046,40.376210,15.818664
076047,40.920547,15.859110
076048,41.031398,15.615028
076049,40.308600,16.167114
076050,40.219386,15.853534
076051,41.033889,15.967588
076052,40.311092,15.998979
076053,40.743732,15.460032
076054,40.082058,15.811329
076055,40.110579,16.324773
076056,40.766427,16.046579
076057,40.914868,15.942110
076058,40.847064,15.404336
076059,40.641071,15.637374
076060,40.755569,15.856620
076061,40.493350,16.087662
076062,40.573508,15.786749
076063,40.658843,15.802838
076064,40.981330,15.709780
076065,40.856275,15.492687
076066,40.927127,15.616283
076067,40.886771,15.730895
076068,40.080000,15.729391
076069,40.231766,16.195452
076070,39.931652,16.056120
076071,40.701990,15.694594
076072,40.883190,15.542270
076073,40.680559,16.077939
076074,40.209250,16.079310
076075,40.053285,16.277216
076076,40.822122,15.601988
076077,40.248736,16.053931
076078,40.024632,16.157744
076079,40.543675,15.573255
076080,40.246756,16.309198
076081,40.225463,15.913038
076082,40.488721,15.694176
076083,40.541937,15.625718
076084,40.591423,15.588912
076085,40.154559,16.309687
076086,40.241543,15.959018
076087,40.131016,16.156450
076088,39.953151,16.283261
076089,40.574125,15.679771
076090,40.705695,16.053911
076091,40.316227,15.780368
076092,40.013880,15.777660
076093,40.569977,15.980868
076094,40.673217,15.926658
076095,41.002047,15.852622
076096,40.605780,15.531736
076097,39.980977,16.113110
076098,40.358911,15.917842
076099,40.915251,15.751315
076100,40.370822,15.740620
077001,40.491486,16.140923
077002,40.306236,16.239485
077003,40.406499,16.737900
077004,40.582825,16.198906
077005,40.426785,16.150876
077006,40.204447,16.407461
077007,40.364497,16.442757
077008,40.471849,16.439624
077009,40.567893,16.243660
077010,40.384602,16.154364
077011,40.640123,16.288457
077012,40.642729,16.367650
077013,40.737341,16.240163
077014,40.673877,16.574697
077015,40.576739,16.517460
077016,40.290293,16.580201
077017,40.486777,16.661590
077018,40.144779,16.571952
077019,40.525073,16.190833
077020,40.386983,16.638967
077021,40.196520,16.676044
077022,40.477734,16.562414
077023,40.165459,16.573844
077024,40.537871,16.313135
077025,40.105109,16.388968
077026,40.474748,16.293221
077027,40.356351,16.323820
077028,40.653595,16.166775
077029,40.250900,16.521373
077030,40.161949,16.453215
077031,40.247064,16.693897
078001,39.728955,16.085081
078002,39.488673,15.988652
078003,39.493612,16.434859
078004,39.111940,16.164962
078005,39.916599,15.849890
078006,39.929011,16.485517
078007,39.966013,16.389457
078008,39.125766,16.256111
078009,39.687502,16.189079
078010,39.100821,16.098435
078011,39.960470,16.566065
078012,39.216886,16.465324
078013,39.179470,16.105602
078014,39.169580,16.283122
078015,39.637868,15.885241
078016,39.096803,16.438355
078017,39.529838,16.274537
078018,39.391415,16.728086
078019,39.576172,15.919447
078020,39.679696,15.896979
078021,39.554725,16.785905
078022,39.518157,16.765227
078023,39.399988,16.827762
078024,40.086277,16.508870
078025,39.485654,16.949041
078026,39.246682,16.209923
078027,39.149735,16.334114
078029,39.758454,16.391250
078030,39.361338,16.283720
078031,39.316135,16.209855
078032,40.001807,16.446047
078033,39.821132,16.233259
078034,39.366630,16.417905
078035,39.218058,16.348433
078036,39.857563,16.357777
078037,39.280846,16.156285
078038,39.554152,16.174219
078039,39.513425,16.135298
078040,39.533596,15.970309
078041,39.842887,16.318691
078042,39.075983,16.148784
078043,39.123954,16.447577
078045,39.277941,16.272893
078046,39.520861,16.717081
078047,39.586884,16.779776
078048,39.696002,15.816381
078049,39.236047,16.237230
078050,39.208328,16.206282
078051,39.563785,16.056244
078052,39.277241,16.104686
078053,39.222487,16.329358
078054,39.721141,16.186065
078055,39.239795,16.105107
078056,39.810181,16.382402
078057,39.839956,16.277541
078058,39.435111,16.045288
078059,39.133715,16.223186
078060,39.725498,15.902766
078061,39.482490,16.009087
078062,39.162004,16.153461
078063,39.969232,15.953086
078064,39.932518,15.956453
078065,39.330216,16.323735
078066,39.449655,16.168435
078067,39.207082,16.088453
078068,39.450615,16.612598
078069,39.752108,16.092510
078070,39.443315,16.294784
078071,39.704017,15.890092
078072,39.166798,16.250206
078073,39.607631,16.060502
078074,39.500293,16.848030
078075,39.205641,16.317244
078076,39.309911,16.168986
078077,39.295364,16.153800
078078,39.158185,16.342898
078079,39.261640,16.178672
078080,39.534124,16.144306
078081,39.394546,16.166377
078082,40.050709,16.554865
078083,39.861991,16.113215
078084,39.877648,15.981724
078085,39.652184,16.031570
078086,40.105237,16.461355
078087,40.041891,16.459812
078088,39.797550,15.935579
078089,39.529718,16.689043
078090,39.078338,16.458422
078091,39.371746,16.064430
078092,39.869845,15.896499
078093,39.159263,16.461711
078094,39.212450,16.273002
078096,39.109602,16.323406
078097,39.233943,16.313962
078098,39.258656,16.342054
078099,39.498468,16.793212
078100,39.898604,16.419246
078101,39.887735,15.802445
078102,39.345746,16.208351
078103,40.094194,16.578257
078104,39.638466,16.181245
078105,39.177754,16.403415
078106,39.397936,16.318262
078107,39.989030,16.596076
078109,39.459172,16.093852
078110,39.314919,16.325814
078111,39.801292,16.182074
078112,39.425692,16.118611
078113,39.601639,16.419796
078114,39.601582,16.372661
078115,39.711005,16.033913
078116,39.335575,16.132761
078117,39.615301,15.906210
078118,39.611951,16.466864
078119,39.268830,16.631451
078120,39.902322,16.308736
078121,39.680174,16.270893
078122,39.304309,16.087604
078123,39.579689,16.167230
078124,39.482435,16.129001
078125,39.847871,15.790025
078126,39.112286,16.107235
078127,39.356436,16.346087
078128,39.664889,16.050539
078129,39.591095,16.086014
078130,39.829583,15.850807
078131,39.628606,15.970291
078132,39.746589,15.843996
078133,39.575032,16.300648
078134,39.197896,16.369610
078135,39.370260,16.150264
078136,39.773255,16.134607
078137,39.447656,16.896413
078138,39.812331,15.802586
078139,39.125334,16.321840
078140,39.085353,16.125930
078142,39.688325,16.312312
078143,39.338608,16.463723
078145,39.619969,16.265974
078146,39.667282,16.363419
078147,39.461768,16.956973
078148,39.506953,16.182088
078149,39.964064,15.825940
078150,39.877130,16.523123
078152,39.589076,16.437978
078153,39.763801,15.951957
078154,39.831540,16.469443
078155,39.314875,16.271712
078156,39.303997,16.478403
078157,39.617961,16.518580
079002,39.043852,16.603201
079003,38.788738,16.433628
079004,38.952544,16.451999
079005,38.990720,16.802726
079007,38.681335,16.437922
079008,38.571455,16.502513
079009,38.979072,16.856930
079011,38.822921,16.547460
079012,38.943082,16.853602
079017,38.878053,16.510705
079018,38.639731,16.407779
079020,39.048122,16.447287
079023,38.891916,16.599529
079024,38.733718,16.393051
079025,38.742196,16.428551
079027,39.015562,16.754003
079029,38.694366,16.399673
079030,39.025189,16.471689
079033,39.037136,16.270882
079034,38.831533,16.409724
079036,38.958645,16.775854
079039,38.825901,16.288349
079042,38.643927,16.488506
079043,39.044029,16.366240
079047,38.994132,16.167893
079048,38.945031,16.371664
079052,38.999911,16.562112
079055,38.672621,16.456631
079056,38.742152,16.496166
079058,38.988228,16.512858
079059,38.804679,16.427973
079060,38.962611,16.192208
079061,38.509031,16.486455
079063,38.590031,16.496177
079065,38.818626,16.364388
079068,39.036342,16.631861
079069,38.875921,16.393539
079071,39.012591,16.859237
079072,38.913193,16.469209
079073,39.077578,16.243328
079074,39.060389,16.219735
079077,38.971727,16.469346
079080,38.751295,16.523725
079081,38.724030,16.502988
079083,39.093642,16.297780
079087,39.040478,16.164606
079088,38.726981,16.417746
079089,38.754998,16.474812
079092,38.979201,16.578993
079094,38.700512,16.478508
079095,39.062187,16.733296
079096,38.934171,16.395989
079099,39.015615,16.320942
079108,38.847863,16.506539
079110,39.059812,16.185869
079114,38.851268,16.325333
079115,39.001013,16.459944
079116,38.617353,16.476594
079117,38.531472,16.521274
079118,38.607902,16.500428
079122,38.711940,16.383833
079123,38.658071,16.472417
079126,38.972003,16.635545
079127,38.916112,16.737966
079129,38.980567,16.399636
079130,39.002948,16.714540
079131,38.899778,16.519121
079133,38.902348,16.660803
079134,39.043922,16.519073
079137,38.686279,16.535154
079138,39.068611,16.398936
079139,38.922156,16.693660
079142,38.790948,16.525382
079143,38.766494,16.547995
079146,39.112288,16.585623
079147,38.927562,16.524103
079148,38.660111,16.354553
079151,38.768453,16.429145
079157,39.045650,16.661088
079160,38.959149,16.284141
080001,38.075773,15.981694
080002,38.300902,16.234775
080003,38.440501,16.073769
080004,38.277011,16.160682
080005,38.198638,16.160133
080006,38.063458,15.826832
080007,38.279943,15.818846
080008,38.170702,16.135191
080009,38.060462,16.130149
080010,38.506568,16.431709
080011,38.004550,15.954495
080012,38.151433,16.155967
080013,37.947043,15.951699
080014,37.980828,16.068103
080015,38.018232,16.067017
080016,38.190590,15.729743
080017,38.425666,16.522217
080018,38.215524,15.666320
080019,38.517577,16.025024
080020,38.322157,16.179883
080021,38.061947,16.102714
080022,38.097227,15.808070
080023,38.185187,16.067281
080024,38.119635,16.096432
080025,38.407927,16.403573
080026,38.260868,16.129409
080027,38.415760,16.129153
080028,38.370951,16.063369
080029,37.985703,15.873098
080030,38.244669,15.911483
080031,38.226019,15.921960
080032,38.472022,16.055523
080033,38.029538,16.105161
080034,38.214021,15.696528
080035,38.463945,16.181550
080036,38.287677,16.188405
080037,38.433971,16.150432
080038,38.427824,15.923431
080039,38.355094,16.316817
080040,38.369132,16.277673
080041,38.191475,15.762000
080042,38.493625,16.077810
080043,38.240678,16.228130
080044,38.379821,16.214814
080045,38.314975,16.329416
080046,38.445991,16.098092
080047,38.388227,16.294493
080048,38.291015,15.866346
080049,38.445353,16.045115
080050,37.949637,15.772472
080051,38.309883,16.063575
080052,38.450007,16.552059
080053,37.987462,15.746723
080054,38.001799,15.706402
080055,38.302372,15.965763
080056,37.960596,16.006688
080057,38.383482,15.879037
080058,38.469854,16.429568
080059,38.427168,16.436752
080060,38.223606,16.070429
080061,38.411885,16.061494
080062,38.221130,16.209295
080063,38.104810,15.717546
080064,38.403615,16.511261
080065,38.411916,15.960390
080066,38.088126,15.887258
080067,38.367028,16.357447
080068,38.063783,15.886463
080069,38.478034,15.989498
080070,38.103786,15.991823
080071,38.370234,16.120126
080072,38.400439,16.284312
080073,38.011970,15.835007
080074,38.147442,16.029651
080075,38.496315,16.175450
080076,38.304151,15.901011
080077,38.201180,15.786287
080078,38.248419,15.965156
080079,38.074300,16.055885
080080,38.179070,15.766427
080081,38.237775,15.848899
080082,38.217453,16.200901
080083,38.176393,15.810501
080084,38.233547,15.948334
080085,38.222921,15.796016
080086,38.342383,15.877318
080087,38.526051,16.100530
080088,38.289140,16.277218
080089,38.252080,15.891305
080090,38.003754,16.044472
080091,38.389122,16.484203
080092,38.484249,16.462239
080093,38.369543,15.994976
080094,38.329628,16.014553
080095,38.299889,16.005462
080096,38.228127,15.669266
080097,38.478996,15.930775
081001,37.958352,12.979922
081002,37.993188,12.735674
081003,37.896780,12.886335
081004,37.614701,12.719667
081005,38.025591,12.809278
081006,37.668715,12.826825
081007,38.074849,12.718724
081008,38.011994,12.616493
081009,37.956150,12.272148
081010,37.808097,12.922909
081011,37.842667,12.514465
081012,37.699669,12.645997
081013,37.958132,12.582892
081014,36.790172,11.982727
081015,37.714684,12.877254
081016,37.790650,13.059475
081017,37.767670,12.983883
081018,37.825393,12.785514
081019,37.791283,12.868704
081020,38.143499,12.750846
081021,37.946483,12.622832
081022,38.027432,12.639195
081023,37.862592,12.832711
081024,37.711480,12.513605
081025,37.917360,12.535500
082001,37.766756,13.732070
082002,37.676979,14.123290
082003,37.859821,13.779043
082004,38.018333,13.561847
082005,38.033750,13.316271
082006,38.075898,13.494981
082007,38.051255,13.016143
082008,37.932890,13.533556
082009,38.043866,13.389764
082010,37.727445,13.211084
082011,37.973444,13.479788
082012,37.696749,14.121791
082013,38.040493,13.160568
082014,37.879994,13.671243
082015,37.787158,13.908553
082016,37.812171,13.511916
082017,37.982785,13.865497
082018,37.750193,13.258082
082019,37.896483,13.088453
082020,38.165089,13.241043
082021,38.135650,13.162993
082022,37.936820,14.095694
082023,38.012558,13.546067
082024,37.727832,13.979287
082025,37.703039,13.598120
082026,37.911107,13.462778
082027,37.996293,14.025381
082028,37.891444,13.825611
082029,37.676185,13.301753
082030,37.877816,13.558069
082031,38.153580,13.120089
082032,37.936160,13.908543
082033,37.740194,13.131616
082034,37.805107,13.335064
082035,38.088282,13.466403
082036,37.758209,14.225904
082037,37.848392,14.172532
082038,38.078752,13.179312
082039,37.676984,13.221607
082040,37.867587,13.418988
082041,37.970288,13.979910
082042,37.909416,14.006152
082043,38.197277,13.245483
082044,38.002192,13.940044
082045,37.744608,13.603644
082046,37.945744,13.415404
082047,37.872285,13.467939
082048,38.022607,13.438834
082049,37.926587,13.179357
082050,38.085941,13.190615
082051,37.836691,13.758111
082052,37.663588,13.384089
082053,38.130028,13.326784
082054,38.023714,13.065665
082055,37.783639,14.128228
082056,37.732315,14.023745
082057,37.963370,13.318812
082058,37.770182,13.967479
082059,37.991289,14.118312
082060,37.745775,13.450367
082061,37.823939,13.167436
082062,37.809153,13.651324
082063,37.935549,13.181305
082064,37.975042,13.179778
082065,37.926242,14.227015
082066,37.970783,13.356473
082067,38.063232,13.517522
082068,37.925415,13.764506
082069,37.783371,13.810071
082070,37.959285,13.739314
082071,38.124842,13.083930
082072,38.150207,13.242015
082073,37.987697,13.619128
082074,38.070760,13.051026
082075,38.707462,13.179770
082076,37.756587,13.819047
082077,37.965206,13.538692
082078,37.787156,13.567793
082079,38.076213,13.440680
082080,37.934109,13.489742
082081,37.869872,13.917218
082082,37.731526,14.116690
083001,37.976223,14.697874
083002,38.044159,15.403591
083003,38.018146,15.424404
083004,37.955657,15.229526
083005,38.128639,15.233817
083006,38.063799,15.070039
083007,38.148144,14.833180
083008,37.865296,14.492419
083009,38.147283,14.758932
083010,38.095401,14.715308
083011,37.977520,14.470372
083012,37.979093,15.279659
083013,37.880436,14.286179
083014,38.071494,14.815467
083015,37.870479,15.261945
083016,38.066664,15.225899
083017,37.872878,14.681845
083018,38.172606,15.329458
083019,38.108191,15.069951
083020,38.116497,14.832124
083021,38.046356,15.367560
083022,37.967812,14.906892
083023,38.006464,15.174234
083024,37.927905,15.312211
083025,37.938273,15.120460
083026,38.064853,14.750972
083027,37.984746,15.325045
083028,38.104961,15.110902
083029,37.862385,15.224082
083030,37.997916,14.795653
083031,37.907505,15.304979
083032,37.827327,15.264284
083033,38.152511,14.921679
083034,37.895234,15.217616
083035,38.140196,15.330423
083036,38.051734,15.432124
083037,38.558565,14.824587
083038,37.891589,15.301586
083039,38.082675,14.962553
083040,37.949165,15.267308
083041,38.556188,14.893844
083042,37.954948,14.757987
083043,38.573518,14.837321
083044,37.925211,15.053081
083045,38.015233,15.329452
083046,38.085449,15.131766
083047,38.159314,15.256145
083048,38.193456,15.516259
083049,38.227108,15.243752
083050,37.999234,14.662651
083051,38.089986,14.749466
083052,37.894587,14.370712
083053,37.910869,15.037873
083054,38.144256,15.382981
083055,37.904594,15.255476
083056,38.119766,14.939153
083057,38.000553,15.027501
083058,37.912980,15.188341
083059,37.991341,14.309991
083060,38.117651,14.784059
083061,38.020156,15.356745
083062,38.029938,15.131963
083063,38.115732,15.040878
083064,38.186440,15.304884
083065,38.001182,15.334158
083066,38.130307,14.995855
083067,37.946229,14.271058
083068,38.154454,14.871416
083069,38.022965,14.923863
083070,37.985835,14.338101
083071,37.932579,15.260064
083072,37.992902,15.371363
083073,38.178705,15.376671
083074,37.945953,15.001953
083075,38.070311,15.177164
083076,38.173988,15.421983
083077,38.182574,15.280415
083078,37.969257,14.625749
083079,38.057428,14.710984
083080,38.155311,15.353639
083081,38.043774,14.964266
083082,38.063900,14.780361
083083,37.927576,14.969910
083084,38.035371,14.640722
083085,37.925299,15.332345
083086,38.096795,15.298110
083087,38.552829,14.862689
083088,38.103245,14.897643
083089,37.962753,15.342828
083090,37.839555,14.696160
083091,37.994881,14.365904
083092,38.191540,15.442940
083093,37.957318,15.335329
083094,38.053120,15.451470
083095,38.088266,14.837015
083096,38.204160,15.393365
083097,37.849785,15.276973
083098,38.201155,15.354698
083099,37.991336,14.836766
083100,38.050881,15.087784
083101,37.989993,14.232371
083102,38.027206,14.881270
083103,38.205131,15.362250
083104,38.197910,15.376924
083105,38.218129,15.457392
083106,38.126247,15.145926
083107,38.052123,14.582503
083108,38.095148,14.691677
084001,37.315959,13.585443
084002,37.543221,13.466643
084003,37.414415,13.613481
084004,37.579976,13.405536
084005,37.619311,13.297061
084006,37.521969,13.321232
084007,37.578767,13.202316
084008,37.254343,13.809764
084009,37.625474,13.691451
084010,37.232171,13.932678
084011,37.370748,13.841861
084012,37.527934,13.622528
084013,37.359242,13.755399
084014,37.423436,13.361773
084015,37.494830,13.413726
084016,37.402019,13.663410
084017,37.318154,13.669182
084018,37.422217,13.687445
084019,37.381860,13.559952
084020,35.611627,12.624063
084021,37.161813,13.910930
084022,37.556031,13.329588
084023,37.614574,12.961396
084024,37.392772,13.348387
084025,37.684126,12.941115
084026,37.277270,13.817337
084027,37.184253,13.760268
084028,37.309533,13.508854
084029,37.398034,13.749428
084030,37.403140,13.532137
084031,37.248643,13.987833
084032,37.313176,13.454131
084033,37.459755,13.295048
084034,37.648177,13.103394
084035,37.512417,13.549449
084036,37.615378,13.649238
084037,37.437240,13.550322
084038,37.689984,13.021942
084039,37.470644,13.529494
084040,37.592902,13.515636
084041,37.543893,13.108507
084042,37.362175,13.382898
084043,37.559694,13.282454
085001,37.565745,13.699966
085002,37.462535,13.787799
085003,37.199638,14.133989
085004,37.478026,13.993890
085005,37.486096,13.705537
085006,37.354588,13.914086
085007,37.105526,14.294551
085008,37.599446,13.893039
085009,37.279393,14.186095
085010,37.461436,13.735721
085011,37.459004,13.826157
085012,37.563069,13.812849
085013,37.147695,14.395359
085014,37.671452,14.055667
085015,37.298601,14.085175
085016,37.505363,13.925930
085017,37.592461,14.095595
085018,37.456238,13.885815
085019,37.312896,14.010403
085020,37.522836,13.735851
085021,37.698859,13.799135
085022,37.641806,13.872450
086001,37.612163,14.535926
086002,37.425729,14.510735
086003,37.565579,14.457330
086004,37.363776,14.195170
086005,37.639184,14.231082
086006,37.569921,14.695735
086007,37.608097,14.756886
086008,37.818489,14.505020
086009,37.528090,14.315301
086010,37.712873,14.530603
086011,37.646196,14.368177
086012,37.749880,14.359630
086013,37.698598,14.458375
086014,37.402720,14.363518
086015,37.395749,14.127828
086016,37.658238,14.650251
086017,37.753366,14.308399
086018,37.765934,14.655976
086019,37.512824,14.391966
086020,37.590252,14.167996
087001,37.595868,15.111012
087002,37.561222,15.153381
087003,37.594640,15.140655
087004,37.632294,15.164327
087005,37.625856,15.117056
087006,37.692094,14.863562
087007,37.553805,14.948819
087008,37.654172,14.884327
087009,37.829332,14.830158
087010,37.818636,15.216118
087011,37.190973,14.501673
087012,37.552669,14.999672
087013,37.515363,14.669654
087014,37.852207,15.101279
087015,37.474673,15.036325
087016,37.788897,15.207036
087017,37.711321,15.165858
087018,37.219281,14.607652
087019,37.550219,15.062048
087020,37.132729,14.688628
087021,37.819054,15.105500
087022,37.805141,14.903764
087023,37.759330,15.164711
087024,37.582605,15.043584
087025,37.288165,14.789630
087026,37.732715,15.101206
087027,37.316522,14.657655
087028,37.324093,14.453491
087029,37.494960,15.007147
087030,37.476295,14.958047
087031,37.661192,15.012804
087032,37.346367,14.761537
087033,37.535895,14.852851
087034,37.639144,15.051998
087035,37.794765,15.113013
087036,37.492635,14.530440
087037,37.442503,14.683193
087038,37.830294,14.854432
087039,37.699734,15.192901
087040,37.286205,14.364391
087041,37.568656,15.098426
087042,37.557729,15.108937
087043,37.276348,14.420977
087044,37.569821,15.026743
087045,37.550351,15.085740
087046,37.760331,15.080290
087047,37.628919,14.896113
087048,37.685966,15.144531
087049,37.302795,14.850032
087050,37.648106,15.071965
087051,37.568167,15.077583
087052,37.579009,15.121050
087053,37.625694,15.094557
087054,37.178933,14.776026
087055,37.699710,15.078159
087056,37.079960,14.566000
087057,37.875591,14.780648
087058,37.657723,14.954462
088001,37.016243,14.448611
088002,37.051870,14.636012
088003,36.976783,14.596737
088004,37.076285,14.809753
088005,36.745191,14.931489
088006,36.883976,14.838793
088007,37.076989,14.734856
088008,36.733520,14.850353
088009,36.917793,14.675056
088010,36.825323,14.527260
088011,36.755450,14.702051
088012,36.953248,14.499609
089001,37.252203,15.174242
089002,36.929193,15.136172
089003,37.153183,14.855635
089004,37.082077,14.863188
089005,37.038243,15.075295
089006,37.258590,14.999842
089007,37.102085,14.949192
089008,37.132685,14.932373
089009,37.083233,15.111749
089010,37.234017,14.876938
089011,37.314112,14.905041
089012,37.206228,15.119461
089013,36.901255,15.032858
089014,36.706762,15.079684
089015,37.070198,14.978280
089016,36.867339,14.910628
089017,37.031743,15.230280
089018,37.103769,15.103372
089019,37.140322,15.035039
089020,36.674903,15.118066
089021,37.145874,15.189876
090001,40.970620,9.025421
090002,40.682580,9.352140
090003,40.592816,8.265193
090004,40.460498,9.028266
090005,40.625226,8.826030
090006,41.106615,9.432333
090007,40.582561,8.665775
090008,40.441043,9.164001
090009,40.772536,9.200521
090010,40.551759,8.678703
090011,40.541294,8.773822
090012,40.417669,9.044240
090013,40.433897,8.843225
090014,40.871084,8.972824
090015,40.524493,8.738842
090016,40.398752,9.003105
090017,40.589070,9.271149
090018,40.482872,9.099583
090019,40.860221,8.856086
090020,40.397110,8.986521
090021,40.928728,9.254210
090022,40.683880,8.643854
090023,40.895377,8.724603
090024,40.493336,8.685169
090025,40.725672,8.848093
090026,40.674004,8.691221
090027,40.445766,8.669000
090028,40.379743,8.991950
090029,40.622556,8.646765
090030,40.466352,8.711597
090031,40.352860,8.997693
090032,40.537889,8.904245
090033,40.584385,8.557421
090034,40.814210,8.845807
090035,41.215117,9.442305
090036,41.072180,9.206568
090037,40.974487,9.191019
090038,40.439012,8.641547
090039,40.784019,8.818339
090040,40.473257,8.556603
090041,40.787046,9.351135
090042,40.547835,8.850442
090043,40.700097,8.619292
090044,40.525389,8.984673
090045,40.485516,9.225751
090046,40.795784,8.758724
090047,40.918092,9.570191
090048,40.650710,8.383792
090049,40.739876,9.093641
090050,40.752639,8.657025
090051,40.651852,8.603631
090052,40.631906,8.943765
090053,40.406896,8.577269
090054,41.181183,9.347171
090055,40.580279,9.125497
090056,40.834482,8.950002
090057,40.681960,8.752594
090058,40.959442,8.296772
090059,40.364445,8.650809
090060,40.564776,8.438175
090061,40.486339,8.580538
090062,41.102195,9.117281
090063,41.226076,9.230943
090064,40.750326,8.377083
090065,40.874460,8.814297
090066,40.367543,8.717784
090067,40.797974,8.622719
090068,40.593377,8.733360
090069,40.819268,8.575943
090070,40.981356,9.142452
090071,40.521965,8.671051
090072,40.666124,8.568394
090073,40.501955,8.798220
090074,41.026978,8.956071
090075,40.747447,9.001532
090076,40.633451,8.465706
090077,40.657465,8.540327
090078,40.480223,8.494655
090079,40.917564,8.815240
090080,40.915060,9.344499
090081,40.953189,8.873304
090082,40.922518,8.938760
090083,40.988058,9.584794
090084,40.845771,9.568752
090085,40.965987,9.315711
090086,40.856062,8.707762
090087,40.892587,8.874405
090088,40.789993,8.943565
090089,40.902725,8.220973
090090,40.708489,9.498301
090091,40.701634,9.711330
090092,40.812023,9.676551
091001,39.940043,9.192067
091002,39.890849,9.441992
091003,39.974549,9.070988
091004,40.085648,9.052843
091005,39.840033,9.654593
091006,40.103895,9.644833
091007,39.970535,9.159961
091008,40.253774,8.818308
091009,40.564682,9.410662
091010,40.319781,8.950272
091011,40.212132,8.746161
091012,40.301598,8.826963
091016,40.019265,9.252409
091017,40.321723,9.540505
091018,40.236752,8.889777
091019,39.901709,9.574472
091024,40.092366,9.283337
091025,39.875317,9.184107
091026,39.833333,9.525047
091027,40.382554,9.589948
091028,40.155411,9.221301
091031,39.951399,9.657095
091032,39.885308,9.581341
091033,40.464218,9.648405
091035,39.728429,9.550984
091037,39.788664,9.571906
091038,40.307565,8.917987
091039,39.743040,9.609045
091040,40.419917,9.595786
091041,40.580709,9.546880
091042,39.971934,9.680593
091043,40.477874,9.503810
091044,40.304953,8.763410
091046,40.210096,9.275673
091047,39.922229,9.071195
091050,40.229006,8.958022
091051,40.352231,9.314294
091055,40.310865,9.435485
091056,40.164515,9.175829
091057,40.169923,9.074395
091058,40.537260,9.466721
091059,40.433909,9.690177
091060,40.302454,9.150335
091061,40.277657,9.147235
091062,40.177370,9.377631
091063,40.395925,9.710885
091064,40.312317,9.096538
091066,40.015612,8.998492
091067,40.412411,9.328379
091068,40.523283,9.224641
091069,39.762482,9.542660
091070,40.222166,9.037658
091071,40.091913,9.182122
091072,39.656227,9.447720
091073,40.639179,9.726383
091077,40.216283,9.126031
091083,40.292476,8.895740
091084,40.295983,8.662449
091085,40.540905,9.718552
091086,40.013520,9.068628
091088,40.040372,9.491388
091089,39.684589,9.604121
091090,40.133220,9.098652
091091,40.063900,9.164985
091093,40.023540,9.184646
091094,40.641887,9.620097
091095,39.928015,9.675035
091097,40.022375,9.613657
091098,39.727126,9.466444
091099,40.140591,9.514642
091100,39.820672,9.403062
091101,40.016034,9.417272
091103,39.767859,9.639040
091104,40.145542,9.240300
092003,39.214601,8.968703
092009,39.227509,9.085831
092011,39.147423,8.967657
092015,39.293989,8.927215
092037,39.230919,9.357008
092050,38.996563,8.950419
092051,39.216471,9.294878
092066,39.088786,8.973296
092068,39.278106,9.135388
092074,39.312347,9.080795
092075,39.308434,9.168905
092080,39.277920,9.349102
092090,39.221675,8.922911
092099,39.070924,8.914843
092105,39.257078,9.255708
092108,39.260108,9.052870
092109,39.261817,9.136270
093001,46.216553,12.616053
093002,46.151304,12.796045
093004,46.089993,12.564538
093005,45.901487,12.675409
093006,46.190135,12.538079
093007,45.903604,12.554931
093008,46.066469,12.523538
093009,46.002349,12.446339
093010,45.945601,12.823861
093011,46.210339,12.886576
093012,46.189456,12.779528
093013,45.867419,12.757939
093014,46.322355,12.453829
093015,46.285051,12.532612
093016,46.250597,12.901456
093017,45.984196,12.712288
093018,45.849260,12.895311
093019,46.275153,12.374311
093020,46.173798,12.760334
093021,45.923527,12.744921
093022,45.977219,12.539628
093024,46.228278,12.690520
093025,46.155905,12.713596
093026,46.224337,12.787683
093027,46.136968,12.639586
093028,45.856309,12.935240
093029,45.860083,12.615889
093030,46.180821,12.933424
093031,46.032681,12.476248
093032,45.946289,12.603749
093033,45.938738,12.649982
093034,45.869499,12.576369
093035,45.815183,12.682765
093036,46.002684,12.618102
093037,45.944643,12.506136
093038,46.049558,12.850772
093039,46.022998,12.865524
093040,46.035314,12.682092
093041,45.911744,12.850929
093042,46.159791,12.848536
093043,45.858774,12.848214
093044,46.109683,12.879582
093045,46.295673,12.725872
093046,46.283897,12.809656
093047,46.202070,12.854943
093049,46.283358,12.944045
093050,46.089514,12.775875
093051,45.964746,12.758108
093052,46.146295,12.694201
093053,45.992260,12.851351
094001,41.680393,14.141285
094002,41.796025,14.354731
094003,41.697553,14.474852
094004,41.841896,14.411215
094005,41.522213,14.381592
094006,41.822192,14.285391
094007,41.702871,14.289103
094008,41.598791,14.330599
094009,41.846188,14.218209
094010,41.558522,14.327426
094011,41.527588,14.306420
094012,41.647669,14.041966
094013,41.766916,14.385457
094014,41.658606,14.115460
094015,41.683439,14.373168
094016,41.686307,14.421834
094017,41.580512,14.112127
094018,41.499293,14.007388
094019,41.563450,14.042184
094020,41.694216,14.188668
094021,41.616836,14.144655
094022,41.613005,14.443162
094023,41.612003,14.220073
094024,41.519823,14.246718
094025,41.583089,14.166911
094026,41.552007,14.431031
094027,41.646284,14.256325
094028,41.551673,14.107842
094029,41.712533,14.069531
094030,41.524938,14.168405
094031,41.613737,14.288868
094032,41.703933,14.354616
094033,41.872830,14.302740
094034,41.564964,14.276130
094035,41.730473,14.383828
094036,41.686622,13.994857
094037,41.766186,14.448366
094038,41.519478,14.060080
094039,41.731314,14.151707
094040,41.487099,14.338296
094041,41.684033,14.238557
094042,41.630717,14.046517
094043,41.807513,14.202797
094044,41.537677,14.216000
094045,41.555480,14.364307
094046,41.884998,14.272262
094047,41.568724,14.463736
094048,41.595568,14.038470
094049,41.635058,14.325843
094050,41.422772,14.059930
094051,41.758835,14.263071
094052,41.468360,14.035174
095001,40.137774,8.768892
095002,40.179393,8.847172
095003,39.809256,8.875793
095004,39.778568,8.810008
095005,39.955713,8.857518
095006,39.771345,8.581673
095007,40.085367,8.915209
095008,39.813539,8.909675
095009,39.877316,8.946891
095010,39.722583,8.899284
095011,39.986051,8.566716
095012,39.711601,8.870439
095013,40.025936,8.691125
095014,40.134327,8.940549
095015,40.094139,8.665023
095016,40.111743,8.872341
095017,40.006436,8.888362
095018,39.924228,8.463329
095019,40.138289,8.520861
095020,39.991171,8.817824
095021,40.112829,8.848912
095022,39.701044,8.843663
095023,39.765133,8.868583
095024,39.672706,8.834314
095025,39.774847,8.667516
095026,39.706190,8.761218
095027,40.048302,8.642458
095028,39.874305,8.860730
095029,39.659051,8.738005
095030,39.758551,8.737265
095031,40.052542,8.528744
095032,40.060871,8.974735
095033,40.161830,8.805854
095034,40.110406,8.974871
095035,39.964215,8.537355
095036,39.800926,8.959894
095037,39.955504,8.751303
095038,39.904141,8.596413
095039,39.861456,8.689603
095040,39.795471,8.789396
095041,40.071629,8.738027
095042,39.727060,8.796457
095043,39.998164,8.496347
095044,39.901748,8.882489
095045,39.944460,8.955604
095046,39.664888,8.653334
095047,39.850661,8.610559
095048,39.856173,8.902942
095049,40.158658,8.663710
095050,40.031243,8.487456
095051,40.221054,8.619873
095052,40.180737,8.950961
095053,40.090447,8.580044
095054,39.834183,8.930151
095055,40.210786,8.521591
095056,39.962054,8.639758
095057,39.912859,8.774334
095058,39.727452,8.839541
095059,39.929687,8.697096
095060,39.754729,8.903029
095061,39.719526,8.772487
095062,39.971441,8.685321
095063,40.130978,8.952881
095064,40.102078,8.887415
095065,39.720612,8.579487
095066,39.990115,8.648497
095067,40.218452,8.493677
095068,40.041447,8.900072
095069,39.699573,8.688241
095070,39.827879,8.835562
095071,39.991523,8.759288
095072,39.872870,8.790418
095073,39.809914,8.801480
095074,39.981378,8.603199
095075,39.982106,8.723891
095076,39.930851,8.771357
095077,39.748206,8.833539
095078,40.135482,8.875166
095079,40.340102,8.478084
095080,40.255686,8.550280
095082,39.858736,9.059612
095083,40.257801,8.513254
095084,40.284930,8.531082
095085,40.396521,8.510049
095086,40.260128,8.596374
095087,40.315393,8.584806
095088,40.270951,8.560826
096001,45.720407,8.196828
096002,45.637911,7.999709
096003,45.517506,8.144188
096004,45.592904,8.019153
096005,45.665024,8.079003
096006,45.504653,8.036512
096007,45.583259,8.260523
096008,45.650455,8.070788
096009,45.671984,8.083856
096010,45.544829,7.999576
096012,45.532414,8.134471
096013,45.731223,8.159653
096014,45.613668,8.202373
096015,45.523797,8.239255
096016,45.408592,8.117843
096018,45.473578,8.055065
096019,45.709684,8.160581
096020,45.551799,8.183800
096021,45.699079,8.204964
096023,45.628465,8.243461
096024,45.553132,7.904405
096025,45.422396,8.122249
096026,45.534171,8.085250
096027,45.496246,8.236721
096028,45.572849,7.941531
096030,45.469547,8.012363
096031,45.482449,8.164438
096032,45.568798,8.241105
096033,45.627623,8.188143
096034,45.617668,8.041930
096035,45.523437,7.991592
096037,45.505085,8.214335
096038,45.570445,7.963909
096039,45.547354,7.934258
096040,45.542009,8.025102
096041,45.575071,7.992068
096042,45.669129,8.059918
096043,45.604427,8.127475
096044,45.698620,7.969974
096046,45.604340,7.957637
096047,45.530453,8.054760
096048,45.694601,8.148947
096049,45.604160,8.027494
096050,45.669823,8.204735
096053,45.584785,8.101091
096054,45.427167,8.066741
096055,45.676080,7.964342
096056,45.640005,8.010694
096057,45.510506,7.964149
096058,45.452070,8.151790
096059,45.518253,8.076608
096063,45.595240,7.951552
096064,45.645994,8.292883
096065,45.624724,8.175231
096066,45.670550,8.030065
096067,45.587039,8.110875
096068,45.605100,8.040970
096069,45.498425,7.953601
096071,45.572286,8.137979
096072,45.659618,8.099386
096074,45.652097,8.103744
096075,45.654949,8.087611
096076,45.500967,8.121640
096077,45.561814,8.118894
096078,45.624207,8.293011
096079,45.471143,8.199687
096080,45.431753,8.048473
096081,45.451203,8.041751
096082,45.487244,8.013506
096083,45.593455,8.088998
096085,45.563111,8.212529
096086,45.656645,7.985516
096087,45.582669,8.156806
096088,45.673796,8.120534
097001,45.899804,9.369032
097002,45.757925,9.417999
097003,45.802781,9.334887
097004,45.903740,9.418992
097005,45.756509,9.318080
097006,45.728655,9.311338
097007,45.952008,9.497020
097008,46.046137,9.337548
097009,45.792772,9.295446
097010,45.752388,9.434424
097011,45.755223,9.287049
097012,45.723064,9.420720
097013,45.792684,9.446565
097014,45.797705,9.484801
097015,46.039141,9.405271
097016,45.679556,9.329567
097017,45.736708,9.290483
097018,45.916832,9.485345
097019,45.754832,9.347082
097020,45.691446,9.391509
097021,45.819822,9.296069
097022,45.827435,9.335845
097023,46.120313,9.364284
097024,45.756587,9.381578
097025,45.997525,9.383718
097026,45.768406,9.273117
097027,46.018149,9.414998
097028,45.740604,9.303679
097029,45.915779,9.467311
097030,46.078713,9.316630
097031,45.769403,9.345773
097032,46.105969,9.344086
097033,45.783933,9.358859
097034,45.825540,9.451492
097035,45.985305,9.342279
097036,45.813498,9.375899
097037,45.765279,9.306055
097038,45.807753,9.400026
097039,45.709357,9.446363
097040,45.996087,9.475787
097042,45.855352,9.429562
097043,45.964266,9.320293
097044,45.670419,9.366756
097045,45.849691,9.374489
097046,45.910047,9.350738
097047,46.031112,9.394007
097048,45.707178,9.416507
097049,45.705136,9.341786
097050,45.910500,9.505471
097051,45.784077,9.303766
097052,45.768463,9.456034
097053,45.706997,9.373272
097054,45.714420,9.312553
097055,45.876780,9.490725
097056,45.749552,9.262348
097057,45.791571,9.345724
097058,45.729319,9.402702
097059,45.785958,9.414022
097060,45.929494,9.283546
097061,45.677907,9.380734
097062,45.672697,9.456220
097063,46.076370,9.407183
097064,46.014498,9.344617
097065,45.944031,9.416394
097067,46.016262,9.299440
097068,45.831366,9.391480
097069,46.052165,9.457516
097070,45.991061,9.431698
097071,45.686920,9.434380
097072,45.781225,9.269154
097074,45.741663,9.378717
097075,45.776914,9.322051
097076,45.734197,9.335009
097077,46.090516,9.337305
097078,45.819476,9.313533
097079,46.014380,9.363225
097082,45.771197,9.406943
097083,45.853434,9.352409
097084,45.987813,9.292583
097086,45.811917,9.427802
097090,45.722369,9.325099
097091,45.665369,9.443631
097092,45.732084,9.367297
097093,46.087425,9.350753
098001,45.317788,9.588299
098002,45.253596,9.689025
098003,45.356516,9.490965
098004,45.215884,9.501292
098005,45.275825,9.418306
098006,45.213207,9.565175
098008,45.296868,9.348654
098009,45.359847,9.373003
098010,45.194967,9.628901
098011,45.094423,9.814024
098012,45.274356,9.360546
098013,45.101468,9.875238
098014,45.226912,9.706063
098015,45.261462,9.400286
098017,45.284165,9.589004
098018,45.374147,9.426025
098019,45.164369,9.701144
098020,45.449804,9.452969
098021,45.290748,9.475141
098022,45.130488,9.773887
098023,45.151034,9.814271
098024,45.305799,9.568905
098025,45.344639,9.570414
098026,45.128878,9.689381
098027,45.356642,9.453106
098028,45.206176,9.439277
098029,45.110725,9.666204
098030,45.187791,9.544094
098031,45.315001,9.490168
098032,45.302161,9.411134
098033,45.146766,9.852825
098034,45.254636,9.588685
098035,45.163592,9.766091
098036,45.255583,9.378037
098037,45.258872,9.500600
098038,45.131519,9.825822
098039,45.435129,9.444655
098040,45.337334,9.463503
098041,45.367613,9.402346
098042,45.160555,9.551495
098043,45.170285,9.586093
098044,45.248872,9.535067
098045,45.270488,9.452376
098046,45.290908,9.385758
098047,45.135421,9.713185
098048,45.279647,9.542613
098049,45.084733,9.688644
098050,45.227407,9.408627
098051,45.112239,9.753096
098052,45.229946,9.596854
098053,45.131315,9.603153
098054,45.149800,9.637783
098055,45.338919,9.371350
098056,45.329237,9.414580
098057,45.205417,9.670144
098058,45.254678,9.633470
098059,45.255355,9.332604
098060,45.238352,9.477327
098061,45.395112,9.446590
098062,45.209289,9.745004
099001,44.130032,12.454468
099002,43.959140,12.727728
099003,43.967250,12.575688
099004,43.888369,12.560546
099005,43.974858,12.688277
099006,43.842977,12.646357
099008,43.879864,12.613470
099009,43.866401,12.710537
099011,43.912296,12.650958
099013,43.993821,12.636078
099014,44.031939,12.518881
099015,43.879787,12.676380
099016,43.930868,12.630412
099017,43.936378,12.710173
099018,44.048320,12.433554
099020,43.976097,12.423680
099021,43.787532,12.154103
099022,43.885516,12.303883
099023,43.893268,12.278622
099024,43.799998,12.263668
099025,43.909990,12.380670
099026,43.855934,12.201589
099027,43.911493,12.276810
099028,43.991643,12.381993
099029,43.926216,12.553720
099030,43.845077,12.365604
099031,43.886844,12.492418
100001,44.025635,11.098900
100002,43.800776,11.021135
100003,43.933511,11.051556
100004,43.819117,11.038275
100005,43.884197,11.101678
100006,43.957237,11.132438
100007,44.073982,11.154224
101001,39.210735,16.909992
101002,39.213456,16.804967
101003,39.333027,17.008346
101004,39.247190,16.950645
101005,39.257414,16.843157
101006,39.254474,16.824061
101007,39.377882,17.043657
101008,39.369455,17.105961
101009,39.175803,16.715625
101010,39.106560,17.087137
101011,39.432648,17.005610
101012,38.997583,16.973411
101013,38.956563,17.073153
101014,39.301348,17.047767
101015,39.035592,16.828238
101016,39.311246,16.909898
101017,39.114341,16.782725
101018,39.074612,16.896081
101019,39.187774,17.025033
101020,39.084319,16.941709
101021,39.279331,16.974043
101022,39.158279,16.925216
101023,39.335613,16.745957
101024,39.135551,17.005898
101025,39.238313,17.068579
101026,39.366053,16.941316
101027,39.306409,16.847205
102001,38.532355,16.206873
102002,38.539002,16.249473
102003,38.697939,16.020638
102004,38.589651,16.382887
102005,38.695884,16.296386
102006,38.680627,16.035894
102007,38.564649,16.185684
102008,38.549531,16.147563
102009,38.648428,15.918886
102010,38.479103,16.297553
102011,38.790729,16.303966
102012,38.621257,16.024306
102013,38.682137,16.222925
102014,38.774644,16.260617
102015,38.619002,16.124682
102016,38.586631,16.210795
102017,38.635285,16.061836
102018,38.591107,15.890870
102019,38.568707,15.981036
102020,38.725136,16.220131
102021,38.579835,16.076028
102022,38.501988,16.328559
102023,38.726207,16.295170
102024,38.461463,16.358231
102025,38.544998,15.942870
102026,38.682889,15.939921
102027,38.749147,16.188218
102028,38.626492,16.237061
102029,38.749052,16.328060
102030,38.632091,15.857965
102031,38.602811,15.984387
102032,38.557364,16.024434
102033,38.629694,16.086975
102034,38.645697,16.098505
102035,38.677022,16.292354
102036,38.679606,16.179129
102037,38.557933,16.323138
102038,38.614737,16.322207
102039,38.597009,16.254115
102040,38.617997,16.197583
102041,38.590563,16.335892
102042,38.615667,15.928427
102043,38.664550,16.153106
102044,38.672921,15.891449
102045,38.649856,16.305930
102046,38.639462,16.228878
102047,38.675147,16.092680
102048,38.660358,15.944810
102049,38.692615,15.966473
102050,38.641239,15.981136
103001,46.059350,8.090158
103002,45.975726,8.339193
103003,45.960169,8.585143
103004,45.818057,8.348220
103005,46.021476,8.581975
103006,46.319388,8.278919
103007,45.964172,8.135420
103008,45.913483,8.482058
103009,45.967619,8.579202
103010,45.847364,8.569227
103011,46.048911,8.334775
103012,46.130752,8.177616
103013,45.849791,8.529955
103014,45.995108,8.185152
103015,45.970577,8.543017
103016,46.018547,8.661279
103017,46.066545,8.671104
103018,45.995390,8.548385
103019,45.923332,8.405895
103021,45.974449,8.049089
103022,45.833416,8.351062
103023,46.012988,8.473071
103024,46.178590,8.504019
103025,46.169596,8.277340
103026,46.256088,8.277893
103028,46.128662,8.249342
103029,46.129949,8.416187
103031,46.392375,8.384954
103032,45.901453,8.386244
103033,45.968984,8.608509
103034,45.868006,8.499913
103035,45.921844,8.436383
103036,46.083642,8.555679
103037,46.006577,8.558005
103038,45.919266,8.368522
103039,45.950626,7.969527
103040,45.787905,8.340399
103041,46.088138,8.469130
103042,46.145583,8.357914
103043,45.929150,8.316590
103044,45.968008,8.433957
103045,46.005875,8.519155
103046,46.221714,8.393548
103047,46.081886,8.193560
103048,45.858415,8.358736
103049,45.999782,8.634759
103050,45.870334,8.411631
103051,45.964904,8.396124
103052,46.042175,8.245899
103053,46.020326,8.241298
103054,45.985081,8.281254
103055,45.980665,8.600570
103056,46.308367,8.347088
103057,46.020257,8.358736
103058,45.893050,8.358823
103059,45.880618,8.325508
103060,46.154776,8.566354
103061,45.991675,8.464023
103062,46.161310,8.451472
103064,45.883086,8.509379
103065,46.172893,8.473648
103066,46.037135,8.639400
103067,46.212482,8.187035
103068,46.079495,8.370816
103069,45.924356,8.292800
103070,45.982449,8.107433
103071,46.240851,8.198453
103072,45.945987,8.510627
103074,45.967635,8.566867
103075,46.068189,8.247417
103076,46.140290,8.538221
103077,46.018964,8.305712
103078,46.051644,8.185328
103079,46.083691,8.573891
108001,45.576412,9.366196
108002,45.642700,9.414356
108003,45.651988,9.247930
108004,45.629558,9.322294
108005,45.656208,9.126220
108006,45.614046,9.418104
108007,45.647264,9.402710
108008,45.695272,9.279236
108009,45.625445,9.288000
108010,45.613684,9.140029
108011,45.719191,9.245574
108012,45.556949,9.295234
108013,45.596364,9.384006
108014,45.654778,9.325663
108015,45.674295,9.235519
108016,45.644848,9.379827
108017,45.587580,9.420510
108018,45.627570,9.085070
108019,45.632129,9.156146
108020,45.648054,9.091820
108021,45.593885,9.335372
108022,45.669048,9.307717
108023,45.621476,9.201412
108024,45.696580,9.211392
108025,45.670284,9.091870
108026,45.645987,9.309491
108027,45.603124,9.119296
108028,45.621548,9.242266
108029,45.637836,9.256641
108030,45.666947,9.161312
108031,45.630134,9.446032
108032,45.657437,9.077597
108033,45.590853,9.280803
108034,45.584372,9.224918
108035,45.590091,9.198551
108036,45.598353,9.426418
108037,45.720608,9.283068
108038,45.666665,9.403508
108039,45.648675,9.207036
108040,45.643677,9.145151
108041,45.643803,9.253107
108042,45.636685,9.423120
108043,45.675813,9.280065
108044,45.654568,9.351199
108045,45.600602,9.161756
108046,45.612017,9.269252
108047,45.736424,9.254426
108048,45.685948,9.226147
108049,45.606691,9.305872
108050,45.615292,9.373194
108051,45.609010,9.469818
108052,45.565647,9.376848
108053,45.648049,9.475531
108054,45.676706,9.124293
108055,45.602338,9.461087
109001,43.107021,13.810454
109002,42.994105,13.368855
109003,43.089671,13.548841
109004,43.080257,13.818370
109005,43.100611,13.476355
109006,43.165132,13.699097
109007,43.193418,13.527758
109008,43.118054,13.610667
109009,43.108687,13.778553
109010,43.139546,13.586995
109011,43.153603,13.486092
109012,43.055471,13.558851
109013,43.142138,13.461714
109014,42.988783,13.453131
109015,42.927112,13.314273
109016,43.096684,13.636287
109017,43.138694,13.533451
109018,43.234195,13.628452
109019,43.056146,13.535503
109020,43.020461,13.548331
109021,43.033008,13.579867
109022,43.088321,13.729955
109023,43.194622,13.583677
109024,43.198967,13.661391
109025,43.051225,13.622706
109026,43.122591,13.488922
109027,43.065191,13.582373
109028,43.079747,13.740966
109029,43.033330,13.610258
109030,43.087039,13.839106
109031,43.058294,13.659344
109032,43.109285,13.649962
109033,43.179106,13.789044
109034,43.257644,13.744020
109035,43.158630,13.611519
109036,43.018729,13.493634
109037,43.251394,13.714544
109038,43.070715,13.494424
109039,43.002344,13.434000
109040,43.182911,13.619231
110001,41.147461,16.243669
110002,41.291050,16.210253
110003,41.214370,16.484596
110004,41.195328,16.013372
110005,41.365884,16.145830
110006,41.075931,16.091498
110007,41.277871,16.042065
110008,40.972003,16.123785
110009,41.228368,16.399838
110010,41.348848,16.092984
111001,39.593045,8.489383
111002,39.538236,9.408253
111003,39.576110,9.388318
111004,39.474439,9.109245
111005,39.693283,9.021729
111006,39.406412,8.436017
111007,39.352199,9.419048
111008,39.071240,8.375170
111009,39.217134,8.522153
111010,39.158986,8.282946
111011,39.218026,9.530362
111012,39.648577,8.839613
111013,39.348694,8.878239
111014,39.397461,9.210301
111015,38.924394,8.847360
111016,39.368684,8.630584
111017,39.439648,9.133722
111018,39.632947,9.353857
111019,39.679874,9.117450
111020,39.738247,9.301481
111021,39.437924,8.488038
111022,39.561694,8.949579
111023,39.781143,8.961174
111024,39.739458,8.922801
111025,39.702500,9.083029
111026,39.620098,9.087534
111027,39.747860,9.007007
111028,39.055555,8.598625
111029,39.578015,9.290950
111030,39.257706,8.446990
111031,39.510863,8.632277
111032,39.593900,9.060487
111033,39.563617,9.027835
111034,39.599616,8.597006
111035,39.313226,8.534710
111036,39.766694,9.129175
111037,39.674408,8.976904
111038,39.641445,8.896317
111039,39.653618,9.116054
111040,39.033184,8.610762
111041,39.380632,9.047797
111042,39.337333,9.581285
111043,39.297049,8.693351
111044,39.192302,8.689002
111045,39.772823,9.044024
111046,39.813655,9.091042
111047,39.448670,9.004670
111048,39.714009,9.224498
111049,39.157498,8.748310
111050,39.645722,9.253942
111051,39.516954,9.093249
111052,39.611089,8.709528
111053,39.663453,8.930993
111054,39.161993,8.616527
111055,39.494941,9.067880
111056,39.065112,8.660819
111057,39.203395,8.401156
111058,39.789743,9.249658
111059,39.494651,8.904613
111060,39.484721,9.044788
111061,39.520669,9.215061
111062,39.553244,8.771004
111063,39.099918,8.517596
111064,39.483563,9.302186
111065,39.351231,9.022555
111066,39.424349,9.505814
111067,39.544113,8.883204
111068,39.083189,8.757490
111069,39.472979,9.193678
111070,38.988717,8.606346
111071,39.015313,8.436306
111072,39.614375,8.792787
111073,39.572424,8.984887
111074,39.580355,9.104915
111075,39.537078,9.142158
111076,39.402113,9.161168
111077,39.441680,8.899640
111078,39.504015,8.971492
111079,39.708138,9.144284
111080,39.739339,8.937392
111081,39.799211,9.360312
111082,39.867040,9.227245
111083,39.670136,8.874883
111084,39.267315,8.799832
111085,39.539992,9.299183
111086,39.589840,9.212301
111087,39.347108,9.175277
111088,39.569759,9.137200
111089,38.934392,8.727513
111090,39.104697,8.585234
111091,39.709431,8.964906
111092,39.705179,8.922882
111093,39.403031,9.080730
111094,39.689656,8.907727
111095,39.372198,8.785900
111096,39.431028,8.728656
111097,39.614197,8.976440
111098,39.258023,8.673525
111099,39.785597,9.197438
111100,39.625415,8.877256
111101,39.643696,9.005608
111102,39.113354,8.642640
111103,39.536711,9.556804
111104,39.476900,9.404425
111105,39.131026,9.535460
111106,39.383110,8.888059
111107,39.282134,8.879850
