codice_istat,codcom_omi,sigla_provincia,comune,n_zone,n_zone_con_dati,prezzo_acq_eur_mq_min,prezzo_acq_eur_mq_max,prezzo_acq_eur_mq_med,affitto_eur_mq_mese_min,affitto_eur_mq_mese_max,affitto_eur_mq_mese_med,semestre,fascia_centrale_disponibile
058091,H501,RM,ROMA,233,212,2050.0,2950.0,2500.0,9.15,13.0,11.05,20252,True
015146,F205,MI,MILANO,43,40,2900.0,3900.0,3350.0,10.3,14.0,12.25,20252,True
001272,L219,TO,TORINO,47,47,1400.0,2100.0,1750.0,5.8,8.6,7.2,20252,True
063049,F839,NA,NAPOLI,67,63,1400.0,2100.0,1750.0,4.9,7.3,6.1,20252,True
010025,D969,GE,GENOVA,81,79,1150.0,1700.0,1425.0,5.3,7.85,6.6,20252,True
082053,G273,PA,PALERMO,51,50,950.0,1350.0,1150.0,3.2,4.5,3.95,20252,True
037006,A944,BO,BOLOGNA,34,31,2375.0,3100.0,2700.0,9.2,13.5,11.5,20252,True
048017,D612,FI,FIRENZE,34,33,2300.0,3000.0,2637.5,7.2,9.75,8.32,20252,True
072006,A662,BA,BARI,33,27,1400.0,1700.0,1575.0,4.9,6.4,5.7,20252,True
023091,L781,VR,VERONA,19,15,1600.0,2000.0,1800.0,7.25,9.5,8.25,20252,True
027042,L736,VE,VENEZIA,36,32,1650.0,2300.0,1900.0,8.5,13.0,10.62,20252,True
087015,C351,CT,CATANIA,27,26,880.0,1300.0,1085.0,3.2,4.6,3.85,20252,True
028060,G224,PD,PADOVA,22,18,1100.0,1400.0,1250.0,5.15,6.6,5.9,20252,True
032006,L424,TS,TRIESTE,11,11,1625.0,1975.0,1775.0,5.45,8.1,6.78,20252,True
100005,G999,PO,PRATO,17,17,1375.0,1825.0,1575.0,6.5,8.5,7.5,20252,True
034027,G337,PR,PARMA,23,23,1300.0,1850.0,1550.0,5.5,7.8,6.65,20252,True
017029,B157,BS,BRESCIA,28,23,1350.0,1775.0,1537.5,5.35,6.8,6.1,20252,True
036023,F257,MO,MODENA,20,20,1450.0,1950.0,1700.0,6.0,8.5,7.25,20252,True
083048,F158,ME,MESSINA,16,16,750.0,1050.0,887.5,3.65,5.25,4.4,20252,True
035033,H223,RE,REGGIO NELL'EMILIA,24,24,1000.0,1400.0,1200.0,4.2,5.7,4.95,20252,True
039014,H199,RA,RAVENNA,21,21,1425.0,1775.0,1625.0,5.35,7.0,6.25,20252,True
054039,G478,PG,PERUGIA,19,19,765.0,1050.0,895.0,2.95,4.1,3.52,20252,True
099014,H294,RN,RIMINI,23,23,1600.0,2300.0,1975.0,6.5,9.0,7.5,20252,True
073027,L049,TA,TARANTO,21,10,595.0,805.0,690.0,3.9,5.2,4.62,20252,True
049009,E625,LI,LIVORNO,18,15,1450.0,1750.0,1600.0,6.9,8.4,7.8,20252,True
092009,B354,CA,CAGLIARI,22,21,1600.0,2150.0,1875.0,6.0,7.9,6.97,20252,True
080063,H224,RC,REGGIO DI CALABRIA,25,25,600.0,825.0,712.5,2.6,3.4,3.03,20252,True
038008,D548,FE,FERRARA,28,28,790.0,1100.0,950.0,3.6,4.7,4.18,20252,True
071024,D643,FG,FOGGIA,9,8,825.0,1075.0,950.0,4.5,6.25,5.38,20252,True
108033,F704,MB,MONZA,10,9,1825.0,2425.0,2125.0,7.5,10.9,9.07,20252,True
022205,L378,TN,TRENTO,38,32,2175.0,2600.0,2400.0,6.9,8.0,7.5,20252,True
040012,D704,FC,FORLI',11,11,1250.0,1550.0,1400.0,4.5,5.7,5.1,20252,True
016024,A794,BG,BERGAMO,22,22,1450.0,1900.0,1675.0,5.45,8.0,6.72,20252,True
059011,E472,LT,LATINA,22,22,1000.0,1450.0,1250.0,4.9,6.8,5.8,20252,True
065116,H703,SA,SALERNO,16,16,1400.0,2000.0,1687.5,3.45,5.0,4.22,20252,True
068028,G482,PE,PESCARA,18,18,985.0,1475.0,1230.0,3.8,5.7,4.75,20252,True
024116,L840,VI,VICENZA,13,12,920.0,1250.0,1085.0,6.5,8.0,7.05,20252,True
021008,A952,BZ,BOLZANO .BOZEN.,19,13,3100.0,3750.0,3350.0,9.85,12.85,11.35,20252,True
090064,I452,SS,SASSARI,17,16,900.0,1300.0,1080.0,4.4,6.15,5.3,20252,True
033032,G535,PC,PIACENZA,9,9,790.0,1175.0,982.5,2.8,4.1,3.45,20252,True
030129,L483,UD,UDINE,7,6,1000.0,1400.0,1200.0,4.5,6.5,5.45,20252,True
055032,L117,TR,TERNI,13,13,750.0,1200.0,975.0,3.5,6.0,4.75,20252,True
042002,A271,AN,ANCONA,16,15,950.0,1250.0,1112.5,4.95,6.4,5.8,20252,True
003106,F952,NO,NOVARA,17,17,790.0,1150.0,970.0,3.1,4.4,3.8,20252,True
040007,C573,FC,CESENA,10,10,1350.0,1675.0,1500.0,4.6,5.55,5.07,20252,True
041044,G479,PU,PESARO,18,18,1400.0,1700.0,1550.0,4.9,6.4,5.75,20252,True
051002,A390,AR,AREZZO,18,18,1000.0,1275.0,1125.0,3.5,4.65,4.02,20252,True
089017,I754,SR,SIRACUSA,19,18,810.0,1200.0,1005.0,3.6,4.9,4.2,20252,True
011015,E463,SP,LA SPEZIA,13,13,1250.0,1850.0,1550.0,6.0,8.5,7.25,20252,True
006003,A182,AL,ALESSANDRIA,13,12,525.0,785.0,655.0,3.05,4.55,3.8,20252,True
050026,G702,PI,PISA,16,16,1475.0,2100.0,1787.5,6.1,8.6,7.5,20252,True
046017,E715,LU,LUCCA,10,10,1250.0,1725.0,1487.5,4.45,6.2,5.33,20252,True
047014,G713,PT,PISTOIA,9,9,1250.0,1575.0,1412.5,5.9,7.7,6.75,20252,True
026086,L407,TV,TREVISO,5,5,1500.0,1900.0,1700.0,6.0,9.15,7.7,20252,True
075035,E506,LE,LECCE,18,18,750.0,1050.0,900.0,3.3,4.6,3.95,20252,True
063034,E054,NA,GIUGLIANO IN CAMPANIA,15,15,810.0,1250.0,1030.0,2.9,4.5,3.7,20252,True
012026,B300,VA,BUSTO ARSIZIO,10,8,1055.0,1275.0,1165.0,3.55,4.95,4.25,20252,True
053011,E202,GR,GROSSETO,16,15,1250.0,1700.0,1475.0,6.2,7.7,6.9,20252,True
013075,C933,CO,COMO,18,14,1500.0,1950.0,1725.0,6.5,9.05,7.6,20252,True
110001,A285,BT,ANDRIA,11,9,975.0,1225.0,1100.0,3.05,4.05,3.57,20252,True
015209,I690,MI,SESTO SAN GIOVANNI,2,2,1775.0,2350.0,2050.0,7.05,9.5,8.28,20252,True
110002,A669,BT,BARLETTA,13,12,1050.0,1500.0,1275.0,3.8,5.0,4.4,20252,True
058047,E263,RM,GUIDONIA MONTECELIO,7,5,1100.0,1650.0,1375.0,5.8,8.3,7.05,20252,True
012133,L682,VA,VARESE,14,13,1075.0,1300.0,1187.5,4.5,6.7,5.6,20252,True
036005,B819,MO,CARPI,13,13,950.0,1300.0,1125.0,4.6,6.8,5.7,20252,True
058120,M297,RM,FIUMICINO,10,9,1750.0,2600.0,2175.0,7.0,10.15,8.57,20252,True
037032,E289,BO,IMOLA,9,9,1200.0,1625.0,1387.5,5.0,7.5,6.0,20252,True
019036,D150,CR,CREMONA,15,14,750.0,1050.0,912.5,4.75,6.5,5.62,20252,True
015077,C707,MI,CINISELLO BALSAMO,3,2,1625.0,2075.0,1850.0,6.4,8.65,7.52,20252,True
018110,G388,PV,PAVIA,8,8,1300.0,1700.0,1500.0,5.7,8.1,6.95,20252,True
005005,A479,AT,ASTI,16,16,565.0,840.0,702.5,3.1,4.3,3.65,20252,True
079023,C352,CZ,CATANZARO,19,19,805.0,1125.0,957.5,3.5,4.95,4.25,20252,True
074001,B180,BR,BRINDISI,19,17,915.0,1075.0,1012.5,4.2,5.15,4.75,20252,True
066049,A345,AQ,L'AQUILA,10,8,555.0,790.0,672.5,1.9,2.6,2.25,20252,True
088009,H163,RG,RAGUSA,9,8,590.0,870.0,730.0,3.3,4.55,3.92,20252,True
059001,A341,LT,APRILIA,11,11,875.0,1200.0,1037.5,4.7,6.65,5.75,20252,True
081011,E974,TP,MARSALA,8,7,750.0,1100.0,925.0,2.55,3.75,3.15,20252,True
078157,M403,CS,CORIGLIANO-ROSSANO,6,6,670.0,1000.0,835.0,2.5,3.7,3.1,20252,True
045010,F023,MS,MASSA,9,9,1250.0,1850.0,1550.0,5.6,8.0,6.8,20252,True
061022,B963,CE,CASERTA,25,20,925.0,1300.0,1112.5,2.6,3.85,3.25,20252,True
056059,M082,VT,VITERBO,8,6,750.0,1125.0,937.5,3.8,4.65,4.2,20252,True
041013,D488,PU,FANO,17,16,1275.0,1675.0,1475.0,4.9,6.45,5.7,20252,True
039010,D458,RA,FAENZA,8,8,1050.0,1375.0,1212.5,3.8,4.8,4.3,20252,True
092051,H118,CA,QUARTU SANT'ELENA,13,8,1450.0,1900.0,1675.0,5.5,7.5,6.5,20252,True
046033,L833,LU,VIAREGGIO,9,8,1625.0,2150.0,1887.5,5.4,7.1,6.25,20252,True
015118,E514,MI,LEGNANO,5,4,1200.0,1650.0,1437.5,5.45,7.4,6.47,20252,True
072004,A225,BA,ALTAMURA,6,5,770.0,1125.0,947.5,2.6,3.7,3.15,20252,True
018177,L872,PV,VIGEVANO,4,3,790.0,950.0,870.0,4.55,5.9,5.22,20252,True
076063,G942,PZ,POTENZA,11,11,740.0,940.0,855.0,2.9,3.9,3.4,20252,True
058079,G811,RM,POMEZIA,7,6,1150.0,1675.0,1412.5,5.0,7.15,6.12,20252,True
009056,I480,SV,SAVONA,20,19,1200.0,1800.0,1500.0,5.45,6.35,5.97,20252,True
063084,L259,NA,TORRE DEL GRECO,8,7,1150.0,1750.0,1450.0,3.8,5.8,4.8,20252,True
090047,G015,SS,OLBIA,13,11,1550.0,2150.0,1875.0,6.9,8.7,7.75,20252,True
045003,B832,MS,CARRARA,7,7,1050.0,1500.0,1275.0,6.0,9.0,7.5,20252,True
004078,D205,CN,CUNEO,23,23,940.0,1400.0,1170.0,3.3,4.8,4.05,20252,True
077014,F052,MT,MATERA,10,9,1375.0,1825.0,1625.0,4.35,6.4,5.4,20252,True
052032,I726,SI,SIENA,21,21,1600.0,2150.0,1887.5,5.1,7.5,6.3,20252,True
063060,G964,NA,POZZUOLI,22,18,1200.0,1850.0,1525.0,4.0,6.2,5.1,20252,True
079160,M208,CZ,LAMEZIA TERME,29,28,525.0,750.0,632.5,2.65,3.85,3.25,20252,True
001156,F335,TO,MONCALIERI,9,7,1000.0,1500.0,1250.0,4.5,6.7,5.6,20252,True
085007,D960,CL,GELA,15,13,550.0,760.0,655.0,2.0,3.0,2.5,20252,True
093033,G888,PN,PORDENONE,8,7,700.0,900.0,800.0,3.0,4.0,3.5,20252,True
078045,D086,CS,COSENZA,9,9,750.0,1100.0,925.0,3.05,4.5,3.77,20252,True
072029,F284,BA,MOLFETTA,9,7,1200.0,1650.0,1425.0,4.0,5.5,4.75,20252,True
054018,D653,PG,FOLIGNO,8,8,760.0,1050.0,925.0,2.6,3.7,3.15,20252,True
088012,M088,RG,VITTORIA,6,6,590.0,840.0,705.0,2.9,4.05,3.55,20252,True
058007,A323,RM,ANZIO,5,3,1100.0,1650.0,1375.0,5.5,8.0,6.75,20252,True
008055,I138,IM,SANREMO,20,18,1625.0,2400.0,2012.5,4.8,7.15,5.97,20252,True
029041,H620,RO,ROVIGO,8,8,800.0,1000.0,900.0,6.2,7.3,6.75,20252,True
063023,B990,NA,CASORIA,7,7,940.0,1450.0,1195.0,3.1,4.8,3.95,20252,True
015182,H264,MI,RHO,2,2,1575.0,1975.0,1775.0,7.05,9.5,8.28,20252,True
012070,D869,VA,GALLARATE,10,8,905.0,1225.0,1065.0,3.35,4.8,4.03,20252,True
067041,L103,TE,TERAMO,16,16,735.0,1075.0,902.5,2.8,4.15,3.47,20252,True
048041,B962,FI,SCANDICCI,6,6,1775.0,2475.0,2125.0,6.15,8.5,7.32,20252,True
020030,E897,MN,MANTOVA,14,13,700.0,925.0,825.0,4.25,6.0,5.0,20252,True
048043,I684,FI,SESTO FIORENTINO,9,7,1800.0,2400.0,2100.0,6.2,8.4,7.3,20252,True
085004,B429,CL,CALTANISSETTA,23,22,460.0,640.0,555.0,1.8,2.7,2.25,20252,True
062008,A783,BN,BENEVENTO,15,13,700.0,1050.0,875.0,3.3,4.8,4.05,20252,True
068024,F646,PE,MONTESILVANO,9,9,885.0,1325.0,1105.0,3.55,5.3,4.42,20252,True
048014,D403,FI,EMPOLI,6,6,1200.0,1750.0,1475.0,3.7,5.4,4.55,20252,True
063024,C129,NA,CASTELLAMMARE DI STABIA,12,10,1450.0,2250.0,1850.0,4.6,7.1,5.85,20252,True
058104,L182,RM,TIVOLI,9,6,1050.0,1550.0,1300.0,5.0,7.5,6.25,20252,True
058032,C773,RM,CIVITAVECCHIA,4,3,1150.0,1675.0,1412.5,5.0,7.15,6.08,20252,True
001090,C860,TO,COLLEGNO,5,5,1250.0,1850.0,1550.0,5.0,7.5,6.25,20252,True
097042,E507,LC,LECCO,12,12,1200.0,1525.0,1387.5,4.9,6.75,5.83,20252,True
001219,H355,TO,RIVOLI,9,6,1200.0,1775.0,1487.5,5.2,7.85,6.53,20252,True
015166,G220,MI,PADERNO DUGNANO,2,2,1550.0,2000.0,1775.0,6.15,7.95,7.05,20252,True
069022,C632,CH,CHIETI,9,9,665.0,995.0,830.0,3.4,5.05,4.22,20252,True
044066,H769,AP,SAN BENEDETTO DEL TRONTO,10,10,1375.0,2025.0,1700.0,5.6,8.65,7.12,20252,True
110003,A883,BT,BISCEGLIE,13,10,975.0,1325.0,1150.0,3.65,5.05,4.38,20252,True
027008,C638,VE,CHIOGGIA,7,7,1275.0,1750.0,1562.5,6.5,8.25,7.38,20252,True
064008,A509,AV,AVELLINO,13,13,790.0,1100.0,945.0,3.05,3.8,3.43,20252,True
088006,F258,RG,MODICA,7,7,590.0,860.0,725.0,3.45,4.3,3.88,20252,True
084001,A089,AG,AGRIGENTO,23,23,580.0,850.0,725.0,2.4,3.6,3.0,20252,True
048006,B507,FI,CAMPI BISENZIO,6,5,1600.0,2225.0,1900.0,5.6,7.65,6.58,20252,True
044007,A462,AP,ASCOLI PICENO,17,17,900.0,1300.0,1085.0,3.6,5.6,4.55,20252,True
110009,L328,BT,TRANI,9,6,1100.0,1475.0,1287.5,4.0,5.1,4.53,20252,True
042045,I608,AN,SENIGALLIA,9,9,1200.0,1750.0,1475.0,4.0,5.5,4.75,20252,True
046007,B648,LU,CAPANNORI,14,14,940.0,1350.0,1145.0,3.6,5.2,4.4,20252,True
081021,L331,TP,TRAPANI,8,7,665.0,950.0,807.5,2.2,3.2,2.7,20252,True
015081,C895,MI,COLOGNO MONZESE,3,2,1625.0,2150.0,1887.5,6.2,8.65,7.42,20252,True
072030,F376,BA,MONOPOLI,12,8,1450.0,1850.0,1650.0,4.85,6.25,5.6,20252,True
001265,I703,TO,SETTIMO TORINESE,7,4,900.0,1350.0,1125.0,4.45,6.65,5.55,20252,True
108028,E617,MB,LISSONE,3,3,1450.0,1800.0,1625.0,4.9,6.3,5.6,20252,True
058111,L719,RM,VELLETRI,6,5,825.0,1200.0,1012.5,3.75,5.4,4.58,20252,True
002158,L750,VC,VERCELLI,5,4,577.5,825.0,701.25,3.1,4.3,3.7,20252,True
098031,E648,LO,LODI,6,6,1325.0,1750.0,1537.5,7.35,9.35,8.35,20252,True
071020,C514,FG,CERIGNOLA,6,5,850.0,1100.0,975.0,3.45,4.45,3.95,20252,True
070006,B519,CB,CAMPOBASSO,10,10,660.0,950.0,800.0,3.65,5.2,4.42,20252,True
071029,E885,FG,MANFREDONIA,9,7,1075.0,1400.0,1237.5,4.25,5.5,4.88,20252,True
101010,D122,KR,CROTONE,11,11,690.0,880.0,760.0,2.7,3.45,3.05,20252,True
072011,A893,BA,BITONTO,8,6,900.0,1250.0,1075.0,3.0,4.2,3.6,20252,True
001164,F889,TO,NICHELINO,4,2,945.0,1400.0,1172.5,4.4,6.55,5.47,20252,True
108039,I625,MB,SEREGNO,2,2,1550.0,2100.0,1825.0,6.4,8.6,7.52,20252,True
058117,M213,RM,ARDEA,9,6,1050.0,1500.0,1275.0,4.3,6.3,5.3,20252,True
073013,E986,TA,MARTINA FRANCA,4,4,860.0,1200.0,1030.0,2.4,3.6,3.0,20252,True
096004,A859,BI,BIELLA,7,6,500.0,725.0,612.5,3.3,4.85,4.08,20252,True
057059,H282,RI,RIETI,12,11,750.0,1125.0,950.0,3.55,5.2,4.38,20252,True
050008,B950,PI,CASCINA,3,3,1150.0,1600.0,1375.0,4.1,5.6,4.85,20252,True
027033,H823,VE,SAN DONA' DI PIAVE,5,3,1000.0,1350.0,1175.0,,,,20252,True
021051,F132,BZ,MERANO .MERAN.,9,9,3200.0,3900.0,3550.0,10.7,13.3,12.0,20252,True
024012,A703,VI,BASSANO DEL GRAPPA,11,10,835.0,1150.0,992.5,6.4,7.9,7.15,20252,True
065014,A717,SA,BATTIPAGLIA,11,11,840.0,1200.0,1015.0,3.1,4.1,3.6,20252,True
059032,L120,LT,TERRACINA,14,14,1350.0,1650.0,1500.0,5.4,7.7,6.45,20252,True
058057,E958,RM,MARINO,5,4,1475.0,2175.0,1825.0,5.55,7.9,6.73,20252,True
063001,A024,NA,ACERRA,8,6,780.0,1200.0,990.0,2.6,4.0,3.3,20252,True
058072,F880,RM,NETTUNO,3,2,1100.0,1525.0,1312.5,5.65,8.15,6.9,20252,True
008031,E290,IM,IMPERIA,20,18,1400.0,2100.0,1750.0,4.1,6.0,5.1,20252,True
063059,G902,NA,PORTICI,8,8,1400.0,2150.0,1775.0,4.75,7.25,6.0,20252,True
043013,C770,MC,CIVITANOVA MARCHE,13,13,1200.0,2000.0,1525.0,5.3,8.2,6.75,20252,True
090003,A192,SS,ALGHERO,15,11,1700.0,2100.0,1925.0,7.1,8.8,8.05,20252,True
065037,C361,SA,CAVA DE' TIRRENI,11,11,1300.0,1875.0,1587.5,3.15,4.4,3.78,20252,True
022161,H612,TN,ROVERETO,14,13,1800.0,2200.0,2000.0,4.6,6.1,5.4,20252,True
087004,A028,CT,ACIREALE,13,13,670.0,1000.0,835.0,2.5,3.6,3.1,20252,True
036040,I462,MO,SASSUOLO,6,6,1000.0,1425.0,1212.5,4.35,6.15,5.23,20252,True
043023,E783,MC,MACERATA,13,13,725.0,1200.0,975.0,3.7,6.25,4.95,20252,True
108023,D286,MB,DESIO,2,2,1500.0,2050.0,1775.0,6.0,8.4,7.2,20252,True
072020,C983,BA,CORATO,9,8,875.0,1200.0,1050.0,3.0,4.0,3.5,20252,True
063041,E906,NA,MARANO DI NAPOLI,8,8,890.0,1350.0,1120.0,2.95,4.5,3.73,20252,True
071051,I158,FG,SAN SEVERO,6,4,700.0,850.0,775.0,3.5,5.0,4.25,20252,True
042021,E388,AN,JESI,9,9,810.0,1100.0,930.0,2.7,4.0,3.35,20252,True
024100,I531,VI,SCHIO,8,8,750.0,1050.0,900.0,4.85,6.05,5.5,20252,True
081001,A176,TP,ALCAMO,8,7,650.0,925.0,800.0,2.4,3.5,2.98,20252,True
015189,H623,MI,ROZZANO,4,2,1800.0,2200.0,2000.0,7.25,9.0,8.12,20252,True
069099,E372,CH,VASTO,9,9,825.0,1200.0,1012.5,3.8,5.7,4.75,20252,True
013041,B639,CO,CANTU',6,3,1050.0,1475.0,1262.5,3.5,5.1,4.3,20252,True
063002,A064,NA,AFRAGOLA,6,5,1000.0,1550.0,1275.0,3.3,5.2,4.25,20252,True
018182,M109,PV,VOGHERA,4,3,580.0,765.0,672.5,3.9,4.4,4.15,20252,True
054013,C745,PG,CITTA' DI CASTELLO,8,8,700.0,995.0,847.5,2.4,3.5,2.95,20252,True
060038,D810,FR,FROSINONE,10,9,770.0,1000.0,890.0,3.7,5.5,4.6,20252,True
015195,H930,MI,SAN GIULIANO MILANESE,3,2,1500.0,1925.0,1712.5,6.1,7.85,6.98,20252,True
012119,I441,VA,SARONNO,6,5,1125.0,1450.0,1287.5,4.4,6.1,5.25,20252,True
108019,C566,MB,CESANO MADERNO,2,2,1500.0,1775.0,1625.0,5.8,7.2,6.53,20252,True
081012,F061,TP,MAZARA DEL VALLO,7,6,550.0,800.0,675.0,1.8,2.5,2.15,20252,True
025006,A757,BL,BELLUNO,11,9,875.0,1175.0,1030.0,3.35,4.9,4.1,20252,True
027023,F229,VE,MIRA,7,6,925.0,1200.0,1062.5,,,,20252,True
066006,A515,AQ,AVEZZANO,7,7,610.0,895.0,752.5,1.9,2.75,2.32,20252,True
065137,I483,SA,SCAFATI,7,7,1100.0,1575.0,1337.5,3.1,4.35,3.68,20252,True
061005,A512,CE,AVERSA,11,11,800.0,1200.0,1000.0,2.5,3.5,3.0,20252,True
082006,A546,PA,BAGHERIA,6,5,625.0,885.0,755.0,1.75,2.45,2.1,20252,True
072023,E155,BA,GRAVINA IN PUGLIA,8,7,700.0,1050.0,875.0,2.4,3.5,2.95,20252,True
074007,D508,BR,FASANO,9,8,1000.0,1200.0,1100.0,4.2,5.3,4.6,20252,True
037011,B880,BO,CASALECCHIO DI RENO,8,7,2200.0,2750.0,2475.0,6.0,9.0,7.5,20252,True
058065,F611,RM,MONTEROTONDO,7,5,1150.0,1700.0,1425.0,6.0,9.0,7.5,20252,True
015027,A940,MI,BOLLATE,3,3,1425.0,1900.0,1662.5,5.05,6.75,5.85,20252,True
099013,H274,RN,RICCIONE,4,4,2650.0,3800.0,3225.0,8.5,11.5,10.0,20252,True
001120,E216,TO,GRUGLIASCO,10,7,1125.0,1650.0,1387.5,5.05,7.6,6.33,20252,True
015205,I577,MI,SEGRATE,6,5,2025.0,2850.0,2462.5,7.45,9.75,8.6,20252,True
031007,E098,GO,GORIZIA,7,7,630.0,880.0,760.0,3.7,5.5,4.6,20252,True
058003,A132,RM,ALBANO LAZIALE,5,4,1450.0,2100.0,1787.5,5.8,8.4,7.1,20252,True
058118,M272,RM,CIAMPINO,5,3,1700.0,2500.0,2100.0,7.0,10.15,8.57,20252,True
109006,D542,FM,FERMO,16,16,855.0,1225.0,1032.5,3.45,5.2,4.28,20252,True
065078,F912,SA,NOCERA INFERIORE,7,7,920.0,1250.0,1072.5,2.7,3.75,3.23,20252,True
059007,D662,LT,FONDI,6,6,910.0,1200.0,1055.0,4.25,5.75,5.1,20252,True
058116,M212,RM,LADISPOLI,5,4,1400.0,2000.0,1700.0,5.8,8.0,6.9,20252,True
038004,C469,FE,CENTO,9,8,665.0,950.0,800.0,3.7,5.2,4.45,20252,True
108012,B212,MB,BRUGHERIO,2,2,1550.0,1925.0,1737.5,6.2,7.95,7.05,20252,True
015175,G686,MI,PIOLTELLO,5,3,1700.0,2250.0,1975.0,6.4,8.8,7.6,20252,True
054051,I921,PG,SPOLETO,6,6,730.0,1000.0,840.0,2.5,3.6,3.05,20252,True
026021,C957,TV,CONEGLIANO,5,5,1000.0,1350.0,1175.0,5.25,7.85,6.55,20252,True
036015,D711,MO,FORMIGINE,6,6,1200.0,1650.0,1425.0,4.9,7.2,6.05,20252,True
001078,C627,TO,CHIERI,5,4,890.0,1325.0,1107.5,4.4,6.6,5.5,20252,True
007003,A326,AO,AOSTA,10,9,1300.0,1850.0,1575.0,6.0,8.8,7.5,20252,True
001191,G674,TO,PINEROLO,8,6,865.0,1300.0,1082.5,4.45,6.65,5.55,20252,True
042034,G157,AN,OSIMO,9,9,885.0,1275.0,1080.0,3.95,5.55,4.75,20252,True
019035,D142,CR,CREMA,10,10,800.0,1050.0,912.5,4.5,6.25,5.38,20252,True
015093,D045,MI,CORSICO,3,2,1825.0,2350.0,2112.5,7.4,9.75,8.6,20252,True
015070,C523,MI,CERNUSCO SUL NAVIGLIO,3,2,2050.0,2650.0,2350.0,7.05,8.95,8.0,20252,True
037054,H945,BO,SAN LAZZARO DI SAVENA,8,8,2200.0,2750.0,2475.0,8.4,11.8,10.3,20252,True
063064,H243,NA,ERCOLANO,7,7,1100.0,1700.0,1400.0,3.7,5.7,4.7,20252,True
058029,C552,RM,CERVETERI,7,5,1075.0,1575.0,1325.0,4.8,6.9,5.85,20252,True
108027,E591,MB,LIMBIATE,3,2,1125.0,1575.0,1350.0,5.15,7.45,6.3,20252,True
023096,L949,VR,VILLAFRANCA DI VERONA,6,6,1050.0,1500.0,1275.0,5.8,7.9,6.85,20252,True
059008,D708,LT,FORMIA,8,8,1075.0,1400.0,1237.5,5.2,7.2,6.28,20252,True
026012,C111,TV,CASTELFRANCO VENETO,6,6,1000.0,1300.0,1175.0,4.3,6.4,5.35,20252,True
036006,C107,MO,CASTELFRANCO EMILIA,6,6,1250.0,1750.0,1475.0,5.1,7.0,6.05,20252,True
087029,F250,CT,MISTERBIANCO,6,5,540.0,790.0,665.0,1.8,2.7,2.25,20252,True
063067,H892,NA,SAN GIORGIO A CREMANO,6,6,1350.0,2075.0,1712.5,4.5,6.95,5.72,20252,True
039007,C553,RA,CERVIA,8,8,2250.0,3300.0,2775.0,6.6,9.7,8.15,20252,True
049012,G687,LI,PIOMBINO,9,9,1150.0,1500.0,1337.5,4.8,6.1,5.5,20252,True
063017,B905,NA,CASALNUOVO DI NAPOLI,7,7,1000.0,1500.0,1250.0,3.3,5.0,4.15,20252,True
039012,E730,RA,LUGO,5,5,855.0,1175.0,1015.0,3.0,4.15,3.58,20252,True
069046,E435,CH,LANCIANO,4,4,760.0,1125.0,942.5,3.55,5.3,4.42,20252,True
083005,A638,ME,BARCELLONA POZZO DI GOTTO,5,5,430.0,640.0,535.0,3.5,5.2,4.35,20252,True
087033,G371,CT,PATERNO',4,4,455.0,630.0,542.5,1.6,2.3,1.95,20252,True
078102,H235,CS,RENDE,5,5,900.0,1250.0,1075.0,3.55,5.0,4.25,20252,True
059005,C740,LT,CISTERNA DI LATINA,9,9,870.0,1250.0,1060.0,4.3,5.9,5.15,20252,True
037061,M320,BO,VALSAMOGGIA,24,20,1000.0,1400.0,1200.0,4.0,5.2,4.5,20252,True
015192,H827,MI,SAN DONATO MILANESE,4,2,1950.0,2450.0,2200.0,7.1,8.7,7.9,20252,True
001292,L727,TO,VENARIA REALE,5,4,970.0,1450.0,1210.0,5.1,7.55,6.33,20252,True
006039,B885,AL,CASALE MONFERRATO,9,9,510.0,760.0,635.0,3.3,4.9,4.1,20252,True
084041,I533,AG,SCIACCA,12,11,570.0,850.0,710.0,2.1,2.9,2.45,20252,True
004003,A124,CN,ALBA,16,16,1100.0,1600.0,1350.0,3.7,5.45,4.58,20252,True
065050,D390,SA,EBOLI,9,9,820.0,1150.0,997.5,2.55,3.75,3.15,20252,True
091051,F979,NU,NUORO,6,4,950.0,1250.0,1100.0,3.5,4.2,3.85,20252,True
046005,B455,LU,CAMAIORE,6,6,1525.0,2075.0,1825.0,5.1,7.05,6.07,20252,True
072027,F262,BA,MODUGNO,12,7,1150.0,1500.0,1325.0,4.0,5.5,4.7,20252,True
063057,G812,NA,POMIGLIANO D'ARCO,5,4,1100.0,1700.0,1400.0,3.7,5.7,4.7,20252,True
015002,A010,MI,ABBIATEGRASSO,4,3,1275.0,1525.0,1400.0,5.35,6.75,6.1,20252,True
026046,F443,TV,MONTEBELLUNA,4,4,1000.0,1450.0,1225.0,4.6,6.5,5.55,20252,True
060019,C034,FR,CASSINO,7,6,840.0,1025.0,920.0,4.0,5.6,4.95,20252,True
089001,A494,SR,AUGUSTA,9,9,520.0,725.0,620.0,2.0,3.0,2.5,20252,True
061049,E932,CE,MARCIANISE,5,3,600.0,850.0,725.0,1.75,2.6,2.17,20252,True
016219,L400,BG,TREVIGLIO,7,6,1150.0,1550.0,1350.0,5.0,7.1,6.08,20252,True
050031,A562,PI,SAN GIULIANO TERME,5,5,1225.0,1900.0,1562.5,4.6,7.0,5.8,20252,True
054024,E256,PG,GUBBIO,11,11,520.0,770.0,645.0,1.8,2.7,2.25,20252,True
031012,F356,GO,MONFALCONE,7,7,725.0,950.0,850.0,3.2,4.5,3.85,20252,True
049017,H570,LI,ROSIGNANO MARITTIMO,7,7,1400.0,1850.0,1625.0,5.9,7.3,6.6,20252,True
074008,D761,BR,FRANCAVILLA FONTANA,5,4,900.0,1100.0,975.0,3.9,4.9,4.4,20252,True
070078,L113,CB,TERMOLI,9,9,1000.0,1400.0,1175.0,3.2,4.65,3.92,20252,True
010046,H183,GE,RAPALLO,7,7,1600.0,2350.0,1975.0,5.75,8.05,6.9,20252,True
004029,B111,CN,BRA,14,14,815.0,1200.0,1007.5,2.8,4.0,3.4,20252,True
027019,C388,VE,JESOLO,8,6,1600.0,1800.0,1700.0,,,,20252,True
103072,L746,VB,VERBANIA,13,13,1150.0,1700.0,1425.0,4.4,6.2,5.3,20252,True
095038,G113,OR,ORISTANO,7,7,935.0,1275.0,1092.5,5.2,7.15,6.18,20252,True
063063,H114,NA,QUARTO,6,6,1100.0,1700.0,1400.0,3.7,5.7,4.7,20252,True
037053,G467,BO,SAN GIOVANNI IN PERSICETO,7,5,1200.0,1475.0,1337.5,6.5,8.65,7.58,20252,True
017067,D284,BS,DESENZANO DEL GARDA,6,5,1800.0,2550.0,2200.0,5.6,7.9,6.75,20252,True
073015,F027,TA,MASSAFRA,6,4,525.0,760.0,642.5,2.65,3.6,3.12,20252,True
052022,G752,SI,POGGIBONSI,7,6,800.0,1200.0,1000.0,2.65,3.6,3.12,20252,True
026092,M089,TV,VITTORIO VENETO,3,3,950.0,1300.0,1125.0,4.8,6.2,5.53,20252,True
040008,C574,FC,CESENATICO,6,6,2125.0,2750.0,2437.5,8.55,10.3,9.38,20252,True
026043,F269,TV,MOGLIANO VENETO,5,5,1050.0,1400.0,1200.0,4.8,6.6,5.7,20252,True
074012,G187,BR,OSTUNI,11,11,1150.0,1425.0,1287.5,4.75,5.7,5.25,20252,True
050029,G843,PI,PONTEDERA,4,4,1100.0,1600.0,1350.0,4.45,6.2,5.33,20252,True
042017,D451,AN,FABRIANO,7,7,470.0,680.0,575.0,1.6,2.35,1.98,20252,True
075052,F842,LE,NARDO',12,12,655.0,855.0,755.0,2.8,3.8,3.3,20252,True
049007,C415,LI,CECINA,7,6,1550.0,1950.0,1775.0,6.3,7.95,7.18,20252,True
027038,I908,VE,SPINEA,6,4,1075.0,1350.0,1212.5,,,,20252,True
015168,G324,MI,PARABIAGO,4,3,1375.0,1675.0,1525.0,5.85,7.15,6.5,20252,True
063083,L245,NA,TORRE ANNUNZIATA,7,7,1200.0,1850.0,1525.0,4.0,6.2,5.1,20252,True
082021,B780,PA,CARINI,9,9,625.0,910.0,770.0,1.7,2.4,2.05,20252,True
010015,C621,GE,CHIAVARI,9,9,1950.0,2900.0,2425.0,5.7,8.5,7.1,20252,True
058122,M309,RM,FONTE NUOVA,4,3,1150.0,1650.0,1400.0,5.0,7.3,6.15,20252,True
082049,F377,PA,MONREALE,9,9,620.0,910.0,770.0,1.85,2.55,2.2,20252,True
061048,E791,CE,MADDALONI,8,6,600.0,900.0,750.0,2.0,3.0,2.5,20252,True
027024,F241,VE,MIRANO,9,7,800.0,1250.0,1025.0,,,,20252,True
063050,F924,NA,NOLA,10,7,940.0,1450.0,1195.0,3.1,4.8,3.95,20252,True
087011,B428,CT,CALTAGIRONE,6,5,340.0,502.5,421.25,1.25,1.85,1.55,20252,True
050032,I046,PI,SAN MINIATO,3,3,1100.0,1625.0,1375.0,4.3,6.1,5.2,20252,True
073008,E205,TA,GROTTAGLIE,5,5,590.0,750.0,670.0,2.5,2.9,2.7,20252,True
065007,A294,SA,ANGRI,7,7,1000.0,1375.0,1182.5,2.75,3.95,3.35,20252,True
034014,B034,PR,FIDENZA,6,6,890.0,1250.0,1070.0,3.8,5.7,4.75,20252,True
006114,F965,AL,NOVI LIGURE,9,9,580.0,850.0,710.0,2.7,3.7,3.1,20252,True
024111,L551,VI,VALDAGNO,5,5,800.0,920.0,860.0,4.75,6.35,5.55,20252,True
015105,D912,MI,GARBAGNATE MILANESE,2,2,1350.0,1900.0,1625.0,6.2,8.05,7.12,20252,True
065088,G230,SA,PAGANI,4,4,950.0,1250.0,1100.0,2.6,3.8,3.2,20252,True
001059,B791,TO,CARMAGNOLA,4,3,710.0,1050.0,880.0,3.6,5.4,4.5,20252,True
028003,A161,PD,ALBIGNASEGO,7,6,950.0,1100.0,1025.0,3.4,4.1,3.75,20252,True
054001,A475,PG,ASSISI,8,8,720.0,1050.0,897.5,2.4,3.45,2.92,20252,True
015116,E415,MI,LAINATE,2,2,1525.0,1900.0,1737.5,6.4,7.55,6.9,20252,True
073012,E882,TA,MANDURIA,6,6,575.0,830.0,702.5,2.75,3.55,3.15,20252,True
015032,B162,MI,BRESSO,2,2,1675.0,2050.0,1862.5,6.2,8.45,7.25,20252,True
108050,M052,MB,VIMERCATE,5,3,1500.0,2050.0,1775.0,5.8,8.1,7.05,20252,True
023044,E512,VR,LEGNAGO,7,6,770.0,1100.0,935.0,3.3,4.4,3.85,20252,True
102047,F537,VV,VIBO VALENTIA,11,10,525.0,725.0,625.0,2.2,2.95,2.6,20252,True
015036,B240,MI,BUCCINASCO,3,2,1900.0,2350.0,2125.0,6.45,8.7,7.62,20252,True
006174,L304,AL,TORTONA,8,8,580.0,865.0,722.5,3.3,4.55,3.92,20252,True
035040,I496,RE,SCANDIANO,6,6,850.0,1250.0,1050.0,3.25,4.6,3.92,20252,True
042018,D472,AN,FALCONARA MARITTIMA,6,6,710.0,1025.0,867.5,2.55,3.45,3.0,20252,True
084021,E573,AG,LICATA,9,8,380.0,570.0,475.0,1.4,2.1,1.75,20252,True
061083,I234,CE,SANTA MARIA CAPUA VETERE,5,3,800.0,1075.0,937.5,2.35,3.3,2.82,20252,True
047017,H109,PT,QUARRATA,5,5,1375.0,1800.0,1575.0,6.05,7.85,6.95,20252,True
083049,F206,ME,MILAZZO,4,4,895.0,1300.0,1097.5,3.5,5.15,4.32,20252,True
023071,H924,VR,SAN GIOVANNI LUPATOTO,5,5,1175.0,1675.0,1425.0,,,,20252,True
108024,E063,MB,GIUSSANO,3,2,1350.0,1900.0,1625.0,5.75,8.1,6.92,20252,True
072036,H096,BA,PUTIGNANO,9,6,850.0,1150.0,975.0,3.0,4.2,3.5,20252,True
092068,I580,CA,SELARGIUS,6,4,1500.0,2050.0,1775.0,5.2,6.95,6.08,20252,True
071028,E716,FG,LUCERA,5,4,675.0,900.0,787.5,2.75,4.05,3.4,20252,True
036046,L885,MO,VIGNOLA,2,2,1100.0,1575.0,1337.5,4.65,6.85,5.75,20252,True
016198,I628,BG,SERIATE,4,4,1125.0,1550.0,1337.5,5.5,7.8,6.65,20252,True
067037,F585,TE,ROSETO DEGLI ABRUZZI,10,10,935.0,1400.0,1167.5,3.3,4.85,4.08,20252,True
001082,C665,TO,CHIVASSO,5,4,840.0,1250.0,1045.0,4.35,6.5,5.42,20252,True
036022,F240,MO,MIRANDOLA,8,8,610.0,870.0,735.0,3.45,5.1,4.28,20252,True
048001,A564,FI,BAGNO A RIPOLI,5,5,1850.0,2600.0,2200.0,5.4,7.7,6.45,20252,True
027029,G914,VE,PORTOGRUARO,7,3,925.0,1250.0,1087.5,,,,20252,True
035020,D037,RE,CORREGGIO,9,9,1000.0,1400.0,1200.0,3.5,5.15,4.32,20252,True
017113,F471,BS,MONTICHIARI,5,4,1075.0,1400.0,1237.5,3.25,4.3,3.78,20252,True
109034,G921,FM,PORTO SANT'ELPIDIO,3,3,990.0,1325.0,1145.0,4.05,5.6,4.78,20252,True
063048,F799,NA,MUGNANO DI NAPOLI,4,4,1010.0,1550.0,1280.0,3.4,5.25,4.33,20252,True
024008,A459,VI,ARZIGNANO,7,7,900.0,1100.0,1000.0,4.2,5.9,5.05,20252,True
072019,C975,BA,CONVERSANO,7,5,900.0,1175.0,1025.0,3.0,3.9,3.4,20252,True
087024,F005,CT,MASCALUCIA,3,3,650.0,935.0,792.5,2.45,3.6,3.02,20252,True
013143,E951,CO,MARIANO COMENSE,5,4,1000.0,1500.0,1250.0,3.5,5.2,4.35,20252,True
063079,I820,NA,SOMMA VESUVIANA,6,5,795.0,1225.0,1010.0,2.7,4.15,3.42,20252,True
065135,I438,SA,SARNO,6,6,895.0,1200.0,1055.0,2.5,3.5,3.0,20252,True
088003,C927,RG,COMISO,5,5,450.0,630.0,550.0,1.55,2.2,1.88,20252,True
084011,B602,AG,CANICATTI',8,6,350.0,520.0,435.0,1.6,2.4,2.0,20252,True
015130,E801,MI,MAGENTA,5,4,1075.0,1500.0,1287.5,4.75,6.7,5.72,20252,True
015171,G488,MI,PESCHIERA BORROMEO,4,3,1650.0,1900.0,1775.0,6.45,7.45,6.95,20252,True
021011,B160,BZ,BRESSANONE .BRIXEN.,9,8,2450.0,2850.0,2675.0,7.7,9.0,8.4,20252,True
004089,D742,CN,FOSSANO,13,13,820.0,1225.0,1022.5,2.5,3.7,3.1,20252,True
072021,E038,BA,GIOIA DEL COLLE,5,3,700.0,900.0,800.0,2.5,3.5,3.0,20252,True
024105,L157,VI,THIENE,6,6,900.0,1100.0,1000.0,4.8,6.45,5.62,20252,True
069035,D763,CH,FRANCAVILLA AL MARE,8,8,1125.0,1675.0,1400.0,4.35,6.5,5.42,20252,True
084017,D514,AG,FAVARA,5,4,330.0,485.0,405.0,1.2,1.8,1.5,20252,True
074010,F152,BR,MESAGNE,5,4,725.0,910.0,817.5,3.45,4.25,3.9,20252,True
009002,A145,SV,ALBENGA,11,7,1950.0,2925.0,2437.5,6.8,7.4,7.1,20252,True
072032,F923,BA,NOICATTARO,8,6,900.0,1200.0,1050.0,3.0,4.0,3.5,20252,True
081006,C286,TP,CASTELVETRANO,6,5,675.0,950.0,812.5,2.2,3.05,2.62,20252,True
060003,A123,FR,ALATRI,8,8,565.0,815.0,692.5,3.1,4.55,3.82,20252,True
051026,F656,AR,MONTEVARCHI,5,5,950.0,1250.0,1100.0,3.2,4.2,3.7,20252,True
016091,D245,BG,DALMINE,6,5,1025.0,1425.0,1225.0,5.0,6.4,5.62,20252,True
024061,F464,VI,MONTECCHIO MAGGIORE,5,5,950.0,1250.0,1100.0,5.0,6.6,5.8,20252,True
048052,M321,FI,FIGLINE E INCISA VALDARNO,4,3,1100.0,1650.0,1375.0,4.0,5.8,4.9,20252,True
067025,E058,TE,GIULIANOVA,10,10,950.0,1375.0,1162.5,3.3,4.7,4.0,20252,True
072043,L109,BA,TERLIZZI,7,7,900.0,1175.0,1037.5,3.25,4.25,3.75,20252,True
072041,I330,BA,SANTERAMO IN COLLE,4,3,850.0,1200.0,1025.0,2.9,4.1,3.5,20252,True
038006,C912,FE,COMACCHIO,12,12,1000.0,1375.0,1200.0,4.6,6.2,5.4,20252,True
028100,L900,PD,VIGONZA,8,5,900.0,1150.0,1025.0,3.8,4.2,4.0,20252,True
088011,I535,RG,SCICLI,6,6,730.0,880.0,815.0,2.65,3.65,3.12,20252,True
087006,A056,CT,ADRANO,3,3,440.0,640.0,540.0,1.55,2.25,1.9,20252,True
108030,F078,MB,MEDA,3,2,1375.0,1800.0,1587.5,5.3,7.3,6.3,20252,True
063043,E955,NA,MARIGLIANO,6,5,855.0,1325.0,1090.0,2.85,4.4,3.62,20252,True
089002,A522,SR,AVOLA,8,8,497.5,685.0,591.25,1.8,2.7,2.25,20252,True
111009,B745,SU,CARBONIA,9,8,575.0,775.0,675.0,2.2,3.0,2.6,20252,True
108034,F797,MB,MUGGIO',2,2,1425.0,1750.0,1587.5,5.9,7.5,6.7,20252,True
015074,C565,MI,CESANO BOSCONE,3,2,1650.0,1950.0,1825.0,6.25,7.35,6.8,20252,True
065099,G834,SA,PONTECAGNANO FAIANO,7,7,1050.0,1550.0,1300.0,3.3,4.6,3.95,20252,True
063045,F111,NA,MELITO DI NAPOLI,5,5,860.0,1300.0,1080.0,2.9,4.3,3.6,20252,True
099018,I304,RN,SANTARCANGELO DI ROMAGNA,10,10,1400.0,1850.0,1625.0,5.0,6.8,5.9,20252,True
046024,G628,LU,PIETRASANTA,5,5,1725.0,2525.0,2125.0,5.5,7.95,6.72,20252,True
108040,I709,MB,SEVESO,3,2,1125.0,1625.0,1375.0,5.4,7.85,6.62,20252,True
071046,H926,FG,SAN GIOVANNI ROTONDO,5,4,900.0,1150.0,1050.0,3.0,4.5,3.75,20252,True
086009,C342,EN,ENNA,9,7,690.0,985.0,837.5,2.65,3.85,3.3,20252,True
020017,C312,MN,CASTIGLIONE DELLE STIVIERE,8,6,625.0,850.0,725.0,4.0,5.5,4.75,20252,True
028086,I595,PD,SELVAZZANO DENTRO,5,4,925.0,1200.0,1062.5,3.2,4.1,3.65,20252,True
063011,B371,NA,CAIVANO,7,5,800.0,1225.0,1012.5,2.65,4.1,3.38,20252,True
092003,A474,CA,ASSEMINI,7,4,950.0,1300.0,1125.0,3.5,4.7,4.1,20252,True
001125,E379,TO,IVREA,12,8,625.0,935.0,780.0,3.65,5.45,4.55,20252,True
072046,L425,BA,TRIGGIANO,6,5,900.0,1250.0,1075.0,3.2,4.3,3.85,20252,True
110004,B619,BT,CANOSA DI PUGLIA,7,5,650.0,850.0,725.0,2.2,3.2,2.7,20252,True
075029,D862,LE,GALATINA,10,10,535.0,700.0,612.5,2.25,2.85,2.55,20252,True
108035,F944,MB,NOVA MILANESE,2,2,1375.0,1850.0,1612.5,5.65,7.8,6.72,20252,True
111035,E281,SU,IGLESIAS,8,5,700.0,950.0,825.0,3.0,4.0,3.5,20252,True
001171,G087,TO,ORBASSANO,7,4,1100.0,1650.0,1375.0,4.7,7.0,5.85,20252,True
060074,I838,FR,SORA,8,7,660.0,820.0,740.0,3.3,4.7,4.0,20252,True
082054,G348,PA,PARTINICO,4,4,460.0,650.0,565.0,1.7,2.2,1.95,20252,True
072028,F280,BA,MOLA DI BARI,7,4,1200.0,1550.0,1400.0,4.2,5.3,4.7,20252,True
022139,G452,TN,PERGINE VALSUGANA,21,18,1700.0,1975.0,1837.5,5.0,6.0,5.5,20252,True
014061,I829,SO,SONDRIO,11,10,1100.0,1300.0,1200.0,3.55,4.45,4.0,20252,True
038001,A393,FE,ARGENTA,9,9,595.0,840.0,712.5,3.5,4.8,4.15,20252,True
048019,D815,FI,FUCECCHIO,4,3,950.0,1400.0,1175.0,3.2,4.7,3.95,20252,True
026055,G229,TV,PAESE,5,5,1100.0,1600.0,1350.0,4.3,5.9,5.1,20252,True
081008,D423,TP,ERICE,6,5,700.0,1050.0,875.0,2.4,3.5,3.0,20252,True
004130,F351,CN,MONDOVI',9,9,730.0,1075.0,902.5,2.65,3.9,3.28,20252,True
004215,I470,CN,SAVIGLIANO,9,9,945.0,1375.0,1160.0,3.2,4.8,4.0,20252,True
063068,H931,NA,SAN GIUSEPPE VESUVIANO,5,4,645.0,995.0,820.0,2.15,3.3,2.72,20252,True
025021,D530,BL,FELTRE,6,5,810.0,1200.0,975.0,2.3,3.4,2.85,20252,True
037020,C265,BO,CASTEL SAN PIETRO TERME,5,5,1350.0,1700.0,1525.0,6.1,8.05,7.07,20252,True
011027,I449,SP,SARZANA,7,7,1150.0,1700.0,1425.0,6.5,8.5,7.5,20252,True
063005,A455,NA,ARZANO,5,4,910.0,1400.0,1155.0,3.0,4.7,3.85,20252,True
052012,C847,SI,COLLE DI VAL D'ELSA,10,7,760.0,1075.0,917.5,2.45,3.5,2.98,20252,True
087017,E017,CT,GIARRE,9,9,380.0,560.0,468.75,1.4,2.0,1.7,20252,True
066098,I804,AQ,SULMONA,7,7,525.0,780.0,652.5,1.55,2.25,1.9,20252,True
063087,G309,NA,VILLARICCA,4,4,850.0,1300.0,1075.0,2.95,4.5,3.72,20252,True
027021,E980,VE,MARTELLAGO,7,4,950.0,1325.0,1137.5,,,,20252,True
063032,D789,NA,FRATTAMAGGIORE,4,4,1075.0,1650.0,1362.5,3.6,5.5,4.55,20252,True
072038,H645,BA,RUVO DI PUGLIA,8,4,1125.0,1450.0,1275.0,3.75,4.95,4.33,20252,True
063035,E131,NA,GRAGNANO,7,5,1175.0,1800.0,1487.5,3.9,6.0,4.95,20252,True
015206,I602,MI,SENAGO,4,2,1200.0,1700.0,1450.0,5.5,7.7,6.6,20252,True
046018,F035,LU,MASSAROSA,7,7,1175.0,1700.0,1437.5,4.05,5.9,5.0,20252,True
015108,E094,MI,GORGONZOLA,4,2,1525.0,1900.0,1712.5,6.35,8.3,7.3,20252,True
075022,C978,LE,COPERTINO,5,5,465.0,630.0,535.0,2.0,2.6,2.35,20252,True
069058,G141,CH,ORTONA,7,7,800.0,1175.0,987.5,3.55,5.25,4.4,20252,True
051017,D077,AR,CORTONA,5,5,1100.0,1400.0,1250.0,4.0,4.8,4.4,20252,True
015220,L409,MI,TREZZANO SUL NAVIGLIO,5,2,1350.0,1700.0,1525.0,5.8,7.4,6.6,20252,True
058039,D773,RM,FRASCATI,6,4,1750.0,2600.0,2175.0,6.65,9.75,8.2,20252,True
008065,L741,IM,VENTIMIGLIA,7,7,1450.0,2100.0,1800.0,4.0,5.8,4.9,20252,True
012040,C004,VA,CASSANO MAGNAGO,4,3,1100.0,1300.0,1200.0,3.5,5.1,4.3,20252,True
003024,B019,NO,BORGOMANERO,8,8,630.0,925.0,777.5,2.5,3.55,3.02,20252,True
023069,H783,VR,SAN BONIFACIO,4,4,960.0,1350.0,1155.0,5.2,5.8,5.5,20252,True
054002,A710,PG,BASTIA UMBRA,4,4,745.0,1050.0,897.5,2.55,3.7,3.12,20252,True
061052,F352,CE,MONDRAGONE,5,4,520.0,720.0,620.0,2.6,3.8,3.25,20252,True
015087,D018,MI,CORNAREDO,3,2,1500.0,1800.0,1650.0,6.25,7.8,6.95,20252,True
017096,E738,BS,LUMEZZANE,4,3,820.0,1250.0,1035.0,3.4,4.6,4.0,20252,True
023015,B296,VR,BUSSOLENGO,5,4,1050.0,1450.0,1250.0,5.3,6.5,5.9,20252,True
054015,C990,PG,CORCIANO,8,8,780.0,1150.0,965.0,2.6,3.7,3.15,20252,True
043044,H211,MC,RECANATI,9,9,800.0,1400.0,1100.0,3.0,5.4,4.15,20252,True
053009,D656,GR,FOLLONICA,6,6,1600.0,2250.0,1925.0,5.1,7.4,6.25,20252,True
087019,E156,CT,GRAVINA DI CATANIA,4,4,715.0,995.0,855.0,2.6,3.65,3.12,20252,True
015086,D013,MI,CORMANO,2,2,1475.0,1875.0,1675.0,6.15,8.2,7.15,20252,True
028001,A001,PD,ABANO TERME,6,4,1015.0,1300.0,1150.0,4.25,5.95,5.1,20252,True
015157,F955,MI,NOVATE MILANESE,2,2,1575.0,2100.0,1837.5,6.35,8.15,7.25,20252,True
099001,A747,RN,BELLARIA-IGEA MARINA,3,3,1650.0,2150.0,1900.0,6.4,8.75,7.58,20252,True
073007,E036,TA,GINOSA,5,5,595.0,840.0,717.5,2.2,3.0,2.58,20252,True
058043,D972,RM,GENZANO DI ROMA,5,4,1150.0,1650.0,1400.0,4.9,7.0,5.95,20252,True
087007,A766,CT,BELPASSO,8,8,520.0,770.0,645.0,1.9,2.7,2.3,20252,True
026051,F999,TV,ODERZO,5,5,1150.0,1550.0,1325.0,4.85,6.9,5.88,20252,True
034032,H720,PR,SALSOMAGGIORE TERME,5,5,630.0,845.0,737.5,2.0,2.9,2.45,20252,True
093037,H657,PN,SACILE,4,4,850.0,1200.0,1025.0,3.5,5.0,4.25,20252,True
048033,G825,FI,PONTASSIEVE,4,4,1275.0,1775.0,1512.5,3.75,5.25,4.5,20252,True
047011,A561,PT,MONTECATINI-TERME,6,6,1100.0,1350.0,1200.0,4.8,6.5,5.65,20252,True
082048,F246,PA,MISILMERI,4,4,500.0,750.0,625.0,1.9,2.5,2.2,20252,True
037060,M185,BO,ZOLA PREDOSA,6,6,1800.0,2200.0,2000.0,6.5,8.65,7.6,20252,True
092011,B675,CA,CAPOTERRA,5,3,1100.0,1500.0,1300.0,4.0,5.0,4.5,20252,True
047009,F384,PT,MONSUMMANO TERME,5,5,1100.0,1425.0,1262.5,5.3,6.95,6.1,20252,True
028065,G693,PD,PIOVE DI SACCO,5,4,950.0,1200.0,1075.0,2.9,3.7,3.3,20252,True
059028,I712,LT,SEZZE,6,6,745.0,1050.0,897.5,4.25,6.0,5.15,20252,True
028032,C743,PD,CITTADELLA,13,6,900.0,1100.0,1000.0,3.85,4.7,4.3,20252,True
087003,A027,CT,ACI CATENA,3,3,585.0,860.0,722.5,2.1,3.1,2.6,20252,True
063073,I293,NA,SANT'ANTIMO,5,5,785.0,1200.0,992.5,2.6,4.0,3.3,20252,True
048024,E466,FI,LASTRA A SIGNA,5,5,1525.0,2200.0,1862.5,5.0,7.15,6.15,20252,True
015211,I700,MI,SETTIMO MILANESE,3,2,1650.0,2100.0,1875.0,6.4,8.35,7.38,20252,True
015059,C003,MI,CASSANO D'ADDA,4,1,1150.0,1675.0,1412.5,4.75,6.85,5.8,20252,True
016183,H509,BG,ROMANO DI LOMBARDIA,4,3,1000.0,1275.0,1137.5,5.0,6.55,5.78,20252,True
020065,L020,MN,SUZZARA,7,6,500.0,725.0,612.5,3.0,4.65,3.83,20252,True
065025,B644,SA,CAPACCIO PAESTUM,6,6,875.0,1250.0,1062.5,2.95,4.2,3.55,20252,True
021040,E421,BZ,LAIVES .LEIFERS.,4,3,2900.0,3300.0,3100.0,9.7,11.0,10.35,20252,True
029001,A059,RO,ADRIA,4,4,800.0,1050.0,925.0,2.7,3.5,3.1,20252,True
001214,H335,TO,RIVALTA DI TORINO,8,6,1150.0,1700.0,1425.0,4.7,7.0,5.85,20252,True
017133,G264,BS,PALAZZOLO SULL'OGLIO,3,2,1055.0,1350.0,1202.5,4.15,5.3,4.72,20252,True
087041,H922,CT,SAN GIOVANNI LA PUNTA,5,5,685.0,995.0,840.0,2.55,3.65,3.1,20252,True
063006,A535,NA,BACOLI,6,6,1325.0,2025.0,1675.0,4.4,6.75,5.58,20252,True
015009,A389,MI,ARESE,3,2,1650.0,2225.0,1937.5,6.75,8.95,7.85,20252,True
094023,E335,IS,ISERNIA,7,7,580.0,845.0,725.0,3.4,4.9,4.15,20252,True
058059,F127,RM,MENTANA,6,5,1075.0,1550.0,1300.0,5.0,7.15,6.08,20252,True
058074,G274,RM,PALESTRINA,4,3,975.0,1400.0,1187.5,4.8,6.8,5.8,20252,True
055023,G148,TR,ORVIETO,5,5,750.0,1200.0,975.0,3.2,5.8,4.5,20252,True
003149,L356,NO,TRECATE,5,4,580.0,840.0,710.0,2.3,3.2,2.75,20252,True
015098,D231,MI,CUSANO MILANINO,2,2,1650.0,2050.0,1850.0,6.25,8.05,7.15,20252,True
061027,C291,CE,CASTEL VOLTURNO,9,6,490.0,750.0,625.0,2.8,4.0,3.4,20252,True
072017,C134,BA,CASTELLANA GROTTE,11,5,750.0,1050.0,925.0,2.7,3.6,3.15,20252,True
058034,C858,RM,COLLEFERRO,4,3,825.0,1225.0,1025.0,3.9,5.75,4.83,20252,True
082070,L112,PA,TERMINI IMERESE,5,5,615.0,840.0,727.5,1.85,2.6,2.23,20252,True
037019,C204,BO,CASTEL MAGGIORE,5,4,1425.0,1825.0,1625.0,6.5,8.25,7.25,20252,True
027037,I551,VE,SCORZE',7,5,975.0,1250.0,1112.5,,,,20252,True
065079,F913,SA,NOCERA SUPERIORE,8,8,710.0,1000.0,855.0,2.1,3.1,2.6,20252,True
063072,I262,NA,SANT'ANASTASIA,5,4,860.0,1325.0,1092.5,2.85,4.4,3.62,20252,True
060006,A269,FR,ANAGNI,7,6,555.0,790.0,670.0,3.9,5.2,4.55,20252,True
006001,A052,AL,ACQUI TERME,4,3,600.0,900.0,750.0,3.4,5.1,4.25,20252,True
060024,C413,FR,CECCANO,6,5,580.0,810.0,690.0,3.45,5.0,4.22,20252,True
092074,I695,CA,SESTU,4,3,1250.0,1750.0,1500.0,4.6,6.35,5.47,20252,True
020066,L826,MN,VIADANA,3,3,550.0,775.0,650.0,3.65,4.65,4.15,20252,True
017052,C618,BS,CHIARI,4,4,950.0,1275.0,1100.0,3.85,5.0,4.42,20252,True
035012,B893,RE,CASALGRANDE,5,5,700.0,1050.0,875.0,2.5,3.6,3.05,20252,True
037008,B249,BO,BUDRIO,4,4,1300.0,1625.0,1437.5,5.85,7.75,6.75,20252,True
100003,F572,PO,MONTEMURLO,5,5,1325.0,1800.0,1550.0,5.5,7.5,6.5,20252,True
089013,F943,SR,NOTO,9,9,570.0,840.0,710.0,2.3,3.4,2.85,20252,True
063058,G813,NA,POMPEI,5,4,1325.0,2000.0,1662.5,4.2,6.35,5.28,20252,True
058046,E204,RM,GROTTAFERRATA,6,4,1775.0,2650.0,2212.5,6.55,9.55,8.05,20252,True
090058,G924,SS,PORTO TORRES,6,3,820.0,1200.0,1022.5,3.45,5.0,4.27,20252,True
059024,H647,LT,SABAUDIA,13,12,1200.0,1450.0,1325.0,5.6,7.9,6.95,20252,True
064005,A399,AV,ARIANO IRPINO,7,7,540.0,690.0,610.0,2.35,2.95,2.65,20252,True
069083,I148,CH,SAN SALVO,5,5,700.0,1025.0,862.5,3.25,4.8,4.03,20252,True
015142,F119,MI,MELZO,2,1,1525.0,2100.0,1812.5,6.1,8.3,7.2,20252,True
040045,I472,FC,SAVIGNANO SUL RUBICONE,5,5,1300.0,1625.0,1462.5,4.35,5.45,4.88,20252,True
048004,B036,FI,BORGO SAN LORENZO,6,6,1000.0,1500.0,1250.0,3.1,4.6,3.85,20252,True
048044,I728,FI,SIGNA,5,4,1400.0,2075.0,1737.5,4.8,7.0,5.9,20252,True
015085,C986,MI,CORBETTA,3,3,1175.0,1425.0,1287.5,5.15,6.5,5.82,20252,True
036030,G393,MO,PAVULLO NEL FRIGNANO,5,5,850.0,1250.0,1050.0,3.4,4.95,4.17,20252,True
047012,G491,PT,PESCIA,4,4,1000.0,1300.0,1150.0,4.0,5.8,4.9,20252,True
001249,I030,TO,SAN MAURO TORINESE,8,6,1050.0,1550.0,1300.0,4.6,6.9,5.75,20252,True
022006,A372,TN,ARCO,7,5,2100.0,2600.0,2350.0,7.0,8.0,7.5,20252,True
006177,L570,AL,VALENZA,6,6,560.0,840.0,700.0,3.55,4.9,4.22,20252,True
021013,B220,BZ,BRUNICO .BRUNECK.,10,9,2700.0,3300.0,3000.0,7.8,9.5,8.65,20252,True
048005,B406,FI,CALENZANO,5,4,1625.0,2350.0,1987.5,5.7,8.25,6.98,20252,True
001086,C722,TO,CIRIE',5,4,850.0,1250.0,1050.0,4.0,6.0,5.0,20252,True
063008,B076,NA,BOSCOREALE,3,3,860.0,1325.0,1092.5,2.85,4.4,3.62,20252,True
022153,H330,TN,RIVA DEL GARDA,12,7,2400.0,3100.0,2750.0,7.5,8.75,8.12,20252,True
093017,C991,PN,CORDENONS,4,4,800.0,1025.0,912.5,3.0,4.5,3.75,20252,True
037047,G570,BO,PIANORO,5,4,1900.0,2250.0,2075.0,4.5,6.0,5.25,20252,True
065002,A091,SA,AGROPOLI,4,4,1250.0,1775.0,1512.5,3.75,5.6,4.67,20252,True
059009,D843,LT,GAETA,7,7,1700.0,1950.0,1825.0,6.3,9.1,7.85,20252,True
072001,A048,BA,ACQUAVIVA DELLE FONTI,8,3,650.0,950.0,800.0,2.3,3.4,2.85,20252,True
042010,C100,AN,CASTELFIDARDO,6,6,795.0,1100.0,947.5,3.8,5.4,4.6,20252,True
061078,I056,CE,SAN NICOLA LA STRADA,7,3,650.0,965.0,807.5,2.95,4.3,3.62,20252,True
017166,H598,BS,ROVATO,4,3,1015.0,1350.0,1180.0,3.8,4.65,4.22,20252,True
012127,L319,VA,TRADATE,7,5,1100.0,1575.0,1337.5,3.3,4.7,4.0,20252,True
059014,F224,LT,MINTURNO,7,7,795.0,1100.0,947.5,3.5,5.0,4.25,20252,True
072022,E047,BA,GIOVINAZZO,7,5,1225.0,1600.0,1425.0,4.15,5.45,4.8,20252,True
108004,A376,MB,ARCORE,3,2,1400.0,1725.0,1575.0,6.3,7.9,7.12,20252,True
023083,I826,VR,SONA,5,5,1300.0,1900.0,1600.0,,,,20252,True
099002,C357,RN,CATTOLICA,2,2,1775.0,2475.0,2125.0,6.75,9.5,8.12,20252,True
043053,L191,MC,TOLENTINO,7,6,550.0,900.0,725.0,2.3,3.9,3.1,20252,True
026091,M048,TV,VILLORBA,5,5,1100.0,1500.0,1300.0,4.3,5.9,5.1,20252,True
012034,B805,VA,CARONNO PERTUSELLA,4,3,1450.0,1850.0,1675.0,3.5,5.2,4.35,20252,True
027020,E936,VE,MARCON,6,3,950.0,1300.0,1125.0,,,,20252,True
108015,B729,MB,CARATE BRIANZA,4,2,1250.0,1650.0,1425.0,5.5,6.35,5.93,20252,True
015140,F100,MI,MELEGNANO,3,2,1375.0,1800.0,1562.5,6.0,8.3,7.05,20252,True
016004,A163,BG,ALBINO,5,4,900.0,1200.0,1050.0,4.6,6.0,5.3,20252,True
072031,F915,BA,NOCI,5,4,650.0,925.0,787.5,2.45,3.45,2.95,20252,True
060033,D539,FR,FERENTINO,9,8,505.0,710.0,607.5,2.8,4.0,3.4,20252,True
063089,M115,NA,VOLLA,4,3,1085.0,1675.0,1380.0,3.6,5.6,4.6,20252,True
010059,I693,GE,SESTRI LEVANTE,10,10,2450.0,3600.0,3025.0,6.0,8.9,7.45,20252,True
089014,G211,SR,PACHINO,7,7,465.0,630.0,563.75,1.8,2.6,2.22,20252,True
004203,H727,CN,SALUZZO,10,10,920.0,1350.0,1135.0,2.8,4.0,3.45,20252,True
012123,I819,VA,SOMMA LOMBARDO,8,7,855.0,1000.0,940.0,3.0,4.3,3.65,20252,True
001024,A734,TO,BEINASCO,6,4,985.0,1475.0,1230.0,4.6,6.85,5.72,20252,True
036019,E904,MO,MARANELLO,4,4,1000.0,1450.0,1225.0,4.4,6.35,5.38,20252,True
028055,F382,PD,MONSELICE,5,4,800.0,1100.0,950.0,3.55,4.35,3.95,20252,True
065067,F138,SA,MERCATO SAN SEVERINO,8,8,865.0,1150.0,1007.5,2.35,3.4,2.88,20252,True
074003,C424,BR,CEGLIE MESSAPICA,6,4,820.0,1000.0,910.0,3.4,4.2,3.7,20252,True
023058,G481,VR,PESCANTINA,3,2,1300.0,1750.0,1525.0,4.8,6.6,5.7,20252,True
063051,G190,NA,OTTAVIANO,5,4,660.0,1025.0,842.5,2.3,3.5,2.9,20252,True
017078,D999,BS,GHEDI,3,3,970.0,1350.0,1160.0,3.5,4.5,4.0,20252,True
068041,I922,PE,SPOLTORE,4,4,800.0,1200.0,1000.0,3.3,4.9,4.1,20252,True
001194,G691,TO,PIOSSASCO,3,2,900.0,1325.0,1112.5,4.35,6.5,5.42,20252,True
092109,F383,CA,MONSERRATO,3,3,1075.0,1450.0,1262.5,4.0,5.5,4.75,20252,True
015012,A652,MI,BAREGGIO,3,2,1225.0,1550.0,1387.5,5.4,6.7,6.1,20252,True
037021,C292,BO,CASTENASO,4,4,1875.0,2400.0,2137.5,5.25,7.0,6.12,20252,True
039002,A547,RA,BAGNACAVALLO,4,4,900.0,1150.0,1025.0,3.2,4.15,3.7,20252,True
047002,A071,PT,AGLIANA,3,3,1450.0,1800.0,1625.0,6.0,7.9,6.95,20252,True
054027,E975,PG,MARSCIANO,5,5,680.0,920.0,810.0,2.3,3.2,2.75,20252,True
063086,L845,NA,VICO EQUENSE,6,5,1950.0,3000.0,2475.0,5.7,8.8,7.25,20252,True
061053,G130,CE,ORTA DI ATELLA,4,3,600.0,900.0,750.0,2.0,3.0,2.5,20252,True
085013,F899,CL,NISCEMI,4,4,380.0,520.0,450.0,1.4,2.1,1.75,20252,True
058097,I255,RM,SANTA MARINELLA,6,4,1450.0,2100.0,1775.0,5.9,8.3,7.1,20252,True
037037,F083,BO,MEDICINA,4,4,1350.0,1800.0,1562.5,5.15,7.6,6.38,20252,True
055022,F844,TR,NARNI,4,4,650.0,950.0,800.0,3.25,5.5,4.38,20252,True
075016,B936,LE,CASARANO,5,4,450.0,620.0,535.0,1.9,2.6,2.2,20252,True
085016,H792,CL,SAN CATALDO,10,10,400.0,560.0,480.0,1.6,2.4,2.0,20252,True
023025,C498,VR,CEREA,5,5,570.0,840.0,705.0,,,,20252,True
048010,C101,FI,CASTELFIORENTINO,4,2,900.0,1350.0,1125.0,3.2,4.7,3.95,20252,True
015154,F874,MI,NERVIANO,3,2,1225.0,1550.0,1387.5,6.25,7.65,6.95,20252,True
061088,I676,CE,SESSA AURUNCA,15,14,550.0,825.0,687.5,1.8,2.7,2.25,20252,True
072037,H643,BA,RUTIGLIANO,7,6,850.0,1200.0,1025.0,3.0,4.2,3.55,20252,True
015242,M053,MI,VIMODRONE,2,2,1675.0,2075.0,1875.0,7.05,7.9,7.5,20252,True
078033,C349,CS,CASTROVILLARI,4,4,502.5,735.0,621.25,2.05,3.05,2.55,20252,True
072035,G787,BA,POLIGNANO A MARE,9,5,1400.0,1775.0,1587.5,4.65,5.95,5.27,20252,True
028072,H625,PD,RUBANO,6,4,900.0,1150.0,1025.0,3.4,3.95,3.68,20252,True
027035,I242,VE,SANTA MARIA DI SALA,5,3,900.0,1175.0,1037.5,,,,20252,True
072033,G291,BA,PALO DEL COLLE,5,2,750.0,1075.0,912.5,2.75,3.9,3.33,20252,True
078003,A053,CS,ACRI,4,4,375.0,560.0,467.5,1.75,2.45,2.1,20252,True
103028,D332,VB,DOMODOSSOLA,5,5,1025.0,1450.0,1237.5,3.6,5.1,4.35,20252,True
072015,B923,BA,CASAMASSIMA,6,3,1050.0,1300.0,1175.0,3.5,4.3,3.9,20252,True
038007,C980,FE,COPPARO,7,7,570.0,750.0,667.5,3.15,4.3,3.72,20252,True
023073,I003,VR,SAN MARTINO BUON ALBERGO,7,7,1150.0,1600.0,1375.0,,,,20252,True
063037,E329,NA,ISCHIA,6,6,1800.0,2750.0,2275.0,5.3,8.0,6.65,20252,True
089016,H574,SR,ROSOLINI,6,6,430.0,620.0,525.0,1.55,2.2,1.85,20252,True
048038,H791,FI,SAN CASCIANO IN VAL DI PESA,5,5,1400.0,2050.0,1725.0,4.2,6.2,5.2,20252,True
058005,A297,RM,ANGUILLARA SABAZIA,4,3,1050.0,1550.0,1300.0,4.5,6.5,5.5,20252,True
026063,H022,TV,PREGANZIOL,5,5,1050.0,1250.0,1150.0,3.9,5.4,4.65,20252,True
017092,M312,BS,LONATO DEL GARDA,6,3,1350.0,1850.0,1600.0,3.85,5.6,4.75,20252,True
075031,D883,LE,GALLIPOLI,9,8,970.0,1400.0,1180.0,4.4,6.0,5.2,20252,True
108010,B105,MB,BOVISIO-MASCIAGO,3,3,1300.0,1650.0,1500.0,5.5,7.4,6.2,20252,True
023052,F861,VR,NEGRAR DI VALPOLICELLA,3,3,930.0,1200.0,1065.0,,,,20252,True
063055,G762,NA,POGGIOMARINO,3,3,650.0,990.0,820.0,2.15,3.3,2.73,20252,True
036013,D607,MO,FIORANO MODENESE,6,6,1050.0,1500.0,1275.0,4.45,6.5,5.47,20252,True
060085,L780,FR,VEROLI,4,4,510.0,700.0,597.5,3.0,4.05,3.52,20252,True
020045,G917,MN,PORTO MANTOVANO,6,5,500.0,650.0,575.0,3.3,4.3,3.8,20252,True
074017,I396,BR,SAN VITO DEI NORMANNI,6,4,660.0,850.0,755.0,3.05,3.95,3.52,20252,True
058013,B114,RM,BRACCIANO,4,3,1100.0,1625.0,1362.5,4.75,6.65,5.7,20252,True
028037,D442,PD,ESTE,7,5,800.0,1100.0,950.0,2.8,3.6,3.2,20252,True
051033,H901,AR,SAN GIOVANNI VALDARNO,6,6,975.0,1200.0,1100.0,3.8,4.75,4.3,20252,True
048035,H222,FI,REGGELLO,4,4,1100.0,1600.0,1350.0,3.7,5.3,4.5,20252,True
017081,E271,BS,GUSSAGO,6,3,1300.0,1825.0,1562.5,4.1,5.5,4.8,20252,True
086014,G580,EN,PIAZZA ARMERINA,8,7,422.5,630.0,526.25,1.75,2.55,2.15,20252,True
030027,C817,UD,CODROIPO,4,2,810.0,1200.0,1005.0,3.0,4.5,3.75,20252,True
001008,A222,TO,ALPIGNANO,9,5,940.0,1400.0,1170.0,4.4,6.6,5.5,20252,True
058009,A401,RM,ARICCIA,4,3,1100.0,1650.0,1375.0,4.3,6.0,5.15,20252,True
027026,F904,VE,NOALE,7,5,950.0,1300.0,1125.0,,,,20252,True
036027,F930,MO,NONANTOLA,2,2,1075.0,1525.0,1300.0,4.3,6.25,5.28,20252,True
109037,I324,FM,SANT'ELPIDIO A MARE,5,5,805.0,1050.0,930.0,3.25,4.3,3.8,20252,True
013095,D416,CO,ERBA,6,6,1100.0,1350.0,1225.0,3.3,4.7,4.0,20252,True
063062,H101,NA,QUALIANO,4,3,780.0,1200.0,990.0,2.6,4.0,3.3,20252,True
089009,D636,SR,FLORIDIA,5,5,590.0,840.0,705.0,2.1,3.1,2.6,20252,True
026089,L706,TV,VEDELAGO,7,7,920.0,1200.0,1060.0,3.8,4.8,4.3,20252,True
089011,E532,SR,LENTINI,10,10,430.0,625.0,527.5,1.75,2.55,2.15,20252,True
087051,L369,CT,TREMESTIERI ETNEO,4,4,720.0,1050.0,885.0,2.8,4.0,3.4,20252,True
021004,A332,BZ,APPIANO SULLA STRADA DEL VINO .EPPAN AN DER.,5,4,2700.0,3200.0,2950.0,7.85,10.7,9.28,20252,True
012118,H736,VA,SAMARATE,5,3,1050.0,1400.0,1225.0,3.5,5.2,4.35,20252,True
108021,C952,MB,CONCOREZZO,3,2,1375.0,1600.0,1487.5,5.55,7.2,6.43,20252,True
001115,E020,TO,GIAVENO,5,4,870.0,1300.0,1085.0,4.1,6.2,5.15,20252,True
077021,G786,MT,POLICORO,7,7,900.0,1175.0,1037.5,2.95,3.8,3.3,20252,True
023012,B107,VR,BOVOLONE,5,5,735.0,1075.0,905.0,,,,20252,True
023097,M172,VR,ZEVIO,5,5,920.0,1350.0,1135.0,3.9,4.7,4.3,20252,True
049008,C869,LI,COLLESALVETTI,7,6,1200.0,1600.0,1375.0,4.6,6.0,5.35,20252,True
087008,A841,CT,BIANCAVILLA,4,3,500.0,695.0,597.5,1.75,2.45,2.1,20252,True
037039,F288,BO,MOLINELLA,4,4,975.0,1275.0,1125.0,5.0,6.25,5.62,20252,True
015051,B850,MI,CARUGATE,4,2,1550.0,1950.0,1775.0,5.85,7.4,6.62,20252,True
048012,C540,FI,CERTALDO,5,3,975.0,1450.0,1212.5,3.45,5.1,4.28,20252,True
051034,I155,AR,SANSEPOLCRO,6,6,825.0,1075.0,950.0,3.0,4.0,3.48,20252,True
064121,M330,AV,MONTORO,13,13,680.0,850.0,757.5,2.7,3.4,3.05,20252,True
078081,F416,CS,MONTALTO UFFUGO,6,6,550.0,780.0,665.0,2.1,2.9,2.5,20252,True
036044,I802,MO,SOLIERA,5,4,950.0,1400.0,1175.0,4.3,6.0,5.15,20252,True
016053,B731,BG,CARAVAGGIO,5,4,900.0,1200.0,1050.0,4.1,6.1,5.1,20252,True
023089,L567,VR,VALEGGIO SUL MINCIO,3,3,960.0,1350.0,1155.0,,,,20252,True
056050,D024,VT,TARQUINIA,5,4,1200.0,1600.0,1400.0,4.75,6.2,5.47,20252,True
108001,A087,MB,AGRATE BRIANZA,3,2,1200.0,1600.0,1400.0,5.7,7.4,6.55,20252,True
074002,B809,BR,CAROVIGNO,5,5,800.0,1000.0,900.0,3.5,4.4,4.0,20252,True
024052,E682,VI,LONIGO,6,5,705.0,985.0,845.0,5.3,7.0,6.15,20252,True
084027,G282,AG,PALMA DI MONTECHIARO,8,5,450.0,675.0,562.5,1.4,2.1,1.75,20252,True
054056,D786,PG,UMBERTIDE,6,6,560.0,815.0,687.5,1.95,2.8,2.38,20252,True
108054,E530,MB,LENTATE SUL SEVESO,4,2,1025.0,1475.0,1250.0,4.75,6.9,5.83,20252,True
109033,G920,FM,PORTO SAN GIORGIO,5,5,1625.0,2100.0,1862.5,6.65,8.85,7.75,20252,True
001130,E518,TO,LEINI,2,2,840.0,1250.0,1045.0,4.4,6.6,5.5,20252,True
058114,M141,RM,ZAGAROLO,5,4,850.0,1250.0,1050.0,4.3,6.3,5.3,20252,True
044023,E207,AP,GROTTAMMARE,6,6,1275.0,1775.0,1525.0,4.95,7.5,6.22,20252,True
108008,A818,MB,BESANA IN BRIANZA,2,2,1150.0,1500.0,1325.0,5.0,6.55,5.78,20252,True
028016,B345,PD,CADONEGHE,5,3,815.0,1125.0,970.0,4.45,5.25,4.85,20252,True
015173,G634,MI,PIEVE EMANUELE,3,2,1350.0,1725.0,1537.5,5.65,7.15,6.4,20252,True
017061,C948,BS,CONCESIO,5,3,1040.0,1425.0,1232.5,3.75,4.95,4.35,20252,True
093005,A530,PN,AZZANO DECIMO,5,5,640.0,800.0,720.0,2.5,3.5,3.0,20252,True
093041,I403,PN,SAN VITO AL TAGLIAMENTO,4,4,675.0,950.0,812.5,2.5,3.7,3.1,20252,True
067047,E989,TE,MARTINSICURO,5,5,725.0,1075.0,900.0,2.45,3.65,3.05,20252,True
088008,G953,RG,POZZALLO,3,3,740.0,990.0,865.0,3.1,4.15,3.62,20252,True
098019,C816,LO,CODOGNO,4,4,795.0,1025.0,910.0,5.0,6.4,5.7,20252,True
043043,F632,MC,POTENZA PICENA,4,4,1100.0,1575.0,1337.5,3.45,5.3,4.38,20252,True
075088,L419,LE,TRICASE,6,6,610.0,770.0,700.0,2.4,2.8,2.65,20252,True
017065,D251,BS,DARFO BOARIO TERME,4,3,780.0,1075.0,927.5,2.8,4.0,3.4,20252,True
036012,D599,MO,FINALE EMILIA,5,4,625.0,910.0,767.5,3.3,4.75,4.03,20252,True
037057,G972,BO,SASSO MARCONI,7,7,1400.0,1800.0,1550.0,5.0,6.75,5.75,20252,True
003068,D872,NO,GALLIATE,5,4,770.0,1150.0,960.0,2.5,3.5,3.0,20252,True
035014,C141,RE,CASTELLARANO,5,5,750.0,1100.0,925.0,2.8,4.1,3.45,20252,True
097048,F133,LC,MERATE,4,4,1050.0,1350.0,1200.0,4.2,5.4,4.8,20252,True
072048,L571,BA,VALENZANO,7,4,1050.0,1500.0,1275.0,3.6,5.1,4.35,20252,True
054052,L188,PG,TODI,6,6,640.0,900.0,770.0,2.2,3.0,2.6,20252,True
036007,C242,MO,CASTELNUOVO RANGONE,4,4,1150.0,1600.0,1375.0,4.5,6.3,5.4,20252,True
087009,B202,CT,BRONTE,3,3,375.0,540.0,457.5,1.35,1.95,1.65,20252,True
098010,B910,LO,CASALPUSTERLENGO,4,4,875.0,1075.0,975.0,4.5,5.4,4.95,20252,True
093032,G886,PN,PORCIA,3,3,700.0,925.0,812.5,3.0,4.25,3.62,20252,True
087002,A026,CT,ACI CASTELLO,6,6,950.0,1400.0,1175.0,3.65,5.3,4.48,20252,True
001189,G559,TO,PIANEZZA,5,3,1100.0,1650.0,1375.0,4.5,6.8,5.65,20252,True
015072,C537,MI,CERRO MAGGIORE,4,2,1100.0,1425.0,1262.5,4.9,6.45,5.67,20252,True
073003,C136,TA,CASTELLANETA,8,6,560.0,800.0,680.0,3.0,4.2,3.6,20252,True
018102,F754,PV,MORTARA,3,2,670.0,825.0,747.5,2.55,2.9,2.73,20252,True
024026,C037,VI,CASSOLA,3,3,835.0,1110.0,972.5,,,,20252,True
027012,D325,VE,DOLO,6,4,950.0,1300.0,1125.0,,,,20252,True
030118,L065,UD,TAVAGNACCO,6,4,870.0,1300.0,1085.0,3.2,4.8,4.0,20252,True
023082,I821,VR,SOMMACAMPAGNA,4,4,1025.0,1475.0,1250.0,,,,20252,True
033021,D611,PC,FIORENZUOLA D'ARDA,3,3,700.0,1050.0,875.0,2.3,3.4,2.85,20252,True
050028,G822,PI,PONSACCO,3,3,1050.0,1350.0,1225.0,4.15,4.9,4.47,20252,True
061094,L379,CE,TRENTOLA DUCENTA,5,3,750.0,1100.0,925.0,2.1,3.2,2.65,20252,True
034009,C852,PR,COLLECCHIO,5,5,1200.0,1550.0,1375.0,4.7,6.5,5.6,20252,True
092080,I752,CA,SINNAI,6,5,975.0,1300.0,1137.5,3.8,4.9,4.35,20252,True
046001,A241,LU,ALTOPASCIO,7,7,790.0,1175.0,980.0,2.85,4.2,3.5,20252,True
054009,C309,PG,CASTIGLIONE DEL LAGO,5,5,730.0,1000.0,850.0,2.5,3.3,2.9,20252,True
028017,B524,PD,CAMPODARSEGO,7,5,825.0,1125.0,975.0,3.75,4.7,4.22,20252,True
058086,H404,RM,ROCCA DI PAPA,5,4,900.0,1350.0,1125.0,4.3,6.3,5.3,20252,True
063031,D702,NA,FORIO,6,5,1850.0,2800.0,2325.0,5.4,8.2,6.8,20252,True
063074,I300,NA,SANT'ANTONIO ABATE,4,4,785.0,1200.0,992.5,2.6,4.0,3.3,20252,True
103050,G062,VB,OMEGNA,8,8,725.0,1075.0,900.0,2.9,4.0,3.45,20252,True
001309,M060,TO,VINOVO,5,4,965.0,1450.0,1207.5,4.45,6.7,5.58,20252,True
037046,G205,BO,OZZANO DELL'EMILIA,6,5,1325.0,1825.0,1575.0,5.5,7.95,6.72,20252,True
048050,M059,FI,VINCI,3,3,950.0,1400.0,1175.0,3.0,4.5,3.75,20252,True
077020,G712,MT,PISTICCI,9,9,480.0,700.0,585.0,2.0,2.7,2.45,20252,True
061019,B872,CE,CASAL DI PRINCIPE,3,2,600.0,850.0,725.0,1.75,2.6,2.17,20252,True
024055,E864,VI,MALO,7,5,870.0,970.0,920.0,,,,20252,True
012032,B754,VA,CARDANO AL CAMPO,4,3,1100.0,1400.0,1250.0,3.7,5.5,4.6,20252,True
020021,D227,MN,CURTATONE,4,4,575.0,750.0,662.5,3.75,4.75,4.25,20252,True
073021,G252,TA,PALAGIANO,4,4,575.0,795.0,685.0,2.75,3.8,3.23,20252,True
035036,H628,RE,RUBIERA,4,4,825.0,1175.0,1000.0,3.45,4.7,4.05,20252,True
067040,I741,TE,SILVI,7,7,845.0,1250.0,1047.5,2.8,4.2,3.5,20252,True
053018,G088,GR,ORBETELLO,9,9,1800.0,2550.0,2175.0,6.1,9.0,7.55,20252,True
026069,H523,TV,RONCADE,5,5,1000.0,1300.0,1130.0,3.8,4.8,4.3,20252,True
019021,B898,CR,CASALMAGGIORE,6,6,550.0,800.0,675.0,3.5,5.0,4.12,20252,True
080057,G288,RC,PALMI,9,9,635.0,840.0,732.5,2.3,3.0,2.62,20252,True
020071,M340,MN,BORGO VIRGILIO,4,4,525.0,725.0,625.0,3.4,4.55,4.05,20252,True
071056,L273,FG,TORREMAGGIORE,4,3,650.0,900.0,775.0,2.3,3.4,2.85,20252,True
048022,E291,FI,IMPRUNETA,3,3,1625.0,2300.0,1950.0,5.55,7.75,6.65,20252,True
041029,F348,PU,MONDOLFO,6,6,910.0,1175.0,1055.0,3.7,4.7,4.2,20252,True
025074,M421,BL,BORGO VALBELLUNA,10,10,700.0,1000.0,875.0,2.4,3.4,2.85,20252,True
012096,E863,VA,MALNATE,5,4,1025.0,1450.0,1262.5,3.2,4.6,3.9,20252,True
072002,A055,BA,ADELFIA,6,5,750.0,1050.0,900.0,2.5,3.5,3.0,20252,True
061015,B715,CE,CAPUA,7,6,550.0,800.0,675.0,1.75,2.45,2.08,20252,True
076048,F104,PZ,MELFI,5,5,500.0,630.0,565.0,1.8,2.4,2.1,20252,True
100002,B794,PO,CARMIGNANO,4,4,1500.0,1900.0,1687.5,6.25,8.5,7.38,20252,True
015159,G078,MI,OPERA,3,2,1600.0,2200.0,1900.0,6.8,9.4,8.1,20252,True
067035,F831,TE,PINETO,9,9,850.0,1250.0,1050.0,2.9,4.3,3.6,20252,True
058036,D561,RM,FIANO ROMANO,5,3,1100.0,1625.0,1362.5,5.65,8.15,6.9,20252,True
099005,F244,RN,MISANO ADRIATICO,3,3,1900.0,2675.0,2287.5,7.15,9.4,8.28,20252,True
001314,M122,TO,VOLPIANO,3,1,810.0,1200.0,1005.0,4.45,6.65,5.55,20252,True
024057,E970,VI,MAROSTICA,5,5,920.0,1200.0,1060.0,,,,20252,True
071036,G131,FG,ORTA NOVA,4,3,650.0,900.0,750.0,2.7,4.0,3.35,20252,True
041067,L500,PU,URBINO,10,10,790.0,1075.0,942.5,3.35,4.3,3.75,20252,True
054026,E805,PG,MAGIONE,6,6,625.0,900.0,760.0,2.05,3.0,2.52,20252,True
108049,M017,MB,VILLASANTA,2,2,1425.0,1800.0,1612.5,6.0,7.55,6.78,20252,True
043015,D042,MC,CORRIDONIA,6,6,700.0,1200.0,950.0,2.5,4.5,3.5,20252,True
035024,E253,RE,GUASTALLA,6,6,700.0,950.0,850.0,3.0,3.8,3.4,20252,True
038003,A965,FE,BONDENO,5,5,540.0,720.0,625.0,3.1,4.6,3.85,20252,True
096020,D094,BI,COSSATO,4,3,405.0,590.0,497.5,2.7,3.6,3.15,20252,True
063080,I862,NA,SORRENTO,6,5,2825.0,4350.0,3587.5,8.25,12.7,10.48,20252,True
041068,M331,PU,VALLEFOGLIA,7,7,1100.0,1400.0,1262.5,3.2,4.3,3.75,20252,True
063016,B759,NA,CARDITO,4,4,815.0,1250.0,1032.5,2.8,4.35,3.58,20252,True
088005,E366,RG,ISPICA,4,4,570.0,840.0,705.0,2.3,3.1,2.7,20252,True
059017,G865,LT,PONTINIA,3,2,585.0,870.0,727.5,3.5,4.7,4.1,20252,True
037009,B399,BO,CALDERARA DI RENO,7,6,1350.0,1800.0,1575.0,6.5,8.0,7.25,20252,True
042014,C615,AN,CHIARAVALLE,3,3,600.0,875.0,737.5,1.8,2.5,2.15,20252,True
029052,G926,RO,PORTO VIRO,3,3,850.0,1150.0,1000.0,2.75,3.85,3.3,20252,True
015076,C569,MI,CESATE,2,1,1200.0,1750.0,1475.0,5.6,7.3,6.45,20252,True
065022,B492,SA,CAMPAGNA,6,6,610.0,750.0,680.0,1.4,1.8,1.6,20252,True
024087,H556,VI,ROSA',6,6,760.0,935.0,847.5,,,,20252,True
015181,H240,MI,RESCALDINA,3,2,1100.0,1550.0,1325.0,5.05,7.25,6.15,20252,True
084033,H269,AG,RIBERA,6,6,460.0,690.0,575.0,1.7,2.4,2.05,20252,True
073019,F784,TA,MOTTOLA,3,2,670.0,955.0,812.5,4.45,5.65,4.97,20252,True
012042,C139,VA,CASTELLANZA,5,4,1175.0,1450.0,1312.5,3.85,5.75,4.8,20252,True
063052,G283,NA,PALMA CAMPANIA,4,4,615.0,950.0,782.5,2.05,3.15,2.6,20252,True
037024,D166,BO,CREVALCORE,6,6,950.0,1250.0,1100.0,5.7,8.6,7.15,20252,True
015041,B301,MI,BUSTO GAROLFO,3,2,1175.0,1375.0,1262.5,4.95,6.45,5.7,20252,True
048028,F551,FI,MONTELUPO FIORENTINO,4,3,1475.0,2100.0,1787.5,4.6,6.55,5.57,20252,True
027044,M308,VE,CAVALLINO-TREPORTI,4,3,1300.0,1800.0,1550.0,,,,20252,True
024086,H512,VI,ROMANO D'EZZELINO,3,3,800.0,950.0,875.0,4.5,6.5,5.5,20252,True
021041,E434,BZ,LANA .LANA.,5,3,2100.0,2600.0,2350.0,5.8,8.0,6.9,20252,True
054023,E230,PG,GUALDO TADINO,4,4,460.0,660.0,560.0,1.6,2.3,1.95,20252,True
080038,E041,RC,GIOIA TAURO,7,7,400.0,560.0,480.0,1.5,2.15,1.83,20252,True
033013,C261,PC,CASTEL SAN GIOVANNI,4,4,670.0,975.0,822.5,2.25,3.25,2.75,20252,True
065013,A674,SA,BARONISSI,10,10,1000.0,1400.0,1200.0,3.0,4.4,3.7,20252,True
003108,G019,NO,OLEGGIO,5,5,600.0,865.0,732.5,2.05,2.9,2.47,20252,True
015213,I786,MI,SOLARO,3,2,1225.0,1500.0,1362.5,5.25,6.35,5.8,20252,True
108045,L677,MB,VAREDO,2,2,1400.0,1900.0,1650.0,6.05,8.2,7.12,20252,True
015060,C014,MI,CASSINA DE' PECCHI,2,1,1750.0,2100.0,1925.0,6.6,7.9,7.25,20252,True
017127,G170,BS,OSPITALETTO,3,2,1035.0,1350.0,1192.5,3.5,4.65,4.08,20252,True
030023,C556,UD,CERVIGNANO DEL FRIULI,3,2,750.0,1050.0,900.0,2.8,3.9,3.35,20252,True
089006,B787,SR,CARLENTINI,7,7,540.0,780.0,655.0,2.1,3.0,2.55,20252,True
078029,C002,CS,CASSANO ALL'IONIO,4,4,580.0,770.0,675.0,2.2,2.95,2.58,20252,True
072016,B998,BA,CASSANO DELLE MURGE,6,3,550.0,800.0,675.0,2.1,3.0,2.55,20252,True
024038,D379,VI,DUEVILLE,4,2,845.0,985.0,915.0,4.1,5.6,4.85,20252,True
048015,D575,FI,FIESOLE,7,7,1950.0,2800.0,2362.5,5.9,8.8,7.35,20252,True
068012,C750,PE,CITTA' SANT'ANGELO,4,4,645.0,965.0,805.0,2.6,3.85,3.23,20252,True
030046,E473,UD,LATISANA,5,3,905.0,1225.0,1065.0,3.65,5.2,4.43,20252,True
003008,A429,NO,ARONA,9,8,1025.0,1500.0,1262.5,3.1,4.55,3.82,20252,True
052015,F592,SI,MONTEPULCIANO,7,6,655.0,925.0,790.0,2.1,3.0,2.58,20252,True
087005,A029,CT,ACI SANT'ANTONIO,4,4,620.0,895.0,757.5,2.15,3.2,2.67,20252,True
048021,E169,FI,GREVE IN CHIANTI,4,4,1500.0,2100.0,1800.0,4.4,6.5,5.45,20252,True
050033,I177,PI,SANTA CROCE SULL'ARNO,2,2,970.0,1400.0,1200.0,3.8,5.3,4.55,20252,True
097013,B423,LC,CALOLZIOCORTE,5,5,950.0,1225.0,1087.5,3.9,4.95,4.43,20252,True
023022,C225,VR,CASTELNUOVO DEL GARDA,6,6,1300.0,1850.0,1575.0,5.0,5.5,5.25,20252,True
056021,C765,VT,CIVITA CASTELLANA,5,3,600.0,900.0,750.0,3.5,4.8,4.15,20252,True
058119,M295,RM,SAN CESAREO,4,3,1000.0,1475.0,1237.5,4.4,6.5,5.45,20252,True
032003,F795,TS,MUGGIA,4,3,1550.0,1850.0,1700.0,5.4,8.1,6.75,20252,True
016008,A246,BG,ALZANO LOMBARDO,5,5,1050.0,1350.0,1225.0,5.0,6.7,5.85,20252,True
040013,D705,FC,FORLIMPOPOLI,3,3,1200.0,1600.0,1400.0,4.0,5.4,4.7,20252,True
017088,E526,BS,LENO,4,3,910.0,1200.0,1055.0,3.2,4.2,3.7,20252,True
008059,L024,IM,TAGGIA,6,6,1800.0,2650.0,2225.0,4.95,7.15,6.05,20252,True
017188,L339,BS,TRAVAGLIATO,6,3,955.0,1325.0,1140.0,3.25,4.45,3.85,20252,True
016207,I951,BG,STEZZANO,4,4,1100.0,1300.0,1200.0,5.8,7.1,6.45,20252,True
035030,H122,RE,QUATTRO CASTELLA,4,4,1050.0,1550.0,1300.0,3.3,4.4,3.85,20252,True
080088,I725,RC,SIDERNO,7,7,590.0,825.0,707.5,2.0,2.85,2.42,20252,True
072025,E645,BA,LOCOROTONDO,6,5,800.0,1100.0,1000.0,2.8,3.9,3.45,20252,True
069081,D690,CH,SAN GIOVANNI TEATINO,4,4,625.0,935.0,780.0,2.75,4.1,3.42,20252,True
027006,C383,VE,CAVARZERE,7,5,700.0,1000.0,850.0,,,,20252,True
058110,L639,RM,VALMONTONE,4,2,925.0,1350.0,1137.5,4.15,6.15,5.15,20252,True
037030,E136,BO,GRANAROLO DELL'EMILIA,5,3,1800.0,2450.0,2100.0,6.75,8.25,7.5,20252,True
023076,I109,VR,SAN PIETRO IN CARIANO,2,2,1125.0,1525.0,1325.0,,,,20252,True
072014,B716,BA,CAPURSO,6,4,900.0,1250.0,1075.0,3.3,4.7,4.0,20252,True
028099,L892,PD,VIGODARZERE,6,4,900.0,1125.0,1012.5,3.25,4.3,3.77,20252,True
061075,H834,CE,SAN FELICE A CANCELLO,5,4,500.0,725.0,612.5,1.6,2.35,1.98,20252,True
073009,E469,TA,LATERZA,4,3,605.0,865.0,735.0,2.6,3.5,3.08,20252,True
048030,F648,FI,MONTESPERTOLI,3,3,1325.0,1925.0,1625.0,4.25,6.1,5.17,20252,True
034025,F914,PR,NOCETO,3,3,1150.0,1500.0,1325.0,3.95,5.85,4.9,20252,True
017161,H256,BS,REZZATO,5,3,1000.0,1450.0,1225.0,3.45,4.9,4.17,20252,True
028069,G855,PD,PONTE SAN NICOLO',6,3,975.0,1250.0,1112.5,3.55,4.45,4.0,20252,True
035028,F960,RE,NOVELLARA,3,3,615.0,775.0,695.0,2.25,2.75,2.5,20252,True
001063,B960,TO,CASELLE TORINESE,5,4,870.0,1300.0,1085.0,4.6,6.85,5.72,20252,True
073026,I467,TA,SAVA,4,3,400.0,575.0,482.5,2.45,3.5,3.03,20252,True
042022,E690,AN,LORETO,5,5,825.0,1125.0,975.0,4.2,5.9,5.05,20252,True
090006,A453,SS,ARZACHENA,6,6,1850.0,2700.0,2275.0,7.7,11.2,9.45,20252,True
017103,E884,BS,MANERBIO,3,2,965.0,1300.0,1132.5,4.1,4.95,4.52,20252,True
097016,B943,LC,CASATENOVO,5,5,900.0,1200.0,1062.5,3.7,5.05,4.38,20252,True
050009,C113,PI,CASTELFRANCO DI SOTTO,4,4,945.0,1250.0,1097.5,3.7,4.7,4.2,20252,True
036045,I903,MO,SPILAMBERTO,5,5,1100.0,1500.0,1300.0,4.3,6.1,5.15,20252,True
034051,M411,PR,SORBOLO MEZZANI,5,5,920.0,1200.0,1060.0,4.3,5.9,5.1,20252,True
028077,I008,PD,SAN MARTINO DI LUPARI,7,3,950.0,1200.0,1075.0,4.0,4.5,4.25,20252,True
037055,I110,BO,SAN PIETRO IN CASALE,3,3,950.0,1400.0,1175.0,4.5,7.0,5.75,20252,True
009065,L675,SV,VARAZZE,10,9,2800.0,4200.0,3500.0,8.6,10.0,9.5,20252,True
026009,B879,TV,CASALE SUL SILE,4,4,1050.0,1200.0,1125.0,3.6,4.6,4.1,20252,True
082027,C421,PA,CEFALU',6,6,1600.0,1950.0,1775.0,4.4,5.7,5.05,20252,True
027032,H735,VE,SALZANO,5,3,1000.0,1300.0,1175.0,,,,20252,True
067001,A125,TE,ALBA ADRIATICA,5,5,925.0,1375.0,1150.0,3.15,4.65,3.9,20252,True
010028,E488,GE,LAVAGNA,5,5,2000.0,2900.0,2450.0,5.8,8.3,7.05,20252,True
050035,I232,PI,SANTA MARIA A MONTE,3,3,1050.0,1450.0,1275.0,3.8,5.35,4.58,20252,True
039016,H642,RA,RUSSI,3,3,915.0,1275.0,1095.0,3.75,5.2,4.48,20252,True
078119,H919,CS,SAN GIOVANNI IN FIORE,4,4,445.0,580.0,512.5,1.7,2.2,1.95,20252,True
026059,G875,TV,PONZANO VENETO,4,4,1100.0,1400.0,1237.5,4.1,5.95,5.03,20252,True
051012,C319,AR,CASTIGLION FIORENTINO,4,4,875.0,1150.0,1012.5,3.05,4.15,3.6,20252,True
090069,I863,SS,SORSO,4,3,875.0,1225.0,1050.0,3.6,5.1,4.35,20252,True
049002,B509,LI,CAMPIGLIA MARITTIMA,4,4,1300.0,1700.0,1500.0,5.9,7.8,6.85,20252,True
093022,D670,PN,FONTANAFREDDA,4,4,600.0,825.0,712.5,2.5,3.5,3.0,20252,True
075030,D863,LE,GALATONE,4,4,405.0,510.0,457.5,1.7,2.0,1.85,20252,True
074011,G098,BR,ORIA,4,3,630.0,880.0,755.0,3.0,4.0,3.5,20252,True
071060,L858,FG,VIESTE,6,5,1300.0,1600.0,1450.0,3.4,4.5,3.95,20252,True
027036,I373,VE,SAN STINO DI LIVENZA,5,4,750.0,1100.0,925.0,,,,20252,True
075037,E563,LE,LEVERANO,4,4,430.0,590.0,510.0,1.6,2.2,1.9,20252,True
040041,I027,FC,SAN MAURO PASCOLI,4,4,1400.0,1750.0,1575.0,4.7,6.1,5.4,20252,True
063076,I469,NA,SAVIANO,4,3,650.0,1000.0,825.0,2.2,3.3,2.75,20252,True
017174,I433,BS,SAREZZO,6,2,820.0,1175.0,997.5,3.05,4.1,3.58,20252,True
023040,E349,VR,ISOLA DELLA SCALA,3,3,865.0,1275.0,1070.0,,,,20252,True
028093,L349,PD,TREBASELEGHE,5,3,810.0,1050.0,930.0,4.0,5.2,4.6,20252,True
002016,B041,VC,BORGOSESIA,3,2,535.0,775.0,655.0,2.8,4.05,3.42,20252,True
015046,B593,MI,CANEGRATE,3,2,1200.0,1625.0,1412.5,5.35,7.3,6.33,20252,True
063021,B946,NA,CASAVATORE,4,4,1150.0,1750.0,1450.0,3.8,5.8,4.8,20252,True
087049,I548,CT,SCORDIA,4,4,295.0,437.5,366.25,1.15,1.6,1.38,20252,True
063044,F030,NA,MASSA LUBRENSE,6,4,2025.0,3100.0,2562.5,5.9,9.05,7.47,20252,True
038019,G916,FE,PORTOMAGGIORE,5,5,525.0,730.0,620.0,2.9,3.6,3.25,20252,True
009015,B369,SV,CAIRO MONTENOTTE,7,7,500.0,750.0,625.0,3.0,4.0,3.5,20252,True
081005,C130,TP,CASTELLAMMARE DEL GOLFO,8,7,840.0,1250.0,1045.0,2.7,3.9,3.3,20252,True
027034,I040,VE,SAN MICHELE AL TAGLIAMENTO,6,6,800.0,1150.0,975.0,,,,20252,True
057027,D493,RI,FARA IN SABINA,6,6,725.0,1075.0,900.0,3.95,5.55,4.78,20252,True
080093,L063,RC,TAURIANOVA,6,6,410.0,600.0,500.0,1.6,2.2,1.85,20252,True
012108,G028,VA,OLGIATE OLONA,4,3,1050.0,1300.0,1225.0,3.9,5.5,4.7,20252,True
037001,A324,BO,ANZOLA DELL'EMILIA,6,4,1525.0,1875.0,1700.0,6.1,9.0,7.55,20252,True
024104,L156,VI,TEZZE SUL BRENTA,6,6,820.0,970.0,895.0,,,,20252,True
027004,B554,VE,CAMPONOGARA,4,2,825.0,1175.0,1000.0,,,,20252,True
044045,F591,AP,MONTEPRANDONE,3,3,715.0,945.0,842.5,2.85,3.95,3.45,20252,True
098050,I274,LO,SANT'ANGELO LODIGIANO,3,3,900.0,1225.0,1055.0,5.4,7.3,6.35,20252,True
004025,B033,CN,BORGO SAN DALMAZZO,8,8,750.0,1100.0,925.0,2.3,3.4,2.85,20252,True
031016,H531,GO,RONCHI DEI LEGIONARI,5,5,790.0,900.0,845.0,3.2,4.2,3.7,20252,True
059019,G698,LT,PRIVERNO,4,4,610.0,900.0,755.0,3.65,5.1,4.38,20252,True
075083,L011,LE,SURBO,5,4,550.0,750.0,650.0,2.5,3.6,3.05,20252,True
056036,F499,VT,MONTEFIASCONE,4,4,700.0,1025.0,862.5,3.2,3.8,3.48,20252,True
027013,D415,VE,ERACLEA,7,6,800.0,1050.0,950.0,,,,20252,True
015204,I566,MI,SEDRIANO,3,1,1200.0,1750.0,1475.0,5.8,8.1,6.95,20252,True
014045,F712,SO,MORBEGNO,8,7,1000.0,1200.0,1100.0,3.3,4.0,3.65,20252,True
023021,C078,VR,CASTEL D'AZZANO,1,1,1150.0,1675.0,1412.5,,,,20252,True
078091,G317,CS,PAOLA,3,3,590.0,880.0,735.0,2.45,3.6,3.02,20252,True
015221,L411,MI,TREZZO SULL'ADDA,2,1,1200.0,1525.0,1362.5,5.0,6.5,5.75,20252,True
063026,C495,NA,CERCOLA,5,5,1075.0,1625.0,1350.0,3.6,5.45,4.53,20252,True
016153,G160,BG,OSIO SOTTO,3,1,950.0,1350.0,1150.0,4.6,6.65,5.62,20252,True
026071,H781,TV,SAN BIAGIO DI CALLALTA,4,4,1000.0,1350.0,1175.0,4.2,6.05,5.12,20252,True
108009,A849,MB,BIASSONO,3,2,1300.0,1550.0,1425.0,4.85,5.9,5.38,20252,True
075039,E815,LE,MAGLIE,5,5,580.0,750.0,665.0,2.3,2.8,2.55,20252,True
050004,B392,PI,CALCINAIA,4,4,1175.0,1750.0,1462.5,4.2,5.8,5.05,20252,True
109018,F522,FM,MONTEGRANARO,5,5,640.0,890.0,765.0,2.6,3.9,3.2,20252,True
072047,L472,BA,TURI,5,4,650.0,800.0,725.0,2.2,2.7,2.45,20252,True
083009,B666,ME,CAPO D'ORLANDO,5,5,970.0,1450.0,1210.0,6.15,9.2,7.67,20252,True
090070,L093,SS,TEMPIO PAUSANIA,6,4,700.0,1000.0,850.0,2.9,4.2,3.55,20252,True
017107,F063,BS,MAZZANO,6,2,1075.0,1300.0,1187.5,3.65,4.4,4.03,20252,True
063082,L142,NA,TERZIGNO,4,3,610.0,940.0,775.0,2.1,3.25,2.67,20252,True
046028,I622,LU,SERAVEZZA,4,4,1000.0,1475.0,1237.5,3.2,4.65,3.92,20252,True
056057,L814,VT,VETRALLA,4,3,630.0,920.0,775.0,3.5,5.0,4.25,20252,True
093044,I904,PN,SPILIMBERGO,3,3,600.0,875.0,737.5,2.2,3.25,2.75,20252,True
043042,G919,MC,PORTO RECANATI,7,7,1450.0,1800.0,1625.0,6.0,9.0,7.6,20252,True
024029,C605,VI,CHIAMPO,5,5,950.0,1050.0,1000.0,,,,20252,True
074009,E471,BR,LATIANO,4,3,600.0,750.0,675.0,2.8,3.3,3.0,20252,True
027005,B642,VE,CAORLE,5,5,2400.0,2700.0,2550.0,,,,20252,True
049014,G912,LI,PORTOFERRAIO,9,7,2000.0,2600.0,2300.0,8.15,10.75,9.43,20252,True
052033,A468,SI,SINALUNGA,5,4,700.0,1010.0,860.0,2.25,3.3,2.77,20252,True
017039,B817,BS,CARPENEDOLO,3,2,925.0,1150.0,1037.5,3.05,3.9,3.48,20252,True
051039,L123,AR,TERRANUOVA BRACCIOLINI,3,3,1000.0,1250.0,1125.0,3.5,4.7,4.1,20252,True
027028,G565,VE,PIANIGA,7,5,800.0,1100.0,950.0,,,,20252,True
033039,H593,PC,ROTTOFRENO,3,3,735.0,1100.0,917.5,2.35,3.5,2.92,20252,True
048054,M408,FI,BARBERINO TAVARNELLE,7,6,1250.0,1850.0,1550.0,4.3,6.35,5.33,20252,True
075087,L383,LE,TREPUZZI,4,4,455.0,610.0,522.5,1.9,2.4,2.15,20252,True
043047,I156,MC,SAN SEVERINO MARCHE,6,6,650.0,1150.0,900.0,2.7,4.8,3.75,20252,True
026082,I927,TV,SPRESIANO,4,3,1000.0,1400.0,1250.0,4.1,5.9,5.0,20252,True
039001,A191,RA,ALFONSINE,4,4,725.0,950.0,837.5,3.1,4.0,3.55,20252,True
015010,A413,MI,ARLUNO,2,1,1200.0,1625.0,1412.5,5.25,7.15,6.2,20252,True
075092,L711,LE,VEGLIE,3,3,495.0,610.0,552.5,1.9,2.4,2.15,20252,True
048053,M326,FI,SCARPERIA E SAN PIERO,4,4,1100.0,1550.0,1325.0,3.3,4.75,4.03,20252,True
017032,B394,BS,CALCINATO,3,2,985.0,1250.0,1117.5,3.35,4.2,3.77,20252,True
082079,L916,PA,VILLABATE,4,4,550.0,790.0,670.0,1.85,2.55,2.2,20252,True
017077,D940,BS,GAVARDO,3,2,790.0,1150.0,970.0,2.9,4.0,3.45,20252,True
073024,H882,TA,SAN GIORGIO IONICO,3,2,505.0,710.0,607.5,2.5,3.6,3.02,20252,True
067044,L307,TE,TORTORETO,7,7,950.0,1425.0,1187.5,3.3,4.9,4.1,20252,True
029033,F994,RO,OCCHIOBELLO,5,5,725.0,1075.0,900.0,2.5,3.6,3.05,20252,True
058038,D707,RM,FORMELLO,5,3,1475.0,2200.0,1837.5,6.8,9.9,8.35,20252,True
024004,A231,VI,ALTAVILLA VICENTINA,6,2,1150.0,1500.0,1325.0,5.2,6.95,6.08,20252,True
012067,D467,VA,FAGNANO OLONA,4,3,1050.0,1350.0,1200.0,3.5,5.2,4.35,20252,True
087034,G402,CT,PEDARA,3,2,665.0,945.0,805.0,2.35,3.3,2.82,20252,True
029029,E522,RO,LENDINARA,3,3,700.0,1000.0,850.0,2.3,3.3,2.8,20252,True
020015,C118,MN,CASTEL GOFFREDO,3,2,500.0,700.0,600.0,3.25,4.55,3.9,20252,True
017009,A569,BS,BAGNOLO MELLA,3,2,1005.0,1200.0,1102.5,3.55,4.2,3.88,20252,True
015139,F084,MI,MEDIGLIA,5,4,1275.0,1550.0,1412.5,5.7,6.9,6.35,20252,True
020057,H883,MN,SAN GIORGIO BIGARELLO,6,5,525.0,750.0,637.5,3.25,4.75,4.0,20252,True
024034,D020,VI,CORNEDO VICENTINO,5,5,820.0,1050.0,925.0,,,,20252,True
093021,D621,PN,FIUME VENETO,4,4,700.0,950.0,825.0,2.5,3.7,3.1,20252,True
001217,H340,TO,RIVAROLO CANAVESE,7,4,710.0,1050.0,880.0,3.8,5.7,4.75,20252,True
038005,C814,FE,CODIGORO,5,5,485.0,720.0,602.5,3.3,4.35,3.88,20252,True
017125,G149,BS,ORZINUOVI,3,3,1000.0,1300.0,1150.0,3.3,4.2,3.75,20252,True
041069,M380,PU,COLLI AL METAURO,8,8,920.0,1250.0,1090.0,3.0,3.95,3.48,20252,True
051004,A851,AR,BIBBIENA,4,4,800.0,1050.0,925.0,2.8,3.8,3.3,20252,True
023077,I259,VR,SANT'AMBROGIO DI VALPOLICELLA,2,2,980.0,1275.0,1127.5,,,,20252,True
028057,F529,PD,MONTEGROTTO TERME,5,2,975.0,1200.0,1087.5,3.95,4.75,4.35,20252,True
061046,E754,CE,LUSCIANO,3,2,750.0,1100.0,925.0,2.3,3.3,2.8,20252,True
050040,M327,PI,CASCIANA TERME LARI,4,4,900.0,1300.0,1100.0,3.75,5.25,4.5,20252,True
078010,A253,CS,AMANTEA,3,3,650.0,970.0,810.0,2.5,3.75,3.12,20252,True
001013,A518,TO,AVIGLIANA,7,5,870.0,1300.0,1085.0,4.05,6.05,5.05,20252,True
024108,L297,VI,TORRI DI QUARTESOLO,7,7,840.0,1100.0,950.0,5.8,7.1,6.45,20252,True
063036,E224,NA,GRUMO NEVANO,3,3,660.0,1000.0,830.0,2.2,3.3,2.75,20252,True
110007,H839,BT,SAN FERDINANDO DI PUGLIA,4,3,650.0,900.0,775.0,2.7,4.0,3.35,20252,True
012092,E734,VA,LUINO,8,7,1200.0,1500.0,1350.0,4.1,6.1,5.1,20252,True
050037,L702,PI,VECCHIANO,3,3,1150.0,1900.0,1525.0,4.55,6.3,5.42,20252,True
074016,I119,BR,SAN PIETRO VERNOTICO,4,2,565.0,720.0,642.5,2.7,3.3,3.0,20252,True
093025,E889,PN,MANIAGO,3,3,600.0,775.0,687.5,2.5,3.5,3.0,20252,True
017014,A729,BS,BEDIZZOLE,5,3,1050.0,1150.0,1100.0,3.5,3.8,3.65,20252,True
030026,C758,UD,CIVIDALE DEL FRIULI,4,3,825.0,1175.0,1000.0,3.35,5.0,4.17,20252,True
024018,B403,VI,CALDOGNO,5,2,845.0,1035.0,940.0,4.3,5.2,4.75,20252,True
075079,I930,LE,SQUINZANO,4,4,495.0,610.0,552.5,1.8,2.5,2.15,20252,True
028054,F161,PD,MESTRINO,7,3,800.0,1150.0,975.0,2.7,3.7,3.2,20252,True
065052,D615,SA,FISCIANO,6,6,1000.0,1400.0,1200.0,2.9,4.0,3.4,20252,True
028019,B563,PD,CAMPOSAMPIERO,6,3,825.0,1100.0,962.5,3.9,4.7,4.3,20252,True
083066,G377,ME,PATTI,4,4,507.5,750.0,628.75,2.85,4.0,3.42,20252,True
010001,A388,GE,ARENZANO,3,3,2300.0,3400.0,2850.0,6.1,9.1,7.6,20252,True
058075,G293,RM,PALOMBARA SABINA,3,2,850.0,1250.0,1050.0,4.0,5.8,4.9,20252,True
053016,F437,GR,MONTE ARGENTARIO,10,10,2750.0,4000.0,3375.0,8.0,11.9,9.95,20252,True
018153,I968,PV,STRADELLA,2,1,780.0,995.0,887.5,3.5,4.3,3.9,20252,True
016170,G856,BG,PONTE SAN PIETRO,5,3,1015.0,1325.0,1170.0,3.4,4.35,3.97,20252,True
040003,A809,FC,BERTINORO,6,6,1150.0,1500.0,1350.0,4.0,5.0,4.5,20252,True
015170,C013,MI,PERO,2,2,1525.0,2000.0,1762.5,6.55,8.35,7.45,20252,True
026083,L014,TV,SUSEGANA,6,5,1000.0,1300.0,1175.0,4.1,5.9,5.0,20252,True
009029,D600,SV,FINALE LIGURE,16,14,3000.0,4500.0,3750.0,10.95,12.8,11.85,20252,True
034023,F473,PR,MONTECHIARUGOLO,4,4,1250.0,1600.0,1425.0,4.5,6.0,5.25,20252,True
063010,B227,NA,BRUSCIANO,4,3,865.0,1325.0,1095.0,2.85,4.4,3.62,20252,True
074005,C741,BR,CISTERNINO,4,3,850.0,1100.0,975.0,4.4,5.0,4.7,20252,True
047020,I660,PT,SERRAVALLE PISTOIESE,4,4,1250.0,1625.0,1437.5,6.0,7.55,6.78,20252,True
026057,G645,TV,PIEVE DI SOLIGO,4,2,960.0,1275.0,1117.5,3.8,5.45,4.62,20252,True
073004,D171,TA,CRISPIANO,4,3,530.0,665.0,605.0,2.1,3.0,2.55,20252,True
015114,E317,MI,INZAGO,3,1,1400.0,1950.0,1675.0,5.35,7.5,6.43,20252,True
001028,A990,TO,BORGARO TORINESE,4,1,1045.0,1550.0,1297.5,4.45,6.65,5.55,20252,True
101013,E339,KR,ISOLA DI CAPO RIZZUTO,6,6,605.0,790.0,697.5,2.4,3.6,3.0,20252,True
027025,F826,VE,MUSILE DI PIAVE,4,4,925.0,1150.0,1037.5,,,,20252,True
087023,F004,CT,MASCALI,7,7,425.0,610.0,517.5,1.65,2.35,2.0,20252,True
076043,E493,PZ,LAVELLO,4,4,545.0,665.0,605.0,1.8,2.3,2.05,20252,True
084028,F299,AG,PORTO EMPEDOCLE,8,7,510.0,750.0,630.0,1.9,2.6,2.25,20252,True
108007,A802,MB,BERNAREGGIO,4,2,1200.0,1525.0,1337.5,5.0,6.3,5.65,20252,True
080069,H558,RC,ROSARNO,3,3,455.0,650.0,552.5,1.9,2.7,2.3,20252,True
075048,F604,LE,MONTERONI DI LECCE,3,3,510.0,650.0,580.0,2.1,2.5,2.3,20252,True
075020,C377,LE,CAVALLINO,4,4,515.0,710.0,615.0,2.15,2.55,2.38,20252,True
111096,L924,SU,VILLACIDRO,4,2,575.0,800.0,687.5,2.75,3.75,3.25,20252,True
016144,F864,BG,NEMBRO,6,6,760.0,1010.0,885.0,3.1,4.2,3.65,20252,True
017043,C293,BS,CASTENEDOLO,5,3,1100.0,1400.0,1250.0,3.4,4.3,3.85,20252,True
058050,C767,RM,LANUVIO,4,3,1000.0,1500.0,1250.0,3.65,5.25,4.45,20252,True
037042,F627,BO,MONTE SAN PIETRO,5,2,1400.0,1800.0,1600.0,5.0,6.5,5.75,20252,True
076042,E483,PZ,LAURIA,8,8,440.0,580.0,503.75,1.25,1.85,1.55,20252,True
024036,D136,VI,CREAZZO,5,5,835.0,1075.0,955.0,,,,20252,True
054044,H935,PG,SAN GIUSTINO,4,4,485.0,645.0,565.0,1.75,2.25,2.0,20252,True
026010,B965,TV,CASIER,5,5,1100.0,1500.0,1300.0,4.3,6.4,5.35,20252,True
071049,I054,FG,SAN NICANDRO GARGANICO,5,4,500.0,725.0,612.5,2.0,2.6,2.3,20252,True
076066,H307,PZ,RIONERO IN VULTURE,3,3,375.0,470.0,422.5,1.5,2.05,1.78,20252,True
058011,A449,RM,ARTENA,5,3,850.0,1250.0,1050.0,3.65,5.3,4.47,20252,True
083041,E606,ME,LIPARI,11,11,1250.0,1750.0,1500.0,4.3,6.35,5.33,20252,True
061082,I233,CE,SANTA MARIA A VICO,6,5,550.0,800.0,675.0,1.6,2.2,1.9,20252,True
065034,C259,SA,CASTEL SAN GIORGIO,7,7,630.0,940.0,785.0,1.55,2.15,1.85,20252,True
028058,F962,PD,NOVENTA PADOVANA,7,3,925.0,1375.0,1150.0,3.8,4.65,4.22,20252,True
026008,B744,TV,CARBONERA,5,5,960.0,1350.0,1155.0,4.1,5.6,4.85,20252,True
023059,G489,VR,PESCHIERA DEL GARDA,6,5,1650.0,2400.0,2025.0,7.2,8.6,7.9,20252,True
012090,E666,VA,LONATE POZZOLO,5,5,980.0,1250.0,1115.0,3.5,5.1,4.3,20252,True
087039,H325,CT,RIPOSTO,8,8,510.0,735.0,622.5,1.8,2.6,2.2,20252,True
035039,I342,RE,SANT'ILARIO D'ENZA,4,4,715.0,1050.0,882.5,3.05,4.3,3.65,20252,True
026095,M171,TV,ZERO BRANCO,4,4,1000.0,1250.0,1125.0,3.6,4.6,4.1,20252,True
110010,B915,BT,TRINITAPOLI,4,3,700.0,1050.0,875.0,2.5,3.5,3.0,20252,True
058115,M207,RM,LARIANO,4,2,950.0,1375.0,1162.5,3.65,5.25,4.45,20252,True
063053,G568,NA,PIANO DI SORRENTO,5,4,2450.0,3750.0,3100.0,7.15,10.95,9.05,20252,True
097083,L634,LC,VALMADRERA,4,4,1050.0,1325.0,1187.5,3.8,4.9,4.35,20252,True
040015,D899,FC,GAMBETTOLA,3,3,1200.0,1500.0,1325.0,4.0,5.0,4.4,20252,True
092105,H119,CA,QUARTUCCIU,5,2,1200.0,1725.0,1462.5,4.45,6.1,5.28,20252,True
016079,C894,BG,COLOGNO AL SERIO,5,1,900.0,1275.0,1087.5,3.95,5.2,4.58,20252,True
030043,D962,UD,GEMONA DEL FRIULI,3,2,715.0,975.0,845.0,2.8,3.95,3.38,20252,True
009034,E632,SV,LOANO,6,5,2800.0,4100.0,3450.0,11.4,12.9,12.45,20252,True
036008,C287,MO,CASTELVETRO DI MODENA,5,5,1275.0,1750.0,1512.5,5.15,7.6,6.4,20252,True
028063,G587,PD,PIAZZOLA SUL BRENTA,5,3,975.0,1200.0,1087.5,3.75,4.6,4.18,20252,True
017075,D918,BS,GARDONE VAL TROMPIA,4,2,850.0,1175.0,1012.5,3.2,4.2,3.7,20252,True
036037,H835,MO,SAN FELICE SUL PANARO,4,4,650.0,900.0,775.0,3.4,5.0,4.2,20252,True
086012,F892,EN,NICOSIA,8,7,475.0,710.0,592.5,1.7,2.5,2.1,20252,True
068027,G438,PE,PENNE,3,3,450.0,670.0,560.0,1.95,2.9,2.42,20252,True
055004,A262,TR,AMELIA,3,3,550.0,850.0,700.0,2.7,4.3,3.48,20252,True
048002,A632,FI,BARBERINO DI MUGELLO,4,4,1050.0,1500.0,1275.0,3.5,4.95,4.22,20252,True
015169,G385,MI,PAULLO,2,1,1275.0,1625.0,1450.0,5.15,6.7,5.93,20252,True
013165,G025,CO,OLGIATE COMASCO,4,3,1200.0,1600.0,1425.0,3.4,5.0,4.2,20252,True
050022,F686,PI,MONTOPOLI IN VAL D'ARNO,4,4,1000.0,1375.0,1180.0,3.9,5.35,4.62,20252,True
065158,M294,SA,BELLIZZI,5,5,700.0,985.0,837.5,2.65,3.8,3.23,20252,True
075090,L484,LE,UGENTO,5,5,460.0,600.0,530.0,1.9,2.6,2.2,20252,True
039013,F029,RA,MASSA LOMBARDA,3,3,725.0,975.0,847.5,3.1,4.15,3.62,20252,True
015250,A618,MI,BARANZATE,2,2,1325.0,1575.0,1450.0,5.8,6.75,6.28,20252,True
062043,F636,BN,MONTESARCHIO,8,8,475.0,700.0,587.5,2.4,3.6,3.0,20252,True
006121,G197,AL,OVADA,4,3,480.0,720.0,600.0,3.4,5.1,4.25,20252,True
061087,I306,CE,SANT'ARPINO,4,2,650.0,950.0,800.0,1.95,2.9,2.42,20252,True
099003,D004,RN,CORIANO,3,3,1450.0,2125.0,1787.5,5.1,6.75,5.92,20252,True
012130,L480,VA,UBOLDO,4,3,1150.0,1350.0,1250.0,3.9,5.7,4.8,20252,True
016220,L404,BG,TREVIOLO,5,4,1275.0,1625.0,1450.0,5.5,6.8,6.2,20252,True
017170,H717,BS,SALO',5,3,2200.0,2725.0,2462.5,9.1,11.5,10.32,20252,True
108053,D019,MB,CORNATE D'ADDA,3,2,975.0,1275.0,1125.0,4.35,5.7,5.03,20252,True
017023,B091,BS,BOTTICINO,4,3,1250.0,1600.0,1425.0,3.9,4.9,4.4,20252,True
034020,F082,PR,MEDESANO,4,4,780.0,1075.0,927.5,3.7,5.2,4.45,20252,True
012120,I688,VA,SESTO CALENDE,6,5,1000.0,1300.0,1150.0,3.6,5.3,4.45,20252,True
024021,B485,VI,CAMISANO VICENTINO,4,4,985.0,1275.0,1130.0,,,,20252,True
087032,G253,CT,PALAGONIA,4,4,280.0,420.0,350.0,1.0,1.5,1.25,20252,True
017042,C208,BS,CASTEL MELLA,6,4,1375.0,1750.0,1562.5,4.15,5.25,4.7,20252,True
003032,B473,NO,CAMERI,4,4,580.0,850.0,715.0,2.1,3.0,2.55,20252,True
048011,C529,FI,CERRETO GUIDI,4,4,1000.0,1500.0,1250.0,3.3,4.9,4.1,20252,True
061018,B860,CE,CASAGIOVE,5,4,575.0,850.0,712.5,1.9,2.85,2.38,20252,True
075014,B792,LE,CARMIANO,4,4,430.0,610.0,520.0,1.6,2.2,1.9,20252,True
026081,F116,TV,SILEA,5,3,1350.0,1800.0,1575.0,4.3,5.9,5.1,20252,True
028085,I418,PD,SAONARA,4,2,1000.0,1250.0,1125.0,4.3,4.6,4.45,20252,True
071047,H985,FG,SAN MARCO IN LAMIS,6,3,750.0,1025.0,887.5,2.7,4.0,3.35,20252,True
025053,I563,BL,SEDICO,7,7,850.0,1250.0,1050.0,3.45,4.2,3.83,20252,True
077003,A801,MT,BERNALDA,8,8,650.0,850.0,750.0,2.6,3.5,2.95,20252,True
017117,F851,BS,NAVE,4,2,1250.0,1450.0,1350.0,3.75,4.65,4.2,20252,True
023038,E171,VR,GREZZANA,5,5,1125.0,1575.0,1350.0,,,,20252,True
083084,I199,ME,SANT'AGATA DI MILITELLO,5,5,605.0,900.0,752.5,3.2,4.55,3.88,20252,True
060056,G838,FR,PONTECORVO,5,5,345.0,450.0,397.5,2.3,3.1,2.7,20252,True
035016,C219,RE,CASTELNOVO NE' MONTI,4,4,685.0,1000.0,842.5,3.35,4.85,4.1,20252,True
015062,C052,MI,CASTANO PRIMO,3,2,875.0,1175.0,1025.0,4.2,5.35,4.78,20252,True
058088,H432,RM,ROCCA PRIORA,6,4,950.0,1400.0,1175.0,3.8,5.5,4.65,20252,True
089012,F107,SR,MELILLI,5,5,530.0,710.0,645.0,2.0,2.8,2.4,20252,True
045001,A496,MS,AULLA,4,4,725.0,1075.0,900.0,3.9,5.8,4.85,20252,True
091095,A355,NU,TORTOLI',5,3,1500.0,1800.0,1650.0,3.4,5.0,4.2,20252,True
061092,L155,CE,TEVEROLA,4,2,760.0,1100.0,930.0,2.4,3.6,3.0,20252,True
063033,D790,NA,FRATTAMINORE,4,4,855.0,1325.0,1090.0,2.85,4.4,3.62,20252,True
029004,A539,RO,BADIA POLESINE,3,3,700.0,1050.0,875.0,2.3,3.5,2.9,20252,True
108044,L511,MB,USMATE VELATE,3,1,1175.0,1575.0,1375.0,4.25,6.2,5.22,20252,True
026049,F770,TV,MOTTA DI LIVENZA,3,1,950.0,1350.0,1150.0,4.1,5.9,5.0,20252,True
047010,F410,PT,MONTALE,3,3,1250.0,1650.0,1450.0,5.8,7.4,6.6,20252,True
012075,D981,VA,GERENZANO,4,3,1150.0,1350.0,1250.0,3.9,5.7,4.8,20252,True
023055,G080,VR,OPPEANO,5,5,960.0,1400.0,1180.0,,,,20252,True
022123,F728,TN,MORI,8,5,1400.0,1500.0,1450.0,5.8,8.4,7.1,20252,True
097046,E879,LC,MANDELLO DEL LARIO,4,4,1075.0,1450.0,1262.5,4.25,5.9,5.08,20252,True
027011,C950,VE,CONCORDIA SAGITTARIA,4,3,850.0,1200.0,1025.0,,,,20252,True
034018,E438,PR,LANGHIRANO,4,4,915.0,1225.0,1070.0,4.6,6.8,5.7,20252,True
040019,F097,FC,MELDOLA,4,4,925.0,1250.0,1087.5,3.2,4.35,3.78,20252,True
065114,H683,SA,SALA CONSILINA,4,4,550.0,785.0,667.5,2.1,2.85,2.48,20252,True
023094,L869,VR,VIGASIO,2,2,1040.0,1500.0,1270.0,,,,20252,True
009001,A122,SV,ALASSIO,5,4,3600.0,5100.0,4400.0,12.0,15.5,13.75,20252,True
035027,F463,RE,MONTECCHIO EMILIA,3,3,850.0,1150.0,1000.0,3.5,5.1,4.3,20252,True
072010,A892,BA,BITETTO,4,3,850.0,1250.0,1050.0,2.9,4.2,3.55,20252,True
071004,A339,FG,APRICENA,5,4,450.0,650.0,550.0,2.15,2.9,2.53,20252,True
080096,M018,RC,VILLA SAN GIOVANNI,7,7,482.5,685.0,586.25,1.8,2.45,2.12,20252,True
028103,L947,PD,VILLAFRANCA PADOVANA,5,3,900.0,1200.0,1050.0,3.5,4.2,3.85,20252,True
072024,E223,BA,GRUMO APPULA,5,2,850.0,1150.0,1000.0,2.95,3.95,3.45,20252,True
038028,M381,FE,TERRE DEL RENO,5,5,675.0,875.0,775.0,3.2,4.5,3.75,20252,True
088010,I178,RG,SANTA CROCE CAMERINA,4,4,610.0,890.0,750.0,2.25,3.3,2.77,20252,True
001280,L445,TO,TROFARELLO,6,3,1010.0,1500.0,1255.0,4.9,7.4,6.15,20252,True
075038,E629,LE,LIZZANELLO,4,4,437.5,610.0,523.75,1.75,2.45,2.1,20252,True
075085,L074,LE,TAVIANO,4,4,500.0,700.0,597.5,2.2,2.8,2.5,20252,True
024048,E354,VI,ISOLA VICENTINA,2,2,790.0,1035.0,912.5,4.1,5.1,4.6,20252,True
017046,C408,BS,CAZZAGO SAN MARTINO,5,3,1000.0,1350.0,1175.0,3.4,4.5,3.95,20252,True
036028,F966,MO,NOVI DI MODENA,4,4,585.0,850.0,717.5,2.9,4.15,3.52,20252,True
068011,C474,PE,CEPAGATTI,5,5,600.0,895.0,747.5,2.45,3.65,3.05,20252,True
080043,D976,RC,LOCRI,5,5,510.0,730.0,620.0,1.6,2.3,1.95,20252,True
099020,L797,RN,VERUCCHIO,5,5,1350.0,1925.0,1637.5,5.0,7.15,6.08,20252,True
090035,E425,SS,LA MADDALENA,2,2,1750.0,2500.0,2125.0,7.3,10.4,8.85,20252,True
030121,L195,UD,TOLMEZZO,5,4,790.0,1025.0,902.5,2.8,4.15,3.47,20252,True
026087,L565,TV,VALDOBBIADENE,5,4,820.0,1000.0,910.0,3.6,4.6,4.1,20252,True
016133,E987,BG,MARTINENGO,3,3,755.0,965.0,860.0,4.2,5.9,5.05,20252,True
072012,A894,BA,BITRITTO,5,4,875.0,1150.0,1000.0,3.0,4.05,3.52,20252,True
017199,L919,BS,VILLA CARCINA,4,2,810.0,1175.0,992.5,3.0,4.1,3.55,20252,True
058060,F477,RM,MONTE COMPATRI,4,3,1075.0,1600.0,1337.5,4.25,6.25,5.25,20252,True
091085,I751,NU,SINISCOLA,8,6,1300.0,1650.0,1425.0,3.0,4.5,3.75,20252,True
036002,A959,MO,BOMPORTO,5,4,950.0,1350.0,1150.0,4.3,6.4,5.35,20252,True
027003,B546,VE,CAMPOLONGO MAGGIORE,4,4,750.0,1100.0,925.0,,,,20252,True
065073,F481,SA,MONTECORVINO ROVELLA,6,6,575.0,845.0,710.0,1.7,2.35,2.05,20252,True
100006,L537,PO,VAIANO,4,4,1175.0,1550.0,1362.5,5.25,6.85,6.12,20252,True
096088,M417,BI,VALDILANA,7,6,295.0,400.0,347.5,1.9,2.7,2.32,20252,True
008008,A984,IM,BORDIGHERA,9,9,2000.0,2900.0,2450.0,6.2,9.0,7.6,20252,True
004034,B285,CN,BUSCA,9,8,705.0,1025.0,865.0,2.3,3.35,2.82,20252,True
081022,G319,TP,VALDERICE,5,4,600.0,900.0,750.0,2.2,3.1,2.65,20252,True
084030,H159,AG,RAFFADALI,4,4,320.0,480.0,400.0,1.4,2.1,1.75,20252,True
101008,C726,KR,CIRO' MARINA,3,3,375.0,505.0,440.0,1.8,2.45,2.12,20252,True
005017,B594,AT,CANELLI,5,5,465.0,695.0,580.0,2.75,3.65,3.2,20252,True
015125,E639,MI,LOCATE DI TRIULZI,2,1,1400.0,2000.0,1700.0,6.7,9.2,7.95,20252,True
001248,I024,TO,SAN MAURIZIO CANAVESE,7,4,935.0,1400.0,1167.5,4.6,6.9,5.75,20252,True
060044,F620,FR,MONTE SAN GIOVANNI CAMPANO,4,4,477.5,685.0,581.25,2.05,2.7,2.38,20252,True
011002,A373,SP,ARCOLA,5,5,1050.0,1525.0,1287.5,5.0,7.0,6.0,20252,True
016194,I506,BG,SCANZOROSCIATE,4,4,975.0,1175.0,1075.0,3.5,4.7,4.1,20252,True
052016,F598,SI,MONTERIGGIONI,8,7,1150.0,1650.0,1400.0,3.7,5.3,4.5,20252,True
051005,B243,AR,BUCINE,2,2,950.0,1300.0,1125.0,3.3,4.7,4.0,20252,True
061054,G333,CE,PARETE,3,2,650.0,950.0,800.0,2.0,3.0,2.5,20252,True
035004,A850,RE,BIBBIANO,5,5,800.0,1125.0,962.5,2.95,4.3,3.6,20252,True
073029,M298,TA,STATTE,3,2,480.0,670.0,575.0,2.5,3.1,2.8,20252,True
035008,B328,RE,CADELBOSCO DI SOPRA,5,5,790.0,1150.0,970.0,2.5,3.45,2.97,20252,True
063027,C675,NA,CICCIANO,3,2,750.0,1160.0,955.0,2.5,3.85,3.18,20252,True
009004,A166,SV,ALBISOLA SUPERIORE,6,6,2000.0,3000.0,2500.0,6.0,8.5,7.25,20252,True
001257,I327,TO,SANTENA,3,2,800.0,1200.0,1000.0,4.1,6.1,5.1,20252,True
016030,A963,BG,BONATE SOPRA,5,3,1225.0,1600.0,1412.5,5.15,7.0,6.07,20252,True
064049,F141,AV,MERCOGLIANO,8,8,745.0,990.0,867.5,3.1,3.95,3.52,20252,True
026076,I382,TV,SAN VENDEMIANO,4,3,960.0,1350.0,1155.0,3.9,5.6,4.75,20252,True
001197,G777,TO,POIRINO,5,4,870.0,1300.0,1085.0,3.7,5.6,4.65,20252,True
026093,M118,TV,VOLPAGO DEL MONTELLO,4,1,1100.0,1500.0,1300.0,,,,20252,True
087042,H940,CT,SAN GREGORIO DI CATANIA,3,3,855.0,1225.0,1030.0,3.05,4.4,3.72,20252,True
072003,A149,BA,ALBEROBELLO,7,6,700.0,970.0,830.0,2.5,3.5,3.0,20252,True
050039,M126,PI,VOLTERRA,3,3,1200.0,1850.0,1525.0,4.45,5.85,5.15,20252,True
051040,M322,AR,CASTELFRANCO PIANDISCO',4,4,1025.0,1325.0,1175.0,3.4,4.45,3.93,20252,True
035017,C405,RE,CAVRIAGO,3,3,750.0,1050.0,900.0,3.1,4.6,3.85,20252,True
065056,E027,SA,GIFFONI VALLE PIANA,9,9,570.0,820.0,700.0,1.4,2.0,1.7,20252,True
005080,F902,AT,NIZZA MONFERRATO,5,5,400.0,600.0,500.0,2.5,3.7,3.1,20252,True
042027,F560,AN,MONTEMARCIANO,4,4,805.0,1050.0,927.5,2.85,3.9,3.35,20252,True
028034,C964,PD,CONSELVE,3,1,955.0,1175.0,1065.0,3.1,4.05,3.58,20252,True
075043,F101,LE,MELENDUGNO,5,5,460.0,600.0,530.0,2.0,2.5,2.2,20252,True
094052,L725,IS,VENAFRO,6,6,490.0,735.0,612.5,2.2,3.2,2.7,20252,True
037052,H896,BO,SAN GIORGIO DI PIANO,4,4,1400.0,2000.0,1700.0,6.25,7.75,7.0,20252,True
037002,A392,BO,ARGELATO,4,4,1650.0,1900.0,1775.0,5.35,7.2,6.28,20252,True
100004,G754,PO,POGGIO A CAIANO,3,3,1525.0,1950.0,1737.5,7.15,9.15,8.15,20252,True
020026,E078,MN,GOITO,4,3,450.0,650.0,550.0,3.0,4.3,3.65,20252,True
012050,C732,VA,CISLAGO,4,3,1200.0,1400.0,1300.0,4.1,5.9,5.0,20252,True
059006,D003,LT,CORI,3,3,565.0,815.0,685.0,3.6,4.85,4.2,20252,True
038018,G768,FE,POGGIO RENATICO,4,4,785.0,1000.0,880.0,3.65,4.95,4.32,20252,True
060043,E340,FR,ISOLA DEL LIRI,5,5,310.0,440.0,375.0,2.4,3.4,2.9,20252,True
016062,C079,BG,CASTELLI CALEPIO,4,2,900.0,1125.0,1012.5,3.75,5.95,4.88,20252,True
040016,D935,FC,GATTEO,3,3,1350.0,1900.0,1625.0,5.2,6.3,5.75,20252,True
011026,I363,SP,SANTO STEFANO DI MAGRA,4,4,950.0,1350.0,1150.0,4.75,6.5,5.62,20252,True
061077,H978,CE,SAN MARCELLINO,5,4,700.0,975.0,837.5,2.0,3.0,2.5,20252,True
067004,A488,TE,ATRI,5,5,605.0,900.0,752.5,2.0,3.0,2.5,20252,True
004028,B101,CN,BOVES,6,6,675.0,995.0,835.0,2.3,3.35,2.83,20252,True
052034,I877,SI,SOVICILLE,6,6,1250.0,1750.0,1500.0,3.9,5.6,4.75,20252,True
028075,H893,PD,SAN GIORGIO DELLE PERTICHE,5,4,950.0,1125.0,1025.0,4.2,5.0,4.6,20252,True
045011,F679,MS,MONTIGNOSO,4,4,1000.0,1475.0,1237.5,6.5,9.75,8.12,20252,True
075084,L064,LE,TAURISANO,3,3,485.0,610.0,547.5,1.8,2.5,2.15,20252,True
069005,A485,CH,ATESSA,6,6,545.0,815.0,680.0,2.5,3.75,3.12,20252,True
043012,C704,MC,CINGOLI,5,5,600.0,950.0,775.0,2.1,3.6,2.8,20252,True
111034,E270,SU,GUSPINI,5,3,450.0,650.0,550.0,1.8,2.5,2.15,20252,True
043033,F749,MC,MORROVALLE,4,4,675.0,1050.0,862.5,2.8,4.15,3.48,20252,True
020002,A470,MN,ASOLA,3,3,500.0,675.0,587.5,3.2,4.4,3.8,20252,True
073022,H090,TA,PULSANO,4,3,570.0,800.0,685.0,2.8,3.5,3.15,20252,True
016222,L502,BG,URGNANO,4,2,800.0,1075.0,937.5,3.5,4.9,4.2,20252,True
083097,L042,ME,TAORMINA,5,5,2300.0,3250.0,2775.0,5.0,7.2,6.1,20252,True
039006,C065,RA,CASTEL BOLOGNESE,2,2,905.0,1275.0,1090.0,3.3,4.7,4.0,20252,True
017163,H477,BS,RODENGO SAIANO,4,3,1100.0,1400.0,1250.0,3.5,4.7,4.1,20252,True
082071,L131,PA,TERRASINI,5,4,580.0,730.0,655.0,2.0,2.4,2.2,20252,True
011016,E542,SP,LERICI,6,6,2750.0,4100.0,3425.0,8.0,11.75,9.88,20252,True
099017,H921,RN,SAN GIOVANNI IN MARIGNANO,5,5,1500.0,2100.0,1800.0,4.5,6.5,5.5,20252,True
010047,H212,GE,RECCO,5,5,1675.0,2475.0,2075.0,5.8,8.6,7.2,20252,True
027043,L899,VE,VIGONOVO,5,4,850.0,1150.0,1000.0,,,,20252,True
075042,F054,LE,MATINO,4,4,450.0,585.0,517.5,1.9,2.5,2.2,20252,True
034042,L346,PR,TRAVERSETOLO,5,5,830.0,1200.0,1015.0,3.0,3.7,3.35,20252,True
003043,C166,NO,CASTELLETTO SOPRA TICINO,5,5,700.0,1050.0,875.0,2.4,3.6,3.0,20252,True
030072,G352,UD,PASIAN DI PRATO,3,3,825.0,1225.0,1025.0,3.3,4.95,4.12,20252,True
064101,I805,AV,SOLOFRA,8,8,645.0,805.0,725.0,2.9,3.55,3.23,20252,True
063066,H860,NA,SAN GENNARO VESUVIANO,3,2,635.0,980.0,807.5,2.15,3.3,2.72,20252,True
051013,C407,AR,CAVRIGLIA,4,4,950.0,1225.0,1100.0,3.1,4.15,3.62,20252,True
110005,E946,BT,MARGHERITA DI SAVOIA,6,5,900.0,1200.0,1050.0,4.0,5.5,4.75,20252,True
058015,B496,RM,CAMPAGNANO DI ROMA,3,2,900.0,1300.0,1100.0,5.0,7.3,6.15,20252,True
036041,I473,MO,SAVIGNANO SUL PANARO,4,4,875.0,1300.0,1087.5,3.6,5.25,4.43,20252,True
037035,E844,BO,MALALBERGO,3,3,1150.0,1450.0,1300.0,5.75,7.75,6.75,20252,True
059010,E375,LT,ITRI,7,7,1100.0,1350.0,1237.5,5.1,7.1,6.32,20252,True
018069,D925,PV,GARLASCO,3,1,705.0,980.0,842.5,3.2,4.0,3.6,20252,True
013133,E659,CO,LOMAZZO,6,5,1100.0,1350.0,1225.0,3.65,4.55,4.1,20252,True
018024,B201,PV,BRONI,2,1,940.0,1150.0,1045.0,3.5,4.3,3.9,20252,True
039008,C963,RA,CONSELICE,4,4,750.0,1000.0,862.5,2.5,3.55,3.0,20252,True
029039,G923,RO,PORTO TOLLE,3,3,800.0,1100.0,950.0,2.7,3.8,3.25,20252,True
084023,F126,AG,MENFI,5,5,455.0,675.0,565.0,1.7,2.55,2.12,20252,True
086011,E536,EN,LEONFORTE,5,4,415.0,620.0,517.5,1.5,2.15,1.83,20252,True
071033,F631,FG,MONTE SANT'ANGELO,5,4,650.0,925.0,787.5,3.05,4.4,3.73,20252,True
075063,H147,LE,RACALE,6,6,485.0,620.0,552.5,1.6,2.2,1.85,20252,True
018068,D901,PV,GAMBOLO',3,1,910.0,1100.0,1005.0,2.8,3.1,2.95,20252,True
004067,C599,CN,CHERASCO,9,9,870.0,1275.0,1072.5,2.3,3.4,2.85,20252,True
058018,B649,RM,CAPENA,4,3,900.0,1350.0,1125.0,4.8,6.8,5.8,20252,True
016218,L388,BG,TRESCORE BALNEARIO,5,2,860.0,1150.0,1005.0,4.5,6.0,5.25,20252,True
015103,D845,MI,GAGGIANO,2,1,1600.0,1950.0,1775.0,6.0,8.5,7.25,20252,True
013227,L470,CO,TURATE,2,2,1100.0,1350.0,1225.0,3.5,4.4,3.95,20252,True
067038,I318,TE,SANT'EGIDIO ALLA VIBRATA,3,3,600.0,890.0,745.0,2.05,3.0,2.53,20252,True
012083,E299,VA,INDUNO OLONA,4,3,1000.0,1300.0,1150.0,3.6,5.2,4.4,20252,True
024056,E912,VI,MARANO VICENTINO,4,4,785.0,910.0,847.5,4.5,6.0,5.25,20252,True
046003,A657,LU,BARGA,4,4,710.0,1050.0,880.0,2.6,3.8,3.2,20252,True
001066,C133,TO,CASTELLAMONTE,7,4,540.0,810.0,675.0,2.9,4.3,3.6,20252,True
087018,E133,CT,GRAMMICHELE,3,3,280.0,407.5,343.75,1.1,1.5,1.3,20252,True
013102,D605,CO,FINO MORNASCO,4,3,1100.0,1400.0,1250.0,4.2,5.5,4.85,20252,True
026038,E940,TV,MARENO DI PIAVE,5,4,920.0,1350.0,1135.0,4.1,5.9,5.0,20252,True
064054,F506,AV,MONTEFORTE IRPINO,9,9,685.0,880.0,777.5,2.4,3.0,2.7,20252,True
004179,H150,CN,RACCONIGI,4,3,680.0,1020.0,850.0,2.35,3.5,2.92,20252,True
093004,A516,PN,AVIANO,5,5,550.0,800.0,675.0,2.25,3.35,2.8,20252,True
043024,F051,MC,MATELICA,5,5,600.0,900.0,800.0,3.0,4.1,3.55,20252,True
059025,H836,LT,SAN FELICE CIRCEO,8,8,1350.0,1900.0,1600.0,6.4,9.3,7.85,20252,True
035002,A573,RE,BAGNOLO IN PIANO,4,4,685.0,975.0,830.0,2.4,3.55,2.98,20252,True
019025,C153,CR,CASTELLEONE,2,2,600.0,875.0,737.5,3.5,5.0,4.25,20252,True
063056,G795,NA,POLLENA TROCCHIA,5,4,910.0,1400.0,1155.0,3.0,4.7,3.85,20252,True
015230,L667,MI,VAPRIO D'ADDA,3,1,1100.0,1375.0,1237.5,5.3,6.2,5.75,20252,True
015131,E819,MI,MAGNAGO,2,1,1200.0,1550.0,1375.0,4.7,6.3,5.5,20252,True
060035,A310,FR,FIUGGI,5,5,630.0,940.0,785.0,4.9,6.0,5.45,20252,True
076007,A519,PZ,AVIGLIANO,4,4,447.5,580.0,508.75,1.5,2.15,1.83,20252,True
066032,C426,AQ,CELANO,3,3,400.0,600.0,500.0,1.4,1.75,1.55,20252,True
061099,L844,CE,VILLA LITERNO,2,1,600.0,875.0,737.5,1.7,2.55,2.12,20252,True
054017,D279,PG,DERUTA,5,5,615.0,830.0,720.0,2.05,2.8,2.45,20252,True
028044,E515,PD,LEGNARO,3,1,1000.0,1225.0,1112.5,3.5,4.05,3.78,20252,True
061091,L083,CE,TEANO,5,4,500.0,725.0,612.5,1.35,2.0,1.68,20252,True
076095,L738,PZ,VENOSA,3,3,432.5,580.0,506.25,1.65,2.25,1.95,20252,True
061043,E173,CE,GRICIGNANO DI AVERSA,6,3,675.0,985.0,830.0,2.35,3.45,2.9,20252,True
028056,F394,PD,MONTAGNANA,4,2,950.0,1150.0,1050.0,3.7,4.2,3.95,20252,True
015229,L665,MI,VANZAGO,3,2,1350.0,1650.0,1500.0,6.0,7.25,6.62,20252,True
028064,G688,PD,PIOMBINO DESE,3,2,880.0,1125.0,1002.5,3.9,4.4,4.15,20252,True
061081,I131,CE,SAN PRISCO,3,2,710.0,1035.0,872.5,2.5,3.7,3.1,20252,True
111071,I294,SU,SANT'ANTIOCO,5,2,925.0,1250.0,1087.5,3.4,4.6,4.0,20252,True
037038,F219,BO,MINERBIO,4,4,1275.0,1575.0,1425.0,6.25,7.75,7.0,20252,True
017085,E333,BS,ISEO,6,4,1500.0,2000.0,1750.0,4.6,6.4,5.5,20252,True
013064,C516,CO,CERMENATE,4,3,1020.0,1350.0,1185.0,3.6,4.65,4.12,20252,True
024074,F964,VI,NOVENTA VICENTINA,4,4,730.0,975.0,850.0,4.0,5.0,4.5,20252,True
034013,D526,PR,FELINO,3,3,1100.0,1500.0,1300.0,5.1,7.1,6.1,20252,True
030116,L050,UD,TARCENTO,4,3,675.0,935.0,805.0,2.85,4.15,3.52,20252,True
041015,D749,PU,FOSSOMBRONE,7,6,735.0,1000.0,862.5,3.0,4.2,3.6,20252,True
013138,E753,CO,LURATE CACCIVIO,3,3,1000.0,1350.0,1175.0,3.9,5.05,4.47,20252,True
033035,G747,PC,PODENZANO,4,4,660.0,960.0,810.0,2.15,3.15,2.65,20252,True
022103,E500,TN,LAVIS,6,4,1750.0,2050.0,1900.0,4.75,5.25,5.0,20252,True
043054,L366,MC,TREIA,4,4,600.0,800.0,700.0,2.25,3.35,2.8,20252,True
003016,A752,NO,BELLINZAGO NOVARESE,4,3,715.0,1050.0,882.5,2.55,3.55,3.05,20252,True
058026,C390,RM,CAVE,4,3,825.0,1225.0,1025.0,3.4,4.9,4.15,20252,True
035001,A162,RE,ALBINEA,5,5,1050.0,1525.0,1287.5,3.7,5.3,4.5,20252,True
065072,F480,SA,MONTECORVINO PUGLIANO,5,5,675.0,990.0,832.5,2.2,3.2,2.7,20252,True
001112,D933,TO,GASSINO TORINESE,5,3,800.0,1200.0,1000.0,4.05,6.1,5.08,20252,True
078138,I489,CS,SCALEA,2,2,670.0,1000.0,835.0,2.9,4.2,3.55,20252,True
026040,F012,TV,MASERADA SUL PIAVE,4,4,1000.0,1250.0,1137.5,3.95,5.25,4.6,20252,True
042019,D597,AN,FILOTTRANO,4,4,477.5,675.0,576.25,2.0,2.8,2.4,20252,True
026075,I221,TV,SANTA LUCIA DI PIAVE,4,2,1150.0,1750.0,1450.0,4.3,6.2,5.25,20252,True
086004,A676,EN,BARRAFRANCA,5,4,367.5,550.0,458.75,1.45,2.1,1.77,20252,True
090052,G203,SS,OZIERI,5,3,600.0,800.0,700.0,2.5,3.3,2.9,20252,True
026066,H238,TV,RESANA,3,3,1050.0,1250.0,1150.0,3.8,4.8,4.3,20252,True
024067,F675,VI,MONTICELLO CONTE OTTO,6,6,820.0,1100.0,947.5,4.3,4.6,4.45,20252,True
015011,A473,MI,ASSAGO,4,2,1775.0,2175.0,1975.0,7.25,8.7,7.95,20252,True
015237,L883,MI,VIGNATE,2,1,1450.0,1875.0,1662.5,5.5,7.3,6.4,20252,True
049006,C044,LI,CASTAGNETO CARDUCCI,5,4,1550.0,1950.0,1750.0,6.5,8.1,7.3,20252,True
021015,B397,BZ,CALDARO SULLA STRADA DEL VINO .KALTERN AN DE.,5,4,2750.0,3300.0,3025.0,9.15,11.0,10.07,20252,True
035032,H225,RE,REGGIOLO,4,4,575.0,810.0,692.5,2.3,3.4,2.85,20252,True
082031,C708,PA,CINISI,6,3,500.0,700.0,600.0,1.7,2.0,1.8,20252,True
015243,M091,MI,VITTUONE,2,1,1250.0,1650.0,1450.0,5.0,7.2,6.1,20252,True
036042,F357,MO,SERRAMAZZONI,3,3,740.0,1100.0,920.0,3.2,4.7,3.95,20252,True
061074,H798,CE,SAN CIPRIANO D'AVERSA,3,2,600.0,875.0,737.5,1.75,2.6,2.17,20252,True
093007,B215,PN,BRUGNERA,4,4,675.0,950.0,812.5,2.5,3.7,3.1,20252,True
028048,F011,PD,MASERA' DI PADOVA,4,2,950.0,1200.0,1075.0,3.4,3.7,3.55,20252,True
015106,D995,MI,GESSATE,3,1,1550.0,1900.0,1725.0,6.1,8.0,7.05,20252,True
038027,M323,FE,FISCAGLIA,4,4,505.0,735.0,620.0,2.6,3.4,3.0,20252,True
017165,H525,BS,RONCADELLE,3,3,1250.0,1550.0,1400.0,3.6,4.8,4.2,20252,True
087038,H175,CT,RANDAZZO,5,5,310.0,460.0,385.0,1.1,1.6,1.35,20252,True
023018,B709,VR,CAPRINO VERONESE,3,3,1075.0,1600.0,1337.5,,,,20252,True
028106,M300,PD,DUE CARRARE,5,5,920.0,1050.0,985.0,4.2,4.8,4.5,20252,True
074019,L280,BR,TORRE SANTA SUSANNA,3,2,475.0,575.0,525.0,2.1,2.5,2.3,20252,True
087050,L355,CT,TRECASTAGNI,3,3,570.0,810.0,690.0,1.95,2.7,2.33,20252,True
017038,B711,BS,CAPRIOLO,4,2,1015.0,1275.0,1145.0,3.3,4.3,3.8,20252,True
081004,B521,TP,CAMPOBELLO DI MAZARA,4,3,510.0,750.0,630.0,1.85,2.7,2.28,20252,True
089021,M279,SR,PRIOLO GARGALLO,4,2,467.5,670.0,571.25,2.05,3.0,2.52,20252,True
022001,A116,TN,ALA,5,4,1300.0,1500.0,1400.0,2.95,3.85,3.4,20252,True
097057,G009,LC,OGGIONO,4,4,1025.0,1450.0,1237.5,4.15,5.5,4.82,20252,True
012072,D946,VA,GAVIRATE,5,4,1250.0,1625.0,1437.5,4.2,6.2,5.2,20252,True
001098,D208,TO,CUORGNE',4,3,520.0,780.0,650.0,3.05,4.5,3.77,20252,True
015115,E395,MI,LACCHIARELLA,2,1,1300.0,1700.0,1500.0,5.8,8.0,6.9,20252,True
063090,M273,NA,SANTA MARIA LA CARITA',3,3,990.0,1525.0,1257.5,3.3,5.1,4.2,20252,True
015172,G502,MI,PESSANO CON BORNAGO,4,1,1450.0,1850.0,1650.0,4.55,6.15,5.35,20252,True
028089,L100,PD,TEOLO,7,3,1050.0,1300.0,1175.0,4.2,4.8,4.5,20252,True
014066,L175,SO,TIRANO,8,8,1000.0,1275.0,1137.5,3.05,3.95,3.5,20252,True
013118,E309,CO,INVERIGO,4,3,1025.0,1375.0,1200.0,3.45,4.5,4.03,20252,True
047013,G636,PT,PIEVE A NIEVOLE,4,4,1150.0,1350.0,1225.0,4.4,6.0,5.2,20252,True
108048,L744,MB,VERANO BRIANZA,2,2,1100.0,1400.0,1250.0,4.8,6.3,5.6,20252,True
065090,G426,SA,PELLEZZANO,9,9,970.0,1275.0,1117.5,2.8,4.1,3.45,20252,True
001058,B777,TO,CARIGNANO,6,4,885.0,1325.0,1105.0,3.95,5.85,4.9,20252,True
087030,F781,CT,MOTTA SANT'ANASTASIA,4,4,502.5,745.0,623.75,1.85,2.7,2.27,20252,True
081018,H700,TP,SALEMI,6,4,400.0,600.0,500.0,1.5,2.2,1.85,20252,True
081013,G208,TP,PACECO,6,5,575.0,825.0,700.0,2.0,2.85,2.42,20252,True
032001,D383,TS,DUINO AURISINA,4,3,1450.0,1825.0,1637.5,4.95,6.95,5.95,20252,True
067030,F764,TE,MOSCIANO SANT'ANGELO,4,4,565.0,840.0,702.5,1.9,2.8,2.35,20252,True
097049,F248,LC,MISSAGLIA,3,3,1025.0,1425.0,1225.0,4.2,5.7,4.95,20252,True
078047,D184,CS,CROSIA,3,3,445.0,650.0,547.5,1.65,2.35,2.0,20252,True
051016,C774,AR,CIVITELLA IN VAL DI CHIANA,2,2,975.0,1175.0,1075.0,3.15,4.1,3.62,20252,True
063047,F488,NA,MONTE DI PROCIDA,4,4,1300.0,2000.0,1650.0,4.35,6.7,5.53,20252,True
052006,C227,SI,CASTELNUOVO BERARDENGA,9,9,1100.0,1525.0,1312.5,3.65,5.15,4.4,20252,True
059027,I634,LT,SERMONETA,5,5,1300.0,1500.0,1400.0,5.3,6.1,5.7,20252,True
026003,A471,TV,ASOLO,6,2,1450.0,2300.0,1875.0,,,,20252,True
028013,B031,PD,BORGORICCO,3,1,950.0,1150.0,1050.0,4.1,4.7,4.4,20252,True
051018,D649,AR,FOIANO DELLA CHIANA,3,2,850.0,1100.0,975.0,2.8,3.8,3.3,20252,True
015178,G965,MI,POZZUOLO MARTESANA,3,2,1375.0,1650.0,1512.5,5.95,6.75,6.35,20252,True
016214,L251,BG,TORRE BOLDONE,3,3,1450.0,1800.0,1625.0,6.7,8.4,7.55,20252,True
034010,C904,PR,COLORNO,2,2,860.0,1125.0,992.5,2.9,4.2,3.55,20252,True
062070,I197,BN,SANT'AGATA DE' GOTI,5,5,500.0,750.0,625.0,2.0,2.8,2.4,20252,True
017021,B040,BS,BORGOSATOLLO,6,3,1050.0,1250.0,1150.0,3.5,4.0,3.75,20252,True
016246,M184,BG,ZOGNO,4,2,930.0,1150.0,1040.0,4.9,6.0,5.45,20252,True
009049,G605,SV,PIETRA LIGURE,7,6,2750.0,4100.0,3425.0,7.9,9.0,8.0,20252,True
016202,I858,BG,SORISOLE,3,3,1100.0,1300.0,1200.0,5.0,7.2,6.1,20252,True
085012,F830,CL,MUSSOMELI,6,6,350.0,510.0,430.0,1.35,2.0,1.68,20252,True
051025,F628,AR,MONTE SAN SAVINO,3,3,950.0,1150.0,1050.0,3.3,4.4,3.85,20252,True
018034,B988,PV,CASORATE PRIMO,2,1,1200.0,1450.0,1325.0,3.6,4.1,3.85,20252,True
023042,E489,VR,LAVAGNO,3,3,1100.0,1600.0,1350.0,,,,20252,True
024110,L433,VI,TRISSINO,3,3,710.0,920.0,815.0,,,,20252,True
064006,A489,AV,ATRIPALDA,7,7,650.0,825.0,742.5,2.55,3.1,2.83,20252,True
010017,C823,GE,COGOLETO,3,3,1850.0,2750.0,2300.0,5.3,7.9,6.6,20252,True
056035,F419,VT,MONTALTO DI CASTRO,6,3,1050.0,1550.0,1300.0,5.3,6.1,5.7,20252,True
088001,A014,RG,ACATE,4,4,455.0,670.0,562.5,1.7,2.5,2.1,20252,True
021072,H236,BZ,RENON .RITTEN.,4,4,2400.0,2950.0,2675.0,6.0,8.1,7.05,20252,True
016077,C800,BG,CLUSONE,2,2,860.0,1050.0,955.0,5.2,6.8,6.0,20252,True
001099,D373,TO,DRUENTO,4,2,840.0,1250.0,1045.0,4.3,6.3,5.3,20252,True
082034,D009,PA,CORLEONE,4,4,427.5,610.0,518.75,1.4,1.95,1.68,20252,True
017072,D634,BS,FLERO,5,2,1350.0,1625.0,1487.5,4.1,4.95,4.53,20252,True
081015,G347,TP,PARTANNA,4,2,420.0,620.0,520.0,1.55,2.25,1.9,20252,True
058081,H267,RM,RIANO,4,3,1000.0,1475.0,1237.5,4.8,7.0,5.9,20252,True
108043,L434,MB,TRIUGGIO,3,2,1175.0,1600.0,1387.5,4.9,6.5,5.7,20252,True
036003,B539,MO,CAMPOGALLIANO,3,3,950.0,1350.0,1150.0,4.1,6.1,5.1,20252,True
017069,D421,BS,ERBUSCO,6,2,1175.0,1500.0,1337.5,4.0,5.15,4.58,20252,True
053021,H449,GR,ROCCASTRADA,6,6,740.0,1050.0,895.0,2.2,3.1,2.65,20252,True
092108,D399,CA,ELMAS,4,3,1050.0,1500.0,1275.0,4.0,5.5,4.75,20252,True
023050,F508,VR,MONTEFORTE D'ALPONE,3,3,910.0,1350.0,1130.0,,,,20252,True
097036,D865,LC,GALBIATE,4,4,1025.0,1300.0,1162.5,3.8,5.0,4.4,20252,True
063061,H072,NA,PROCIDA,5,4,1975.0,3025.0,2500.0,6.3,9.55,7.93,20252,True
019098,I849,CR,SORESINA,2,2,500.0,700.0,600.0,2.5,3.5,3.0,20252,True
012138,L765,VA,VERGIATE,5,4,1000.0,1250.0,1125.0,3.5,5.2,4.35,20252,True
037050,H678,BO,SALA BOLOGNESE,4,3,1325.0,1725.0,1525.0,6.5,7.75,7.12,20252,True
009064,L528,SV,VADO LIGURE,5,4,1475.0,2150.0,1812.5,3.95,4.7,4.3,20252,True
023028,C897,VR,COLOGNOLA AI COLLI,3,3,950.0,1350.0,1150.0,,,,20252,True
015113,E313,MI,INVERUNO,4,3,900.0,1175.0,1037.5,4.65,5.6,5.05,20252,True
017179,I633,BS,SIRMIONE,5,5,2750.0,3600.0,3175.0,11.3,15.1,13.2,20252,True
065132,I377,SA,SAN VALENTINO TORIO,4,4,675.0,965.0,820.0,1.75,2.2,2.0,20252,True
023053,F918,VR,NOGARA,2,2,620.0,930.0,775.0,,,,20252,True
082023,C074,PA,CASTELDACCIA,5,3,670.0,830.0,750.0,2.2,2.8,2.5,20252,True
020053,H604,MN,ROVERBELLA,4,4,400.0,625.0,512.5,2.5,3.75,3.12,20252,True
024014,B132,VI,BREGANZE,3,3,740.0,895.0,817.5,,,,20252,True
019067,G306,CR,PANDINO,3,3,675.0,1025.0,850.0,3.75,5.25,4.5,20252,True
091044,E788,NU,MACOMER,5,3,655.0,910.0,785.0,2.15,2.75,2.45,20252,True
061057,G596,CE,PIEDIMONTE MATESE,8,6,550.0,775.0,662.5,1.4,2.1,1.75,20252,True
085009,F065,CL,MAZZARINO,4,4,300.0,440.0,370.0,1.2,1.8,1.5,20252,True
080050,F112,RC,MELITO DI PORTO SALVO,5,5,530.0,790.0,660.0,2.2,3.0,2.6,20252,True
075011,B506,LE,CAMPI SALENTINA,4,4,465.0,650.0,557.5,1.9,2.5,2.2,20252,True
063012,B452,NA,CALVIZZANO,4,4,760.0,1175.0,967.5,2.55,3.9,3.22,20252,True
093051,M190,PN,ZOPPOLA,4,4,600.0,800.0,700.0,2.5,3.6,3.05,20252,True
058082,H288,RM,RIGNANO FLAMINIO,3,2,900.0,1250.0,1075.0,4.3,6.3,5.3,20252,True
046026,G882,LU,PORCARI,4,4,900.0,1325.0,1112.5,3.4,4.85,4.12,20252,True
047003,B251,PT,BUGGIANO,4,4,1075.0,1350.0,1200.0,4.1,6.0,5.08,20252,True
016245,M147,BG,ZANICA,4,3,950.0,1250.0,1100.0,4.0,5.3,4.65,20252,True
036010,C951,MO,CONCORDIA SULLA SECCHIA,4,4,650.0,960.0,810.0,3.4,4.9,4.15,20252,True
052017,F605,SI,MONTERONI D'ARBIA,7,6,770.0,1100.0,935.0,2.5,3.6,3.05,20252,True
015176,G772,MI,POGLIANO MILANESE,4,2,1200.0,1625.0,1412.5,5.45,7.6,6.52,20252,True
015040,B292,MI,BUSSERO,2,1,1400.0,1725.0,1562.5,6.2,7.3,6.75,20252,True
022104,E565,TN,LEVICO TERME,6,4,1550.0,1750.0,1650.0,3.4,4.4,3.9,20252,True
074020,L920,BR,VILLA CASTELLI,3,2,650.0,830.0,740.0,2.8,3.7,3.25,20252,True
063020,B925,NA,CASANDRINO,3,3,840.0,1300.0,1070.0,3.0,4.7,3.85,20252,True
044020,D652,AP,FOLIGNANO,4,4,720.0,970.0,845.0,2.8,4.05,3.4,20252,True
027014,D578,VE,FIESSO D'ARTICO,3,1,1025.0,1300.0,1162.5,,,,20252,True
022230,M344,TN,PREDAIA,17,14,1250.0,1400.0,1325.0,3.8,4.1,3.9,20252,True
016086,D117,BG,COSTA VOLPINO,2,2,900.0,1200.0,1050.0,4.35,5.75,5.05,20252,True
001034,B121,TO,BRANDIZZO,3,2,735.0,1100.0,917.5,4.4,6.6,5.5,20252,True
047016,G833,PT,PONTE BUGGIANESE,3,3,950.0,1250.0,1100.0,3.5,5.0,4.25,20252,True
073011,E630,TA,LIZZANO,4,4,442.5,595.0,518.75,3.45,4.6,4.02,20252,True
025040,B662,BL,PONTE NELLE ALPI,4,4,760.0,1000.0,880.0,2.7,4.0,3.35,20252,True
095065,L122,OR,TERRALBA,2,2,590.0,780.0,685.0,2.0,3.0,2.5,20252,True
072040,I053,BA,SANNICANDRO DI BARI,5,4,775.0,1075.0,925.0,2.65,3.7,3.15,20252,True
089010,D768,SR,FRANCOFONTE,5,5,490.0,710.0,600.0,1.7,2.5,2.1,20252,True
048036,H286,FI,RIGNANO SULL'ARNO,2,2,1150.0,1650.0,1400.0,3.3,4.9,4.1,20252,True
050001,A864,PI,BIENTINA,3,3,1150.0,1350.0,1250.0,3.95,5.05,4.5,20252,True
023027,C890,VR,COLOGNA VENETA,3,3,830.0,1100.0,965.0,,,,20252,True
010054,I225,GE,SANTA MARGHERITA LIGURE,4,4,2825.0,4150.0,3487.5,7.15,10.65,8.9,20252,True
082035,D567,PA,FICARAZZI,5,2,660.0,895.0,777.5,1.95,2.7,2.33,20252,True
074015,I066,BR,SAN PANCRAZIO SALENTINO,3,2,500.0,600.0,550.0,2.2,2.55,2.38,20252,True
016037,B137,BG,BREMBATE,4,2,850.0,1250.0,1050.0,4.3,5.5,4.9,20252,True
108020,C820,MB,COGLIATE,3,2,975.0,1300.0,1137.5,3.65,5.25,4.45,20252,True
056039,F868,VT,NEPI,4,3,750.0,1100.0,925.0,4.5,5.4,4.95,20252,True
030099,H816,UD,SAN DANIELE DEL FRIULI,6,4,775.0,1025.0,900.0,3.35,5.0,4.17,20252,True
001192,G678,TO,PINO TORINESE,4,3,920.0,1375.0,1147.5,4.3,6.4,5.35,20252,True
001127,E423,TO,LA LOGGIA,3,2,1100.0,1600.0,1350.0,4.6,6.9,5.75,20252,True
050038,L850,PI,VICOPISANO,3,3,1150.0,1750.0,1450.0,4.25,5.95,5.1,20252,True
039011,D829,RA,FUSIGNANO,2,2,775.0,1075.0,925.0,3.15,4.4,3.78,20252,True
035015,C218,RE,CASTELNOVO DI SOTTO,2,2,675.0,950.0,812.5,3.05,4.4,3.72,20252,True
083032,E014,ME,GIARDINI-NAXOS,2,2,1300.0,1925.0,1612.5,4.25,6.1,5.17,20252,True
062058,H894,BN,SAN GIORGIO DEL SANNIO,2,2,650.0,800.0,725.0,2.4,3.3,2.85,20252,True
017056,C806,BS,COCCAGLIO,4,2,1090.0,1375.0,1232.5,3.5,4.45,3.97,20252,True
031009,E125,GO,GRADO,7,7,1375.0,1850.0,1612.5,5.25,7.6,6.47,20252,True
024091,H829,VI,SANDRIGO,4,1,850.0,1200.0,1025.0,,,,20252,True
108026,E550,MB,LESMO,3,1,1275.0,1600.0,1437.5,6.0,7.0,6.5,20252,True
015201,I409,MI,SAN VITTORE OLONA,2,1,1300.0,1750.0,1525.0,5.5,7.2,6.35,20252,True
012087,E496,VA,LAVENO-MOMBELLO,5,4,1200.0,1450.0,1325.0,4.05,5.95,5.0,20252,True
077017,F637,MT,MONTESCAGLIOSO,5,4,490.0,730.0,610.0,2.1,2.8,2.6,20252,True
093010,B940,PN,CASARSA DELLA DELIZIA,4,4,650.0,900.0,775.0,2.5,3.55,3.0,20252,True
083089,I311,ME,SANTA TERESA DI RIVA,4,4,590.0,850.0,720.0,2.9,4.1,3.5,20252,True
019084,H357,CR,RIVOLTA D'ADDA,2,2,650.0,1000.0,825.0,4.0,6.5,5.25,20252,True
021093,I729,BZ,SILANDRO .SCHLANDERS.,6,5,2000.0,2400.0,2200.0,5.8,8.0,6.9,20252,True
020027,E089,MN,GONZAGA,4,4,400.0,575.0,487.5,2.5,3.75,3.12,20252,True
035037,I011,RE,SAN MARTINO IN RIO,2,2,625.0,875.0,750.0,2.05,2.75,2.4,20252,True
108041,I878,MB,SOVICO,2,1,1300.0,1750.0,1525.0,4.9,6.9,5.9,20252,True
082020,B645,PA,CAPACI,5,5,730.0,975.0,852.5,2.05,3.0,2.52,20252,True
054050,I888,PG,SPELLO,5,5,730.0,1075.0,902.5,2.5,3.6,3.05,20252,True
053010,D948,GR,GAVORRANO,4,4,950.0,1400.0,1175.0,2.5,3.5,3.0,20252,True
063007,A617,NA,BARANO D'ISCHIA,5,5,1275.0,1925.0,1600.0,4.05,6.1,5.08,20252,True
053015,F032,GR,MASSA MARITTIMA,4,4,890.0,1200.0,1045.0,2.7,3.9,3.3,20252,True
028045,E592,PD,LIMENA,6,4,1000.0,1250.0,1112.5,3.7,4.5,4.1,20252,True
111014,D323,SU,DOLIANOVA,3,2,850.0,1250.0,1050.0,3.4,4.75,4.08,20252,True
035026,E772,RE,LUZZARA,5,5,520.0,740.0,640.0,1.9,2.8,2.35,20252,True
075098,M428,LE,PRESICCE-ACQUARICA,2,2,340.0,495.0,417.5,1.4,2.0,1.7,20252,True
024088,H580,VI,ROSSANO VENETO,4,3,800.0,1050.0,900.0,,,,20252,True
017195,L777,BS,VEROLANUOVA,5,4,790.0,1050.0,920.0,2.3,3.5,2.9,20252,True
012004,A371,VA,ARCISATE,5,3,1050.0,1350.0,1200.0,3.5,5.2,4.35,20252,True
022062,C794,TN,CLES,4,2,1650.0,2050.0,1850.0,4.1,5.65,4.88,20252,True
056042,G135,VT,ORTE,3,2,675.0,1000.0,837.5,3.7,5.1,4.4,20252,True
033006,B025,PC,BORGONOVO VAL TIDONE,2,2,650.0,875.0,762.5,2.15,2.9,2.53,20252,True
065122,I019,SA,SAN MARZANO SUL SARNO,4,4,685.0,985.0,835.0,1.75,2.3,2.0,20252,True
001038,B216,TO,BRUINO,4,2,1050.0,1550.0,1300.0,4.1,6.1,5.1,20252,True
097023,C839,LC,COLICO,7,7,940.0,1300.0,1120.0,3.7,5.1,4.4,20252,True
012013,A826,VA,BESOZZO,4,3,1000.0,1250.0,1125.0,3.4,5.0,4.2,20252,True
087045,I202,CT,SANT'AGATA LI BATTIATI,2,2,880.0,1300.0,1090.0,3.2,4.8,4.0,20252,True
024078,G694,VI,PIOVENE ROCCHETTE,4,4,820.0,1100.0,960.0,,,,20252,True
080061,G791,RC,POLISTENA,5,5,480.0,710.0,595.0,1.7,2.5,2.1,20252,True
082067,I188,PA,SANTA FLAVIA,6,4,780.0,1150.0,965.0,2.5,3.6,3.0,20252,True
080028,C747,RC,CITTANOVA,4,4,465.0,635.0,552.5,1.75,2.35,2.05,20252,True
001315,M133,TO,VOLVERA,3,2,1050.0,1550.0,1300.0,4.2,6.3,5.25,20252,True
075064,H632,LE,RUFFANO,3,3,437.5,570.0,503.75,1.6,2.15,1.88,20252,True
029046,L026,RO,TAGLIO DI PO,3,3,750.0,1050.0,900.0,2.5,3.5,3.0,20252,True
024128,M436,VI,SOVIZZO,5,5,800.0,1100.0,950.0,,,,20252,True
069043,E243,CH,GUARDIAGRELE,3,3,570.0,850.0,710.0,2.8,4.2,3.5,20252,True
017040,C055,BS,CASTEGNATO,6,2,1100.0,1425.0,1262.5,3.75,4.7,4.22,20252,True
012079,E102,VA,GORLA MINORE,4,3,1050.0,1300.0,1175.0,3.5,5.2,4.35,20252,True
044011,C093,AP,CASTEL DI LAMA,3,3,725.0,1015.0,870.0,2.9,4.35,3.62,20252,True
013159,F788,CO,MOZZATE,4,1,1200.0,1800.0,1500.0,3.8,4.8,4.3,20252,True
047024,M377,PT,SAN MARCELLO PITEGLIO,3,3,900.0,1100.0,1000.0,3.8,5.2,4.5,20252,True
095018,B314,OR,CABRAS,4,4,870.0,1250.0,1060.0,3.1,4.5,3.8,20252,True
016051,B703,BG,CAPRIATE SAN GERVASIO,5,2,950.0,1250.0,1050.0,5.0,6.5,5.75,20252,True
041007,B352,PU,CAGLI,7,7,570.0,790.0,680.0,2.8,3.6,3.2,20252,True
052011,C662,SI,CHIUSI,6,5,470.0,650.0,560.0,1.4,2.1,1.75,20252,True
048049,L838,FI,VICCHIO,2,2,1000.0,1475.0,1237.5,3.45,5.1,4.28,20252,True
093034,G994,PN,PRATA DI PORDENONE,5,5,650.0,825.0,737.5,2.25,3.25,2.75,20252,True
017187,L312,BS,TOSCOLANO MADERNO,3,2,2000.0,2725.0,2362.5,5.25,7.6,6.42,20252,True
027031,H117,VE,QUARTO D'ALTINO,4,3,875.0,1250.0,1062.5,,,,20252,True
058102,I573,RM,SEGNI,4,3,825.0,1200.0,1012.5,3.65,5.25,4.45,20252,True
041014,D541,PU,FERMIGNANO,5,4,690.0,935.0,825.0,2.55,3.3,2.92,20252,True
016038,B138,BG,BREMBATE DI SOPRA,4,3,1100.0,1350.0,1225.0,4.45,5.6,5.03,20252,True
012109,G103,VA,ORIGGIO,4,3,1150.0,1350.0,1250.0,3.9,5.7,4.8,20252,True
023017,B402,VR,CALDIERO,2,1,955.0,1425.0,1190.0,,,,20252,True
011011,C240,SP,CASTELNUOVO MAGRA,3,3,925.0,1375.0,1150.0,4.5,6.0,5.25,20252,True
002133,I337,VC,SANTHIA',3,2,427.5,620.0,523.75,2.65,3.8,3.23,20252,True
075059,G325,LE,PARABITA,3,3,450.0,620.0,535.0,1.9,2.6,2.25,20252,True
016046,B434,BG,CALUSCO D'ADDA,6,1,920.0,1275.0,1097.5,4.75,6.75,5.75,20252,True
015096,D198,MI,CUGGIONO,2,1,1000.0,1350.0,1175.0,4.8,6.4,5.6,20252,True
068030,G555,PE,PIANELLA,4,4,620.0,925.0,772.5,2.65,3.9,3.28,20252,True
023051,F789,VR,MOZZECANE,2,2,920.0,1350.0,1135.0,,,,20252,True
111065,I166,SU,SAN SPERATE,4,2,1050.0,1475.0,1262.5,4.0,5.4,4.7,20252,True
073025,I018,TA,SAN MARZANO DI SAN GIUSEPPE,3,2,525.0,685.0,605.0,2.5,2.95,2.73,20252,True
028091,L199,PD,TOMBOLO,5,2,905.0,1175.0,1040.0,4.0,4.5,4.25,20252,True
075040,E979,LE,MARTANO,3,3,450.0,580.0,515.0,2.3,2.5,2.4,20252,True
021019,C254,BZ,CASTELROTTO .KASTELRUTH.,8,7,2850.0,3600.0,3225.0,7.5,10.5,9.4,20252,True
082073,L317,PA,TRABIA,7,3,715.0,985.0,857.5,2.2,3.1,2.65,20252,True
058064,F590,RM,MONTE PORZIO CATONE,4,3,1450.0,2125.0,1787.5,5.65,8.25,6.95,20252,True
002061,D938,VC,GATTINARA,3,2,525.0,775.0,650.0,2.55,3.9,3.22,20252,True
015151,F783,MI,MOTTA VISCONTI,2,1,1000.0,1400.0,1200.0,4.2,6.1,5.15,20252,True
017204,M104,BS,VOBARNO,4,4,750.0,980.0,865.0,2.3,3.5,2.9,20252,True
011020,G143,SP,LUNI,4,4,1000.0,1425.0,1212.5,4.0,6.0,5.0,20252,True
030016,B536,UD,CAMPOFORMIDO,6,4,870.0,1200.0,1035.0,3.0,4.4,3.7,20252,True
033011,B812,PC,CARPANETO PIACENTINO,2,2,685.0,925.0,805.0,2.3,3.05,2.67,20252,True
096077,L880,BI,VIGLIANO BIELLESE,5,3,540.0,800.0,675.0,3.5,4.9,4.2,20252,True
016003,A129,BG,ALBANO SANT'ALESSANDRO,3,1,1100.0,1400.0,1250.0,5.0,7.5,6.25,20252,True
016233,L753,BG,VERDELLO,3,1,1000.0,1350.0,1175.0,4.25,5.65,4.95,20252,True
091017,D345,NU,DORGALI,5,4,945.0,1250.0,1097.5,2.0,2.75,2.38,20252,True
017143,G710,BS,PISOGNE,3,3,950.0,1250.0,1100.0,3.1,3.8,3.45,20252,True
058103,I992,RM,SUBIACO,4,3,700.0,1050.0,875.0,2.8,4.0,3.4,20252,True
048032,G420,FI,PELAGO,3,3,1025.0,1525.0,1275.0,3.25,4.8,4.03,20252,True
041065,L081,PU,TAVULLIA,8,6,1075.0,1400.0,1237.5,3.6,4.45,3.97,20252,True
041010,B846,PU,CARTOCETO,5,4,930.0,1300.0,1135.0,3.8,4.3,4.15,20252,True
078156,M385,CS,CASALI DEL MANCO,4,4,450.0,650.0,560.0,1.7,2.4,2.1,20252,True
012098,E965,VA,MARNATE,5,4,1050.0,1325.0,1187.5,3.5,5.15,4.32,20252,True
017034,B450,BS,CALVISANO,3,3,750.0,950.0,850.0,2.2,3.4,2.8,20252,True
078031,C108,CS,CASTROLIBERO,8,8,455.0,655.0,555.0,2.0,2.8,2.38,20252,True
038022,L868,FE,VIGARANO MAINARDA,4,4,725.0,1000.0,850.0,4.2,6.05,5.12,20252,True
028038,D679,PD,FONTANIVA,3,1,1000.0,1250.0,1125.0,4.5,5.2,4.85,20252,True
038030,M409,FE,TRESIGNANA,3,3,495.0,690.0,592.5,2.4,3.3,2.85,20252,True
108016,B798,MB,CARNATE,3,1,1125.0,1450.0,1287.5,5.4,6.8,6.1,20252,True
030127,L421,UD,TRICESIMO,4,3,780.0,1050.0,922.5,3.1,4.35,3.72,20252,True
034049,M325,PR,SISSA TRECASALI,5,5,870.0,1200.0,1035.0,2.8,3.6,3.2,20252,True
085015,H281,CL,RIESI,4,4,350.0,480.0,415.0,1.4,2.1,1.75,20252,True
016096,D490,BG,FARA GERA D'ADDA,3,2,760.0,985.0,872.5,3.8,4.8,4.3,20252,True
109024,F653,FM,MONTE URANO,3,3,640.0,920.0,780.0,2.5,3.85,3.17,20252,True
005097,H811,AT,SAN DAMIANO D'ASTI,3,3,480.0,700.0,590.0,3.1,4.4,3.75,20252,True
079137,I872,CZ,SOVERATO,5,5,705.0,885.0,787.5,3.4,4.95,4.17,20252,True
084031,H194,AG,RAVANUSA,3,2,400.0,600.0,500.0,1.5,2.25,1.88,20252,True
052028,H875,SI,SAN GIMIGNANO,6,5,1525.0,2250.0,1875.0,4.65,6.8,5.72,20252,True
013010,A333,CO,APPIANO GENTILE,4,2,1150.0,1475.0,1312.5,3.8,5.2,4.5,20252,True
024006,A377,VI,ARCUGNANO,5,5,820.0,1000.0,910.0,,,,20252,True
013201,H601,CO,ROVELLASCA,3,3,1070.0,1425.0,1250.0,3.6,4.4,4.0,20252,True
061013,B667,CE,CAPODRISE,3,2,800.0,1200.0,1000.0,3.0,4.3,3.65,20252,True
022117,F187,TN,MEZZOLOMBARDO,6,3,1800.0,2000.0,1900.0,5.5,6.0,5.75,20252,True
037059,L762,BO,VERGATO,5,5,700.0,1025.0,862.5,3.5,5.0,4.25,20252,True
078017,A887,CS,BISIGNANO,3,3,465.0,660.0,562.5,2.0,2.75,2.38,20252,True
093029,G353,PN,PASIANO DI PORDENONE,3,3,650.0,850.0,750.0,2.25,3.25,2.75,20252,True
030049,E584,UD,LIGNANO SABBIADORO,5,4,2675.0,3400.0,3037.5,13.5,19.25,16.38,20252,True
054054,L397,PG,TREVI,4,4,470.0,640.0,550.0,1.8,2.3,2.05,20252,True
016242,M045,BG,VILLONGO,3,1,925.0,1200.0,1062.5,4.6,5.35,4.97,20252,True
063071,I208,NA,SANT'AGNELLO,4,4,2375.0,3650.0,3012.5,6.95,10.65,8.8,20252,True
058022,C116,RM,CASTEL GANDOLFO,4,3,1550.0,2275.0,1912.5,6.0,8.9,7.45,20252,True
015015,A699,MI,BASIGLIO,2,1,1900.0,2650.0,2275.0,7.6,11.3,9.45,20252,True
048008,B684,FI,CAPRAIA E LIMITE,3,3,1400.0,2050.0,1725.0,4.2,6.2,5.2,20252,True
084003,A351,AG,ARAGONA,4,2,340.0,510.0,425.0,1.65,2.45,2.05,20252,True
108025,E504,MB,LAZZATE,2,1,1150.0,1650.0,1400.0,4.8,7.6,6.2,20252,True
001097,D202,TO,CUMIANA,2,1,765.0,1150.0,957.5,3.9,5.85,4.88,20252,True
065031,C125,SA,CASTELLABATE,6,6,1150.0,1700.0,1425.0,3.95,5.75,4.85,20252,True
053006,C310,GR,CASTIGLIONE DELLA PESCAIA,6,6,2150.0,2875.0,2512.5,7.15,10.5,8.82,20252,True
056052,L310,VT,TUSCANIA,3,2,750.0,1075.0,912.5,3.25,4.65,3.95,20252,True
021056,F849,BZ,NATURNO .NATURNS.,5,4,2050.0,2500.0,2275.0,5.55,6.8,6.17,20252,True
056045,H534,VT,RONCIGLIONE,4,3,750.0,1000.0,875.0,3.4,4.3,3.85,20252,True
039009,D121,RA,COTIGNOLA,3,3,825.0,1125.0,975.0,2.95,4.05,3.5,20252,True
101017,G508,KR,PETILIA POLICASTRO,6,6,380.0,460.0,420.0,1.1,1.4,1.25,20252,True
092090,L521,CA,UTA,4,2,850.0,1200.0,1025.0,3.25,4.4,3.83,20252,True
096012,B586,BI,CANDELO,5,2,372.5,542.5,457.5,2.45,3.45,2.95,20252,True
013036,B346,CO,CADORAGO,2,2,1250.0,1750.0,1500.0,3.6,5.4,4.5,20252,True
016089,D221,BG,CURNO,2,2,1325.0,1725.0,1525.0,6.35,7.3,6.83,20252,True
103035,E153,VB,GRAVELLONA TOCE,5,5,725.0,1050.0,887.5,2.6,3.7,3.15,20252,True
031002,D014,GO,CORMONS,4,4,580.0,710.0,645.0,2.6,3.5,3.0,20252,True
078015,A773,CS,BELVEDERE MARITTIMO,3,3,760.0,1100.0,930.0,2.95,4.2,3.58,20252,True
039004,B188,RA,BRISIGHELLA,3,3,875.0,1275.0,1075.0,3.25,4.75,4.0,20252,True
042050,M318,AN,TRECASTELLI,6,6,715.0,1050.0,882.5,2.2,3.15,2.68,20252,True
016016,A528,BG,AZZANO SAN PAOLO,4,3,930.0,1100.0,1015.0,5.1,5.9,5.5,20252,True
012029,B368,VA,CAIRATE,4,3,1050.0,1300.0,1175.0,3.5,5.2,4.35,20252,True
023043,E502,VR,LAZISE,6,5,1925.0,2700.0,2312.5,,,,20252,True
030100,H895,UD,SAN GIORGIO DI NOGARO,4,3,640.0,950.0,795.0,2.4,3.6,3.0,20252,True
010058,I640,GE,SERRA RICCO',5,5,710.0,1050.0,880.0,3.2,4.6,3.9,20252,True
034041,L299,PR,TORRILE,3,3,1100.0,1550.0,1325.0,3.9,5.8,4.85,20252,True
052009,C608,SI,CHIANCIANO TERME,5,4,465.0,680.0,572.5,1.5,2.1,1.8,20252,True
024070,F829,VI,MUSSOLENTE,3,2,800.0,1025.0,912.5,4.45,5.85,5.15,20252,True
065142,I720,SA,SIANO,4,4,670.0,940.0,805.0,1.3,1.9,1.6,20252,True
075006,A350,LE,ARADEO,3,3,390.0,530.0,460.0,1.5,2.0,1.75,20252,True
061047,E784,CE,MACERATA CAMPANIA,5,3,675.0,975.0,825.0,2.15,3.05,2.6,20252,True
038029,M410,FE,RIVA DEL PO,8,8,440.0,620.0,525.0,1.9,2.7,2.3,20252,True
023016,B304,VR,BUTTAPIETRA,3,1,970.0,1450.0,1210.0,,,,20252,True
028023,B795,PD,CARMIGNANO DI BRENTA,4,1,950.0,1200.0,1075.0,4.1,4.6,4.35,20252,True
023060,G945,VR,POVEGLIANO VERONESE,2,2,985.0,1400.0,1192.5,,,,20252,True
022022,B006,TN,BORGO VALSUGANA,3,1,1500.0,1900.0,1700.0,3.0,3.8,3.4,20252,True
024035,D107,VI,COSTABISSARA,5,5,820.0,1100.0,935.0,,,,20252,True
009006,A278,SV,ANDORA,10,8,2400.0,3550.0,2975.0,9.3,10.75,10.02,20252,True
108046,L704,MB,VEDANO AL LAMBRO,2,1,1700.0,2200.0,1950.0,7.5,9.5,8.5,20252,True
058068,F734,RM,MORLUPO,5,3,850.0,1250.0,1050.0,4.0,6.0,5.0,20252,True
021115,M067,BZ,VIPITENO .STERZING.,7,6,2200.0,2600.0,2400.0,7.35,9.75,8.55,20252,True
075026,D237,LE,CUTROFIANO,3,3,405.0,565.0,478.75,1.8,2.4,2.1,20252,True
016213,L118,BG,TERNO D'ISOLA,3,2,925.0,1225.0,1075.0,5.5,7.5,6.5,20252,True
047008,F025,PT,MASSA E COZZILE,5,5,1000.0,1300.0,1150.0,4.4,6.5,5.45,20252,True
020033,E962,MN,MARMIROLO,4,4,425.0,650.0,537.5,2.75,4.25,3.5,20252,True
082022,C067,PA,CASTELBUONO,4,4,490.0,660.0,575.0,1.5,2.0,1.75,20252,True
075036,E538,LE,LEQUILE,4,4,387.5,525.0,456.25,1.35,1.75,1.55,20252,True
108017,C395,MB,CAVENAGO DI BRIANZA,2,1,1250.0,1525.0,1387.5,5.2,6.35,5.78,20252,True
108029,E786,MB,MACHERIO,2,1,1450.0,1750.0,1600.0,6.0,8.5,7.25,20252,True
021037,E398,BZ,LACES .LATSCH.,4,3,2400.0,2800.0,2600.0,7.0,8.2,7.6,20252,True
037048,G643,BO,PIEVE DI CENTO,3,3,1300.0,1850.0,1575.0,6.9,9.95,8.43,20252,True
037056,I191,BO,SANT'AGATA BOLOGNESE,3,3,1375.0,1925.0,1650.0,7.5,11.15,9.32,20252,True
064025,C557,AV,CERVINARA,5,5,460.0,600.0,527.5,1.95,2.45,2.2,20252,True
058024,C237,RM,CASTELNUOVO DI PORTO,5,3,875.0,1300.0,1087.5,4.15,6.0,5.08,20252,True
021086,I431,BZ,SARENTINO .SARNTAL.,4,4,1800.0,2250.0,2025.0,4.15,5.25,4.7,20252,True
111067,H974,SU,SANLURI,3,2,750.0,1025.0,887.5,2.9,4.1,3.5,20252,True
088002,C612,RG,CHIARAMONTE GULFI,4,4,460.0,660.0,560.0,1.9,2.6,2.25,20252,True
102027,G722,VV,PIZZO,5,5,700.0,975.0,837.5,3.35,4.95,4.15,20252,True
019097,I827,CR,SONCINO,3,3,450.0,650.0,550.0,2.5,4.0,3.25,20252,True
080012,B098,RC,BOVALINO,4,4,490.0,710.0,595.0,1.6,2.4,2.0,20252,True
108006,A759,MB,BELLUSCO,3,1,1225.0,1475.0,1350.0,5.3,6.25,5.78,20252,True
074006,D422,BR,ERCHIE,3,2,500.0,550.0,525.0,2.0,2.35,2.17,20252,True
013245,L956,CO,VILLA GUARDIA,3,2,1100.0,1425.0,1262.5,3.9,4.6,4.25,20252,True
033038,H350,PC,RIVERGARO,4,4,700.0,1050.0,875.0,2.3,3.45,2.88,20252,True
001168,F931,TO,NONE,3,2,800.0,1200.0,1000.0,3.8,5.7,4.75,20252,True
111077,I647,SU,SERRAMANNA,3,2,575.0,825.0,700.0,2.45,3.25,2.85,20252,True
015191,H803,MI,SAN COLOMBANO AL LAMBRO,2,1,850.0,1100.0,975.0,3.8,5.3,4.55,20252,True
063030,D170,NA,CRISPANO,3,2,815.0,1250.0,1032.5,2.75,4.2,3.48,20252,True
087016,D623,CT,FIUMEFREDDO DI SICILIA,4,4,330.0,490.0,410.0,1.3,1.9,1.6,20252,True
020070,M125,MN,VOLTA MANTOVANA,4,3,450.0,625.0,537.5,3.0,4.15,3.58,20252,True
017002,A060,BS,ADRO,5,2,1125.0,1375.0,1250.0,3.75,4.65,4.2,20252,True
086018,L448,EN,TROINA,5,4,415.0,620.0,517.5,1.45,2.1,1.77,20252,True
023081,I775,VR,SOAVE,2,1,1045.0,1500.0,1272.5,,,,20252,True
036009,C398,MO,CAVEZZO,3,2,750.0,1050.0,900.0,3.45,5.05,4.25,20252,True
004012,A660,CN,BARGE,5,5,620.0,900.0,760.0,2.4,3.5,2.95,20252,True
087055,M139,CT,ZAFFERANA ETNEA,5,5,395.0,590.0,492.5,1.4,2.1,1.75,20252,True
017025,B102,BS,BOVEZZO,3,2,1475.0,1700.0,1587.5,4.6,5.45,5.03,20252,True
092015,D259,CA,DECIMOMANNU,4,2,975.0,1350.0,1162.5,3.75,5.0,4.38,20252,True
082009,A764,PA,BELMONTE MEZZAGNO,4,4,365.0,530.0,447.5,1.0,1.4,1.2,20252,True
020061,I632,MN,SERMIDE E FELONICA,4,4,325.0,450.0,387.5,2.0,2.95,2.47,20252,True
082005,A239,PA,ALTOFONTE,4,4,482.5,710.0,598.75,1.55,2.1,1.83,20252,True
015210,I696,MI,SETTALA,2,1,1375.0,1650.0,1512.5,5.7,7.45,6.58,20252,True
078150,L353,CS,TREBISACCE,2,2,530.0,720.0,625.0,1.8,2.7,2.25,20252,True
027039,I965,VE,STRA,3,3,900.0,1100.0,1000.0,,,,20252,True
028046,E684,PD,LOREGGIA,4,2,925.0,1125.0,1025.0,4.1,4.55,4.33,20252,True
098032,E651,LO,LODI VECCHIO,2,2,1070.0,1400.0,1235.0,5.25,7.3,6.28,20252,True
011004,A932,SP,BOLANO,5,5,900.0,1300.0,1100.0,4.0,5.5,4.75,20252,True
099011,F715,RN,MORCIANO DI ROMAGNA,4,4,1300.0,1825.0,1562.5,4.4,6.4,5.4,20252,True
034006,B042,PR,BORGO VAL DI TARO,3,3,420.0,610.0,515.0,1.15,1.65,1.4,20252,True
090033,E377,SS,ITTIRI,2,1,550.0,810.0,680.0,2.3,3.4,2.85,20252,True
047005,E432,PT,LAMPORECCHIO,4,4,1000.0,1350.0,1175.0,4.1,5.9,5.0,20252,True
054012,C744,PG,CITTA' DELLA PIEVE,5,5,535.0,800.0,667.5,1.85,2.75,2.3,20252,True
056048,I855,VT,SORIANO NEL CIMINO,4,3,600.0,900.0,750.0,3.4,4.3,3.85,20252,True
028082,I275,PD,SANT'ANGELO DI PIOVE DI SACCO,5,4,850.0,1025.0,937.5,3.45,3.95,3.7,20252,True
040018,E675,FC,LONGIANO,3,3,1200.0,1400.0,1300.0,4.1,4.7,4.4,20252,True
037003,A665,BO,BARICELLA,3,3,1065.0,1625.0,1345.0,5.95,8.45,7.2,20252,True
023006,A650,VR,BARDOLINO,5,4,2000.0,2900.0,2450.0,,,,20252,True
002049,D154,VC,CRESCENTINO,2,1,520.0,740.0,630.0,2.9,4.4,3.65,20252,True
078070,E773,CS,LUZZI,2,2,465.0,660.0,562.5,2.0,2.8,2.4,20252,True
048037,H635,FI,RUFINA,3,3,925.0,1375.0,1150.0,3.1,4.6,3.85,20252,True
013035,B313,CO,CABIATE,3,3,1000.0,1350.0,1175.0,3.1,4.6,3.85,20252,True
042006,B468,AN,CAMERANO,4,4,765.0,1100.0,932.5,2.4,3.55,2.98,20252,True
070010,B550,CB,CAMPOMARINO,3,3,570.0,855.0,712.5,2.0,3.0,2.5,20252,True
013206,H840,CO,SAN FERMO DELLA BATTAGLIA,4,3,1100.0,1450.0,1275.0,3.8,5.2,4.5,20252,True
017059,C893,BS,COLOGNE,3,2,980.0,1175.0,1077.5,3.35,4.15,3.75,20252,True
016143,F791,BG,MOZZO,4,2,1150.0,1700.0,1425.0,6.0,7.75,6.88,20252,True
015024,A872,MI,BINASCO,3,2,1275.0,1500.0,1387.5,5.35,6.45,5.9,20252,True
015179,H026,MI,PREGNANA MILANESE,2,2,1350.0,1725.0,1537.5,6.1,7.85,6.98,20252,True
016120,E219,BG,GRUMELLO DEL MONTE,4,1,950.0,1325.0,1137.5,4.8,6.95,5.88,20252,True
078040,C588,CS,CETRARO,3,3,570.0,850.0,710.0,2.35,3.45,2.9,20252,True
056024,D452,VT,FABRICA DI ROMA,3,2,575.0,850.0,712.5,3.4,4.7,4.05,20252,True
089015,G267,SR,PALAZZOLO ACREIDE,5,5,520.0,730.0,620.0,1.8,2.6,2.2,20252,True
011031,L819,SP,VEZZANO LIGURE,4,4,975.0,1450.0,1212.5,4.75,6.75,5.75,20252,True
045014,G870,MS,PONTREMOLI,2,2,610.0,900.0,755.0,3.7,5.5,4.6,20252,True
001047,B435,TO,CALUSO,6,4,510.0,760.0,635.0,2.8,4.2,3.5,20252,True
014018,C623,SO,CHIAVENNA,6,5,1250.0,1550.0,1400.0,3.8,4.8,4.4,20252,True
078079,F125,CS,MENDICINO,3,3,485.0,670.0,577.5,1.9,2.55,2.23,20252,True
111062,H856,SU,SAN GAVINO MONREALE,3,2,575.0,800.0,687.5,2.5,3.5,3.0,20252,True
099023,F137,RN,NOVAFELTRIA,5,5,865.0,1225.0,1045.0,3.1,4.0,3.55,20252,True
077008,D547,MT,FERRANDINA,6,6,600.0,900.0,750.0,2.4,3.1,2.75,20252,True
012046,C300,VA,CASTIGLIONE OLONA,3,2,1175.0,1425.0,1300.0,3.8,5.6,4.7,20252,True
098061,M158,LO,ZELO BUON PERSICO,2,2,1475.0,1825.0,1650.0,5.25,7.2,6.22,20252,True
063081,I978,NA,STRIANO,3,3,650.0,1000.0,825.0,2.2,3.3,2.75,20252,True
016232,L752,BG,VERDELLINO,3,2,810.0,1000.0,905.0,3.9,5.05,4.47,20252,True
031023,I939,GO,STARANZANO,3,3,740.0,895.0,817.5,3.25,4.2,3.72,20252,True
045007,D629,MS,FIVIZZANO,4,4,535.0,800.0,667.5,,,,20252,True
001139,E758,TO,LUSERNA SAN GIOVANNI,5,3,500.0,750.0,625.0,3.3,4.9,4.1,20252,True
028080,I207,PD,SANTA GIUSTINA IN COLLE,4,2,1000.0,1200.0,1100.0,4.2,4.8,4.5,20252,True
002156,L669,VC,VARALLO,3,2,530.0,785.0,657.5,2.85,4.2,3.52,20252,True
060025,C479,FR,CEPRANO,5,4,450.0,640.0,545.0,2.4,3.45,2.92,20252,True
089019,I864,SR,SORTINO,3,3,410.0,580.0,490.0,1.5,2.2,1.85,20252,True
053014,E875,GR,MANCIANO,6,6,940.0,1400.0,1170.0,3.1,4.3,3.7,20252,True
087037,H168,CT,RAMACCA,3,3,270.0,400.0,335.0,0.95,1.4,1.18,20252,True
073010,E537,TA,LEPORANO,4,3,475.0,710.0,592.5,2.5,3.7,3.1,20252,True
015044,B461,MI,CAMBIAGO,3,2,1200.0,1400.0,1300.0,4.55,6.2,5.38,20252,True
034015,D673,PR,FONTANELLATO,3,3,970.0,1350.0,1160.0,3.7,5.25,4.47,20252,True
028039,D879,PD,GALLIERA VENETA,4,1,900.0,1150.0,1025.0,3.8,4.2,4.0,20252,True
043028,F482,MC,MONTECOSARO,4,4,775.0,1200.0,987.5,3.2,4.7,3.95,20252,True
084010,B520,AG,CAMPOBELLO DI LICATA,3,2,320.0,475.0,397.5,1.3,1.95,1.62,20252,True
080007,A552,RC,BAGNARA CALABRA,4,4,575.0,825.0,700.0,1.8,2.55,2.17,20252,True
052035,L303,SI,TORRITA DI SIENA,4,4,695.0,1010.0,852.5,2.25,3.3,2.77,20252,True
043031,F621,MC,MONTE SAN GIUSTO,5,5,710.0,1000.0,855.0,2.3,3.4,2.85,20252,True
028107,M402,PD,BORGO VENETO,5,3,900.0,1100.0,990.0,3.4,3.7,3.55,20252,True
025048,I206,BL,SANTA GIUSTINA,4,4,810.0,960.0,885.0,2.9,3.6,3.25,20252,True
001316,M316,TO,MAPPANO,2,1,935.0,1400.0,1167.5,4.75,7.1,5.92,20252,True
060046,G276,FR,PALIANO,4,4,360.0,502.5,431.25,1.9,2.55,2.22,20252,True
009052,H126,SV,QUILIANO,3,3,1300.0,1800.0,1600.0,3.4,3.9,3.65,20252,True
087053,L828,CT,VIAGRANDE,3,3,645.0,880.0,762.5,2.25,3.05,2.65,20252,True
017045,C332,BS,CASTREZZATO,2,1,950.0,1200.0,1075.0,3.1,4.0,3.55,20252,True
028036,D226,PD,CURTAROLO,4,2,950.0,1150.0,1050.0,4.0,4.3,4.15,20252,True
065154,L628,SA,VALLO DELLA LUCANIA,5,5,805.0,1100.0,952.5,2.35,3.45,2.9,20252,True
073020,G251,TA,PALAGIANELLO,3,2,600.0,780.0,690.0,2.7,3.7,3.17,20252,True
015226,L471,MI,TURBIGO,2,1,800.0,1150.0,975.0,4.0,5.5,4.75,20252,True
072044,L220,BA,TORITTO,4,2,700.0,950.0,825.0,2.4,3.3,2.85,20252,True
070003,A930,CB,BOJANO,3,3,420.0,630.0,525.0,2.15,3.05,2.6,20252,True
017149,G859,BS,PONTEVICO,4,3,760.0,980.0,870.0,2.2,3.5,2.85,20252,True
097059,G030,LC,OLGINATE,4,4,925.0,1225.0,1075.0,3.7,4.8,4.3,20252,True
030079,G966,UD,POZZUOLO DEL FRIULI,4,3,650.0,900.0,770.0,2.4,3.6,3.0,20252,True
017062,D058,BS,CORTE FRANCA,5,3,1050.0,1250.0,1150.0,3.5,4.3,3.9,20252,True
020052,H541,MN,RONCOFERRARO,8,8,425.0,550.0,487.5,2.75,3.65,3.2,20252,True
081025,M432,TP,MISILISCEMI,3,1,485.0,725.0,605.0,1.8,2.65,2.23,20252,True
063009,B077,NA,BOSCOTRECASE,4,3,660.0,1000.0,830.0,2.2,3.3,2.75,20252,True
030057,E982,UD,MARTIGNACCO,4,3,750.0,1000.0,875.0,2.4,3.4,2.9,20252,True
075065,H708,LE,SALICE SALENTINO,3,3,440.0,620.0,530.0,1.8,2.5,2.15,20252,True
065108,H431,SA,ROCCAPIEMONTE,6,6,590.0,830.0,710.0,1.3,1.9,1.6,20252,True
004082,D372,CN,DRONERO,6,6,665.0,980.0,820.0,2.4,3.5,2.95,20252,True
040020,F139,FC,MERCATO SARACENO,3,3,950.0,1250.0,1100.0,3.3,4.35,3.83,20252,True
044071,I912,AP,SPINETOLI,4,4,600.0,850.0,725.0,2.4,3.6,3.0,20252,True
082004,A229,PA,ALTAVILLA MILICIA,5,4,555.0,745.0,650.0,1.7,2.3,2.0,20252,True
061029,C561,CE,CESA,6,3,650.0,975.0,812.5,2.1,3.1,2.6,20252,True
025072,M375,BL,ALPAGO,9,8,710.0,910.0,800.0,2.5,3.2,2.85,20252,True
058054,E900,RM,MANZIANA,4,2,875.0,1225.0,1050.0,3.8,5.4,4.6,20252,True
063046,F162,NA,META,3,3,2250.0,3450.0,2850.0,6.55,10.05,8.3,20252,True
027017,D748,VE,FOSSO',6,3,750.0,1050.0,875.0,,,,20252,True
031008,E124,GO,GRADISCA D'ISONZO,3,3,780.0,890.0,835.0,3.2,4.1,3.65,20252,True
037062,M369,BO,ALTO RENO TERME,5,5,700.0,950.0,825.0,3.85,5.5,4.67,20252,True
035029,G947,RE,POVIGLIO,4,3,550.0,800.0,675.0,2.2,3.15,2.68,20252,True
027027,F963,VE,NOVENTA DI PIAVE,3,1,1000.0,1300.0,1150.0,,,,20252,True
080065,H359,RC,RIZZICONI,4,4,350.0,490.0,420.0,1.3,1.7,1.5,20252,True
028015,B213,PD,BRUGINE,4,2,865.0,1025.0,945.0,3.1,3.65,3.38,20252,True
095079,B068,OR,BOSA,4,3,1225.0,1550.0,1387.5,3.0,4.4,3.7,20252,True
024122,M199,VI,ZUGLIANO,4,3,825.0,960.0,897.5,4.6,5.6,5.1,20252,True
017156,H078,BS,PROVAGLIO D'ISEO,4,2,1175.0,1525.0,1350.0,3.95,5.15,4.55,20252,True
063070,I151,NA,SAN SEBASTIANO AL VESUVIO,5,4,1350.0,2075.0,1712.5,4.5,6.9,5.7,20252,True
060014,A720,FR,BOVILLE ERNICA,4,4,437.5,610.0,523.75,1.7,2.3,2.0,20252,True
077031,M256,MT,SCANZANO JONICO,6,6,675.0,1025.0,850.0,2.4,3.35,2.88,20252,True
016132,E901,BG,MAPELLO,4,3,900.0,1400.0,1150.0,4.0,6.0,5.0,20252,True
110006,F220,BT,MINERVINO MURGE,6,5,495.0,710.0,607.5,1.9,2.6,2.25,20252,True
037036,B689,BO,MARZABOTTO,7,6,800.0,1150.0,975.0,4.0,6.5,5.1,20252,True
004040,B719,CN,CARAGLIO,3,3,750.0,1100.0,925.0,2.2,3.2,2.7,20252,True
043026,F454,MC,MONTECASSIANO,3,3,780.0,1150.0,965.0,2.6,3.9,3.25,20252,True
027002,B493,VE,CAMPAGNA LUPIA,4,1,725.0,1100.0,912.5,,,,20252,True
062001,A110,BN,AIROLA,4,4,500.0,675.0,587.5,2.35,3.4,2.85,20252,True
067011,C128,TE,CASTELLALTO,4,4,485.0,725.0,605.0,1.7,2.55,2.12,20252,True
034007,B293,PR,BUSSETO,2,2,627.5,915.0,771.25,2.3,2.9,2.6,20252,True
099029,M368,RN,MONTESCUDO-MONTE COLOMBO,8,8,1100.0,1475.0,1287.5,4.0,5.45,4.72,20252,True
020055,H771,MN,SAN BENEDETTO PO,4,4,400.0,600.0,500.0,2.65,3.9,3.27,20252,True
016193,I437,BG,SARNICO,2,2,1250.0,1600.0,1425.0,5.2,7.2,6.2,20252,True
075068,H793,LE,SAN CESARIO DI LECCE,3,3,650.0,850.0,750.0,2.5,2.9,2.65,20252,True
012134,L703,VA,VEDANO OLONA,5,3,1050.0,1350.0,1200.0,3.5,5.1,4.3,20252,True
082017,B532,PA,CAMPOFELICE DI ROCCELLA,5,2,625.0,885.0,755.0,2.15,3.0,2.58,20252,True
015194,H884,MI,SAN GIORGIO SU LEGNANO,2,1,1000.0,1500.0,1250.0,4.6,7.0,5.8,20252,True
041066,L498,PU,URBANIA,4,4,705.0,900.0,802.5,2.6,3.7,3.15,20252,True
004061,C466,CN,CENTALLO,4,4,825.0,1225.0,1025.0,2.7,3.7,3.2,20252,True
036036,H794,MO,SAN CESARIO SUL PANARO,4,4,950.0,1350.0,1150.0,3.5,5.1,4.3,20252,True
052002,A461,SI,ASCIANO,5,4,805.0,1200.0,1002.5,2.75,3.8,3.28,20252,True
108005,A668,MB,BARLASSINA,2,1,1000.0,1550.0,1275.0,4.0,5.8,4.9,20252,True
016169,G853,BG,PONTERANICA,2,1,1250.0,1450.0,1350.0,6.0,7.8,6.9,20252,True
014037,E621,SO,LIVIGNO,5,5,3250.0,4000.0,3625.0,8.5,11.4,9.95,20252,True
017136,G361,BS,PASSIRANO,6,4,1100.0,1400.0,1250.0,3.6,4.3,3.95,20252,True
020039,G417,MN,PEGOGNAGA,3,3,425.0,575.0,500.0,2.75,3.75,3.25,20252,True
063014,B696,NA,CAPRI,4,4,4850.0,7400.0,6125.0,12.15,18.5,15.32,20252,True
038014,F156,FE,MESOLA,5,5,520.0,710.0,615.0,3.1,3.95,3.52,20252,True
015184,H373,MI,ROBECCO SUL NAVIGLIO,4,3,900.0,1300.0,1100.0,3.8,5.2,4.5,20252,True
068021,E691,PE,LORETO APRUTINO,3,3,445.0,665.0,555.0,1.9,2.8,2.35,20252,True
018041,C360,PV,CAVA MANARA,3,2,950.0,1250.0,1100.0,3.0,4.1,3.55,20252,True
030013,B259,UD,BUJA,4,2,630.0,860.0,745.0,2.4,3.4,2.9,20252,True
071059,L842,FG,VICO DEL GARGANO,5,4,650.0,925.0,787.5,2.2,3.1,2.67,20252,True
083105,L950,ME,VILLAFRANCA TIRRENA,3,3,650.0,950.0,805.0,2.8,4.2,3.5,20252,True
010011,B939,GE,CASARZA LIGURE,2,2,1300.0,1900.0,1600.0,4.7,6.9,5.8,20252,True
042044,I461,AN,SASSOFERRATO,3,3,405.0,580.0,492.5,1.3,1.9,1.6,20252,True
012137,L734,VA,VENEGONO SUPERIORE,5,3,1050.0,1350.0,1200.0,3.5,5.1,4.3,20252,True
024015,B143,VI,BRENDOLA,5,5,710.0,920.0,815.0,,,,20252,True
018137,I014,PV,SAN MARTINO SICCOMARIO,3,3,1100.0,1400.0,1250.0,2.35,3.05,2.7,20252,True
067028,F690,TE,MONTORIO AL VOMANO,5,4,530.0,780.0,657.5,1.8,2.6,2.2,20252,True
042030,F634,AN,MONTE SAN VITO,3,3,800.0,1175.0,987.5,2.5,3.25,2.88,20252,True
040005,C339,FC,CASTROCARO TERME E TERRA DEL SOLE,3,3,950.0,1350.0,1150.0,3.3,4.5,3.9,20252,True
066075,H007,AQ,PRATOLA PELIGNA,2,2,340.0,502.5,421.25,1.15,1.6,1.38,20252,True
060026,C545,FR,CERVARO,5,5,390.0,490.0,440.0,1.9,2.7,2.3,20252,True
029040,H573,RO,ROSOLINA,5,5,850.0,1100.0,975.0,3.2,4.0,3.6,20252,True
037017,C185,BO,CASTELLO D'ARGILE,6,6,1200.0,1550.0,1387.5,7.0,9.0,8.0,20252,True
046013,D730,LU,FORTE DEI MARMI,5,5,3350.0,5000.0,4175.0,9.45,13.85,11.65,20252,True
059029,I832,LT,SONNINO,4,4,495.0,735.0,615.0,2.6,3.8,3.2,20252,True
049018,I390,LI,SAN VINCENZO,8,7,2100.0,2875.0,2487.5,8.7,12.0,10.35,20252,True
020038,G186,MN,OSTIGLIA,4,3,375.0,550.0,462.5,2.4,3.55,2.97,20252,True
036021,F087,MO,MEDOLLA,2,1,900.0,1300.0,1100.0,4.3,6.3,5.3,20252,True
041036,F533,PU,MONTELABBATE,6,5,1050.0,1325.0,1187.5,3.15,4.05,3.6,20252,True
067006,A746,TE,BELLANTE,3,3,470.0,695.0,582.5,1.6,2.35,1.98,20252,True
108051,B289,MB,BUSNAGO,2,1,1350.0,1700.0,1525.0,5.5,6.75,6.12,20252,True
046004,B007,LU,BORGO A MOZZANO,5,5,625.0,900.0,762.5,2.1,3.0,2.55,20252,True
079127,I590,CZ,SELLIA MARINA,6,6,495.0,585.0,540.0,2.25,2.55,2.4,20252,True
015007,A375,MI,ARCONATE,2,1,1050.0,1600.0,1325.0,4.6,6.5,5.55,20252,True
028087,I799,PD,SOLESINO,4,3,860.0,1000.0,930.0,3.9,4.5,4.2,20252,True
037025,D360,BO,DOZZA,4,4,1175.0,1525.0,1350.0,6.0,8.0,7.0,20252,True
030188,M317,UD,RIVIGNANO TEOR,5,3,685.0,975.0,842.5,2.45,3.65,3.05,20252,True
108018,C512,MB,CERIANO LAGHETTO,5,3,1100.0,1500.0,1300.0,3.7,5.0,4.35,20252,True
012068,D543,VA,FERNO,3,2,1125.0,1475.0,1300.0,3.7,5.45,4.57,20252,True
018035,C038,PV,CASSOLNOVO,2,1,607.5,707.5,657.5,4.5,5.1,4.8,20252,True
004240,L804,CN,VERZUOLO,3,3,750.0,1100.0,925.0,3.0,4.0,3.5,20252,True
092050,H088,CA,PULA,7,3,1500.0,2200.0,1850.0,6.0,8.0,7.0,20252,True
018150,E265,PV,SIZIANO,2,1,1200.0,1475.0,1337.5,4.9,5.7,5.3,20252,True
063091,M280,NA,TRECASE,3,2,955.0,1475.0,1215.0,3.3,5.1,4.2,20252,True
024119,M145,VI,ZANE',5,5,710.0,870.0,790.0,4.4,5.4,4.9,20252,True
087048,I314,CT,SANTA VENERINA,4,4,395.0,585.0,490.0,1.35,2.0,1.68,20252,True
019102,I914,CR,SPINO D'ADDA,2,2,700.0,1000.0,850.0,4.5,6.5,5.5,20252,True
010009,B551,GE,CAMPOMORONE,3,3,640.0,905.0,772.5,3.3,4.85,4.07,20252,True
058093,H658,RM,SACROFANO,4,3,950.0,1375.0,1162.5,4.15,6.0,5.08,20252,True
024009,A465,VI,ASIAGO,3,3,1600.0,1900.0,1750.0,,,,20252,True
075055,F970,LE,NOVOLI,4,4,465.0,590.0,512.5,1.8,2.4,2.1,20252,True
015177,G955,MI,POZZO D'ADDA,3,2,1150.0,1400.0,1275.0,4.6,6.3,5.45,20252,True
008063,L599,IM,VALLECROSIA,7,7,1700.0,2500.0,2100.0,5.0,7.2,6.1,20252,True
018176,L854,PV,VIDIGULFO,2,1,1040.0,1375.0,1207.5,4.4,5.6,5.0,20252,True
033037,G852,PC,PONTENURE,3,3,650.0,950.0,800.0,2.1,3.1,2.6,20252,True
024098,I430,VI,SAREGO,4,1,870.0,970.0,920.0,,,,20252,True
108003,A159,MB,ALBIATE,3,1,1050.0,1600.0,1325.0,5.2,7.3,6.25,20252,True
081014,G315,TP,PANTELLERIA,5,4,1275.0,1875.0,1575.0,3.85,5.65,4.75,20252,True
064038,E206,AV,GROTTAMINARDA,4,4,515.0,655.0,585.0,2.55,3.15,2.85,20252,True
037044,F706,BO,MONZUNO,5,4,740.0,1075.0,907.5,4.2,5.0,4.6,20252,True
067008,B515,TE,CAMPLI,4,4,410.0,610.0,510.0,1.4,2.05,1.73,20252,True
001166,F925,TO,NOLE,3,1,725.0,1090.0,907.5,3.35,5.0,4.17,20252,True
051042,M392,AR,LATERINA PERGINE VALDARNO,3,3,850.0,1200.0,1025.0,2.9,4.2,3.55,20252,True
063003,A068,NA,AGEROLA,4,3,860.0,1325.0,1092.5,2.85,4.4,3.62,20252,True
030055,E899,UD,MANZANO,4,2,650.0,900.0,775.0,2.4,3.6,3.0,20252,True
040032,H017,FC,PREDAPPIO,3,3,1025.0,1350.0,1175.0,3.5,4.4,3.95,20252,True
018037,C053,PV,CASTEGGIO,2,1,815.0,1035.0,925.0,3.0,3.5,3.25,20252,True
020042,G753,MN,POGGIO RUSCO,3,3,400.0,550.0,475.0,2.5,3.5,3.0,20252,True
063004,A268,NA,ANACAPRI,3,2,4100.0,6250.0,5175.0,10.25,15.65,12.95,20252,True
092037,E903,CA,MARACALAGONIS,6,4,950.0,1300.0,1125.0,3.5,4.9,4.2,20252,True
024013,A954,VI,BOLZANO VICENTINO,4,2,820.0,1010.0,915.0,,,,20252,True
017150,G869,BS,PONTOGLIO,3,3,840.0,1150.0,995.0,2.9,3.9,3.4,20252,True
101012,D236,KR,CUTRO,4,4,525.0,655.0,590.0,1.5,2.0,1.75,20252,True
016240,L936,BG,VILLA DI SERIO,2,1,1040.0,1190.0,1115.0,3.15,4.1,3.62,20252,True
054053,L216,PG,TORGIANO,6,6,430.0,640.0,535.0,1.5,2.2,1.85,20252,True
016006,A216,BG,ALMENNO SAN BARTOLOMEO,3,2,915.0,1250.0,1107.5,4.15,5.85,5.07,20252,True
061090,I993,CE,SUCCIVO,3,2,600.0,900.0,750.0,2.0,3.0,2.5,20252,True
016239,A215,BG,VILLA D'ALME',3,3,990.0,1200.0,1095.0,5.0,6.7,5.85,20252,True
016117,E148,BG,GRASSOBBIO,3,3,1050.0,1550.0,1300.0,5.9,6.8,6.35,20252,True
061021,B935,CE,CASAPULLA,3,2,700.0,1050.0,875.0,2.1,3.1,2.6,20252,True
015247,M176,MI,ZIBIDO SAN GIACOMO,2,1,1450.0,1900.0,1675.0,5.6,7.4,6.5,20252,True
026070,H706,TV,SALGAREDA,5,5,1000.0,1150.0,1075.0,3.6,5.2,4.4,20252,True
035021,D450,RE,FABBRICO,3,2,625.0,915.0,770.0,2.4,3.6,3.0,20252,True
016115,E103,BG,GORLE,4,3,1300.0,1700.0,1500.0,6.2,7.3,6.75,20252,True
066028,C096,AQ,CASTEL DI SANGRO,3,3,910.0,1325.0,1117.5,2.75,4.05,3.4,20252,True
061020,B916,CE,CASALUCE,2,1,650.0,950.0,800.0,1.9,2.85,2.38,20252,True
020031,E922,MN,MARCARIA,8,8,375.0,575.0,475.0,2.4,3.75,3.08,20252,True
012033,B796,VA,CARNAGO,3,2,1050.0,1350.0,1200.0,3.5,5.1,4.3,20252,True
064057,F546,AV,MONTELLA,5,5,467.5,590.0,528.75,2.25,2.65,2.45,20252,True
051037,I991,AR,SUBBIANO,2,2,850.0,1100.0,975.0,2.9,3.9,3.4,20252,True
013048,B851,CO,CARUGO,2,1,1125.0,1475.0,1300.0,3.5,5.05,4.28,20252,True
021108,L595,BZ,VALLE AURINA .AHRNTAL.,4,4,2100.0,2400.0,2250.0,5.75,7.0,6.38,20252,True
078058,D828,CS,FUSCALDO,3,3,440.0,620.0,530.0,1.9,2.65,2.28,20252,True
017155,H055,BS,PREVALLE,4,2,965.0,1175.0,1070.0,3.4,4.05,3.72,20252,True
062074,L086,BN,TELESE TERME,2,2,650.0,900.0,775.0,2.6,3.9,3.25,20252,True
075010,B413,LE,CALIMERA,3,3,415.0,610.0,512.5,1.6,2.3,1.95,20252,True
030190,M400,UD,FIUMICELLO VILLA VICENTINA,5,3,600.0,860.0,730.0,2.5,3.7,3.1,20252,True
016031,A962,BG,BONATE SOTTO,4,1,925.0,1275.0,1100.0,4.45,5.8,5.12,20252,True
091063,G119,NU,OROSEI,5,3,1150.0,1550.0,1325.0,2.8,4.2,3.5,20252,True
052001,A006,SI,ABBADIA SAN SALVATORE,3,3,700.0,1000.0,850.0,2.2,3.2,2.75,20252,True
023004,A374,VR,ARCOLE,3,1,660.0,980.0,820.0,,,,20252,True
082014,B315,PA,CACCAMO,4,4,312.5,442.5,377.5,1.4,1.65,1.53,20252,True
063019,B924,NA,CASAMICCIOLA TERME,4,4,1500.0,2300.0,1900.0,4.4,6.7,5.55,20252,True
083106,M210,ME,TERME VIGLIATORE,2,2,650.0,950.0,800.0,2.35,3.45,2.9,20252,True
001068,C307,TO,CASTIGLIONE TORINESE,3,1,750.0,1125.0,937.5,4.1,6.15,5.12,20252,True
093043,I686,PN,SESTO AL REGHENA,5,5,650.0,825.0,737.5,2.5,3.7,3.1,20252,True
083033,E043,ME,GIOIOSA MAREA,4,4,615.0,890.0,752.5,2.3,3.2,2.75,20252,True
030037,D461,UD,FAGAGNA,4,2,700.0,990.0,825.0,2.5,3.7,3.1,20252,True
003049,C483,NO,CERANO,4,3,635.0,930.0,782.5,2.25,3.2,2.72,20252,True
035023,E232,RE,GUALTIERI,5,5,710.0,880.0,800.0,3.0,3.75,3.38,20252,True
002148,L429,VC,TRINO,3,2,350.0,512.5,431.25,2.1,3.1,2.6,20252,True
042035,F401,AN,OSTRA,4,4,640.0,825.0,732.5,2.2,2.95,2.58,20252,True
015248,L928,MI,VILLA CORTESE,3,1,1250.0,1450.0,1350.0,4.6,5.7,5.15,20252,True
068022,E892,PE,MANOPPELLO,3,3,535.0,800.0,667.5,2.1,3.1,2.6,20252,True
021042,E457,BZ,LASA .LAAS.,3,2,2175.0,2650.0,2412.5,5.45,7.05,6.25,20252,True
013003,A143,CO,ALBAVILLA,3,2,900.0,1325.0,1112.5,3.25,4.45,3.85,20252,True
097058,G026,LC,OLGIATE MOLGORA,3,3,900.0,1175.0,1037.5,3.5,4.65,4.08,20252,True
025016,A266,BL,CORTINA D'AMPEZZO,4,4,7350.0,10300.0,8825.0,17.05,22.9,19.98,20252,True
024124,M401,VI,BARBARANO MOSSANO,5,5,870.0,970.0,895.0,,,,20252,True
093009,B598,PN,CANEVA,3,3,650.0,850.0,750.0,2.5,3.7,3.1,20252,True
024084,H214,VI,RECOARO TERME,3,3,750.0,850.0,800.0,,,,20252,True
019076,G721,CR,PIZZIGHETTONE,3,3,500.0,650.0,575.0,3.25,4.25,3.75,20252,True
036034,H195,MO,RAVARINO,3,3,700.0,1050.0,875.0,2.9,4.2,3.55,20252,True
023064,H540,VR,RONCO ALL'ADIGE,2,2,600.0,890.0,745.0,,,,20252,True
006009,A436,AL,ARQUATA SCRIVIA,5,4,410.0,615.0,512.5,2.4,3.6,3.0,20252,True
027022,F130,VE,MEOLO,4,3,800.0,1000.0,900.0,,,,20252,True
017159,H140,BS,QUINZANO D'OGLIO,3,2,960.0,1250.0,1105.0,3.25,3.8,3.52,20252,True
015134,E921,MI,MARCALLO CON CASONE,3,3,1200.0,1500.0,1350.0,3.7,5.5,4.5,20252,True
001006,A218,TO,ALMESE,2,1,810.0,1215.0,1012.5,4.25,6.35,5.3,20252,True
087052,L658,CT,VALVERDE,3,3,592.5,870.0,731.25,2.1,3.1,2.6,20252,True
097071,G223,LC,ROBBIATE,4,4,950.0,1225.0,1087.5,3.8,5.1,4.45,20252,True
047006,E451,PT,LARCIANO,4,4,1000.0,1350.0,1175.0,4.0,5.6,4.8,20252,True
065021,B476,SA,CAMEROTA,5,5,865.0,1150.0,1007.5,2.65,3.85,3.25,20252,True
037041,F597,BO,MONTERENZIO,3,3,950.0,1225.0,1087.5,5.75,7.75,6.75,20252,True
024060,F442,VI,MONTEBELLO VICENTINO,5,5,710.0,920.0,815.0,,,,20252,True
109017,F520,FM,MONTEGIORGIO,3,3,540.0,790.0,665.0,2.15,3.4,2.78,20252,True
065146,D292,SA,TEGGIANO,3,3,510.0,740.0,625.0,2.0,2.7,2.35,20252,True
043041,F567,MC,POLLENZA,4,4,575.0,900.0,737.5,2.5,4.3,3.4,20252,True
030101,H906,UD,SAN GIOVANNI AL NATISONE,6,4,650.0,900.0,775.0,2.4,3.6,3.0,20252,True
087031,F890,CT,NICOLOSI,4,4,490.0,710.0,600.0,1.7,2.5,2.1,20252,True
100007,L775,PO,VERNIO,3,3,800.0,1125.0,962.5,3.35,4.8,4.08,20252,True
013028,B134,CO,BREGNANO,3,2,1025.0,1300.0,1162.5,3.4,4.45,3.92,20252,True
075093,L776,LE,VERNOLE,7,7,390.0,520.0,457.5,1.6,2.0,1.8,20252,True
018013,A741,PV,BELGIOIOSO,2,1,830.0,1075.0,952.5,2.6,3.3,2.95,20252,True
016028,A937,BG,BOLGARE,3,1,815.0,1100.0,957.5,3.55,4.8,4.17,20252,True
060010,A433,FR,ARPINO,3,3,310.0,440.0,375.0,,,,20252,True
038017,G184,FE,OSTELLATO,4,4,515.0,730.0,617.5,2.6,3.5,3.05,20252,True
067032,F942,TE,NOTARESCO,5,5,500.0,750.0,625.0,1.65,2.45,2.05,20252,True
058056,E924,RM,MARCELLINA,2,1,800.0,1150.0,975.0,4.15,6.15,5.15,20252,True
077018,A942,MT,NOVA SIRI,4,4,430.0,640.0,535.0,1.3,3.0,2.15,20252,True
001045,B305,TO,BUTTIGLIERA ALTA,5,3,845.0,1250.0,1047.5,3.75,5.6,4.67,20252,True
065106,H394,SA,ROCCADASPIDE,6,6,520.0,715.0,617.5,1.45,1.95,1.7,20252,True
064007,A508,AV,AVELLA,3,3,580.0,705.0,642.5,2.45,2.9,2.68,20252,True
061037,D799,CE,FRIGNANO,4,2,625.0,875.0,750.0,1.95,2.9,2.42,20252,True
021017,B570,BZ,CAMPO TURES .SAND IN TAUFERS.,5,4,2400.0,2650.0,2525.0,6.0,6.65,6.33,20252,True
027007,C422,VE,CEGGIA,3,2,800.0,1000.0,900.0,,,,20252,True
025075,M437,BL,SETTEVILLE,7,7,635.0,785.0,697.5,1.9,2.85,2.38,20252,True
043007,B474,MC,CAMERINO,3,3,500.0,950.0,725.0,1.7,3.2,2.45,20252,True
028033,C812,PD,CODEVIGO,4,1,880.0,1000.0,940.0,3.3,3.6,3.45,20252,True
081024,M281,TP,PETROSINO,4,3,550.0,825.0,687.5,2.0,2.9,2.45,20252,True
035034,H298,RE,RIO SALICETO,2,2,650.0,950.0,800.0,2.4,3.3,2.85,20252,True
050005,B647,PI,CAPANNOLI,3,3,900.0,1200.0,1095.0,3.15,4.4,3.77,20252,True
065005,A230,SA,ALTAVILLA SILENTINA,4,4,650.0,900.0,775.0,1.9,2.7,2.3,20252,True
032004,D324,TS,SAN DORLIGO DELLA VALLE,3,3,1250.0,1550.0,1400.0,4.4,6.4,5.4,20252,True
087044,I098,CT,SAN PIETRO CLARENZA,4,4,540.0,795.0,667.5,1.9,2.8,2.35,20252,True
017041,C072,BS,CASTELCOVATI,3,2,865.0,1125.0,995.0,3.0,3.7,3.35,20252,True
015099,D244,MI,DAIRAGO,2,1,1250.0,1500.0,1375.0,5.0,6.9,5.95,20252,True
058023,C203,RM,CASTEL MADAMA,3,2,800.0,1200.0,1000.0,3.55,5.15,4.35,20252,True
018078,E437,PV,LANDRIANO,2,1,1050.0,1300.0,1175.0,4.6,6.7,5.65,20252,True
001269,I970,TO,STRAMBINO,7,5,480.0,720.0,600.0,2.8,4.2,3.5,20252,True
061100,M092,CE,VITULAZIO,6,2,525.0,775.0,650.0,1.7,2.55,2.12,20252,True
024028,C119,VI,CASTELGOMBERTO,3,2,795.0,1010.0,902.5,,,,20252,True
075044,F109,LE,MELISSANO,3,3,355.0,520.0,437.5,1.3,1.9,1.6,20252,True
035038,I123,RE,SAN POLO D'ENZA,3,3,650.0,850.0,750.0,2.4,3.3,2.85,20252,True
090067,I614,SS,SENNORI,4,2,550.0,820.0,685.0,2.3,3.4,2.85,20252,True
108011,B187,MB,BRIOSCO,2,1,1100.0,1450.0,1275.0,4.6,6.8,5.7,20252,True
023023,C370,VR,CAVAION VERONESE,3,2,1925.0,2625.0,2275.0,,,,20252,True
028076,H897,PD,SAN GIORGIO IN BOSCO,3,2,950.0,1150.0,1050.0,4.1,4.4,4.25,20252,True
057016,C746,RI,CITTADUCALE,4,2,625.0,890.0,757.5,3.1,4.2,3.65,20252,True
103075,L906,VB,VILLADOSSOLA,5,5,650.0,975.0,812.5,2.7,3.7,3.2,20252,True
036039,I133,MO,SAN PROSPERO,3,3,800.0,1150.0,975.0,3.4,5.0,4.2,20252,True
034031,H682,PR,SALA BAGANZA,3,3,870.0,1200.0,1035.0,2.5,3.7,3.1,20252,True
061089,I885,CE,SPARANISE,4,3,500.0,750.0,625.0,1.7,2.5,2.1,20252,True
076089,L181,PZ,TITO,4,4,425.0,600.0,512.5,1.55,2.2,1.88,20252,True
050003,B390,PI,CALCI,2,2,1200.0,1750.0,1475.0,4.65,6.6,5.62,20252,True
041043,G453,PU,PERGOLA,5,5,620.0,810.0,715.0,2.3,3.0,2.65,20252,True
024126,M426,VI,COLCERESA,6,5,820.0,970.0,895.0,,,,20252,True
061017,B781,CE,CARINOLA,5,4,450.0,675.0,562.5,1.5,2.2,1.85,20252,True
078025,B774,CS,CARIATI,3,3,580.0,860.0,720.0,2.2,3.2,2.7,20252,True
069033,D738,CH,FOSSACESIA,3,3,800.0,1175.0,987.5,3.55,5.3,4.42,20252,True
042023,E837,AN,MAIOLATI SPONTINI,4,4,530.0,745.0,637.5,1.8,2.5,2.15,20252,True
030091,H229,UD,REMANZACCO,5,3,630.0,910.0,770.0,2.4,3.5,2.95,20252,True
024118,M032,VI,VILLAVERLA,4,2,765.0,985.0,875.0,4.4,5.4,4.9,20252,True
061002,A200,CE,ALIFE,5,3,475.0,700.0,587.5,1.4,2.1,1.75,20252,True
013065,C520,CO,CERNOBBIO,4,3,1550.0,2250.0,1900.0,5.8,7.5,6.65,20252,True
017186,L210,BS,TORBOLE CASAGLIA,3,2,1005.0,1225.0,1115.0,3.35,4.05,3.7,20252,True
070031,E456,CB,LARINO,6,5,455.0,680.0,567.5,1.8,2.65,2.23,20252,True
056049,L017,VT,SUTRI,5,3,800.0,1100.0,950.0,4.1,5.4,4.75,20252,True
022249,M363,TN,VILLE D'ANAUNIA,7,5,1300.0,1500.0,1400.0,3.2,4.4,3.8,20252,True
011013,D655,SP,FOLLO,5,5,850.0,1175.0,1012.5,4.0,5.5,4.75,20252,True
030053,E833,UD,MAJANO,3,2,650.0,900.0,775.0,2.4,3.6,3.0,20252,True
091055,G031,NU,OLIENA,3,2,465.0,680.0,572.5,1.7,2.15,1.93,20252,True
073001,A514,TA,AVETRANA,3,3,360.0,510.0,427.5,1.6,2.3,1.95,20252,True
031018,H787,GO,SAN CANZIAN D'ISONZO,4,4,590.0,710.0,650.0,2.55,3.15,2.85,20252,True
004222,I822,CN,SOMMARIVA DEL BOSCO,2,2,775.0,1150.0,962.5,2.7,3.7,3.2,20252,True
079011,B002,CZ,BORGIA,4,4,720.0,1000.0,860.0,2.9,4.0,3.45,20252,True
016074,C728,BG,CISANO BERGAMASCO,4,4,800.0,920.0,850.0,3.9,5.0,4.35,20252,True
061067,H210,CE,RECALE,4,1,700.0,990.0,845.0,2.7,3.65,3.18,20252,True
040001,A565,FC,BAGNO DI ROMAGNA,3,3,950.0,1250.0,1100.0,3.2,4.2,3.7,20252,True
013202,H602,CO,ROVELLO PORRO,2,1,1020.0,1400.0,1210.0,3.3,4.85,4.07,20252,True
065130,I317,SA,SANT'EGIDIO DEL MONTE ALBINO,4,4,590.0,840.0,715.0,1.2,1.8,1.5,20252,True
016040,B178,BG,BRIGNANO GERA D'ADDA,3,3,660.0,820.0,740.0,3.5,4.6,4.05,20252,True
023095,L912,VR,VILLA BARTOLOMEA,2,2,590.0,870.0,730.0,,,,20252,True
051020,E693,AR,LORO CIUFFENNA,2,2,1125.0,1375.0,1250.0,3.45,4.65,4.05,20252,True
018088,F080,PV,MEDE,3,2,880.0,1035.0,957.5,2.5,3.4,2.95,20252,True
065157,L860,SA,VIETRI SUL MARE,5,5,1600.0,2200.0,1900.0,3.8,5.6,4.7,20252,True
039015,H302,RA,RIOLO TERME,2,2,790.0,1150.0,970.0,2.85,4.25,3.55,20252,True
092075,I699,CA,SETTIMO SAN PIETRO,3,2,925.0,1300.0,1112.5,3.7,5.0,4.35,20252,True
059026,I339,LT,SANTI COSMA E DAMIANO,4,3,630.0,930.0,780.0,2.6,3.8,3.2,20252,True
024107,L248,VI,TORREBELVICINO,3,3,770.0,910.0,840.0,,,,20252,True
071008,B357,FG,CAGNANO VARANO,5,4,400.0,575.0,487.5,1.5,2.05,1.77,20252,True
084036,H914,AG,SAN GIOVANNI GEMINI,3,3,340.0,510.0,425.0,1.2,1.8,1.5,20252,True
001048,B462,TO,CAMBIANO,6,4,700.0,1050.0,875.0,3.7,5.4,4.55,20252,True
027016,D741,VE,FOSSALTA DI PORTOGRUARO,3,2,800.0,1000.0,900.0,,,,20252,True
086001,A070,EN,AGIRA,5,4,380.0,560.0,470.0,1.4,2.05,1.73,20252,True
016178,H176,BG,RANICA,3,3,1275.0,1400.0,1337.5,6.5,7.5,7.0,20252,True
063042,E954,NA,MARIGLIANELLA,3,2,845.0,1300.0,1072.5,2.8,4.35,3.58,20252,True
028092,L270,PD,TORREGLIA,3,1,1075.0,1250.0,1162.5,3.8,4.5,4.15,20252,True
066099,L025,AQ,TAGLIACOZZO,3,3,575.0,860.0,717.5,1.5,2.15,1.82,20252,True
028104,L979,PD,VILLANOVA DI CAMPOSAMPIERO,3,1,1050.0,1250.0,1150.0,4.1,4.7,4.4,20252,True
084012,C275,AG,CASTELTERMINI,5,5,280.0,420.0,350.0,1.1,1.65,1.38,20252,True
083098,L271,ME,TORREGROTTA,3,3,600.0,830.0,715.0,2.35,3.45,2.9,20252,True
075097,M263,LE,PORTO CESAREO,5,5,810.0,1050.0,930.0,3.2,4.2,3.75,20252,True
028050,F033,PD,MASSANZAGO,4,2,835.0,1100.0,967.5,3.6,4.1,3.85,20252,True
037005,A785,BO,BENTIVOGLIO,6,5,1200.0,1575.0,1387.5,6.6,9.8,8.2,20252,True
075073,I549,LE,SCORRANO,3,3,465.0,560.0,512.5,1.6,2.0,1.8,20252,True
075004,A208,LE,ALLISTE,4,4,430.0,580.0,505.0,1.5,2.1,1.8,20252,True
033007,B332,PC,CADEO,2,2,740.0,1010.0,875.0,2.45,3.35,2.9,20252,True
018123,H369,PV,ROBBIO,2,1,780.0,920.0,850.0,1.9,2.5,2.2,20252,True
034017,D728,PR,FORNOVO DI TARO,2,2,600.0,850.0,725.0,2.6,3.2,2.9,20252,True
024083,H134,VI,QUINTO VICENTINO,4,4,870.0,1050.0,960.0,,,,20252,True
071058,L447,FG,TROIA,5,4,875.0,1250.0,1062.5,2.75,3.95,3.35,20252,True
041019,D836,PU,GABICCE MARE,6,6,1450.0,2000.0,1725.0,6.25,7.05,6.65,20252,True
084026,F845,AG,NARO,5,5,340.0,480.0,410.0,1.4,2.1,1.75,20252,True
020003,A575,MN,BAGNOLO SAN VITO,2,2,450.0,650.0,550.0,2.9,4.25,3.58,20252,True
019062,G004,CR,OFFANENGO,2,2,650.0,900.0,775.0,3.25,4.5,3.88,20252,True
093036,H609,PN,ROVEREDO IN PIANO,2,2,700.0,850.0,775.0,2.75,3.85,3.3,20252,True
060060,H443,FR,ROCCASECCA,4,4,455.0,610.0,532.5,2.4,3.2,2.85,20252,True
064050,F230,AV,MIRABELLA ECLANO,5,5,492.5,590.0,541.25,2.1,2.55,2.32,20252,True
075057,G188,LE,OTRANTO,6,6,1100.0,1550.0,1325.0,5.2,6.6,5.9,20252,True
023019,B886,VR,CASALEONE,2,2,605.0,870.0,737.5,,,,20252,True
070046,F576,CB,MONTENERO DI BISACCIA,3,3,450.0,675.0,562.5,2.15,3.2,2.67,20252,True
078123,H981,CS,SAN MARCO ARGENTANO,4,4,390.0,480.0,435.0,1.5,1.9,1.7,20252,True
012124,L003,VA,SUMIRAGO,4,3,1050.0,1350.0,1200.0,3.5,5.2,4.35,20252,True
076062,G663,PZ,PIGNOLA,4,4,535.0,725.0,640.0,1.95,2.5,2.25,20252,True
020028,E261,MN,GUIDIZZOLO,2,2,450.0,600.0,525.0,3.0,3.95,3.47,20252,True
098056,F260,LO,TAVAZZANO CON VILLAVESCO,2,2,1150.0,1400.0,1275.0,5.25,6.75,6.0,20252,True
016029,A950,BG,BOLTIERE,2,2,870.0,1250.0,1045.0,4.1,6.1,5.1,20252,True
004245,L974,CN,VILLANOVA MONDOVI',3,3,690.0,1025.0,857.5,2.5,3.5,3.0,20252,True
016073,C649,BG,CHIUDUNO,3,2,800.0,910.0,850.0,3.8,4.7,4.25,20252,True
013129,E607,CO,LIPOMO,2,1,1000.0,1500.0,1250.0,3.6,5.0,4.3,20252,True
064099,I630,AV,SERINO,4,4,535.0,670.0,602.5,2.4,2.9,2.65,20252,True
005050,D119,AT,COSTIGLIOLE D'ASTI,4,4,480.0,705.0,592.5,2.2,3.15,2.68,20252,True
021029,D392,BZ,EGNA .NEUMARKT.,4,3,2100.0,2400.0,2225.0,6.0,8.0,7.0,20252,True
015224,L454,MI,TRUCCAZZANO,3,2,1100.0,1450.0,1275.0,4.75,6.35,5.55,20252,True
072039,H749,BA,SAMMICHELE DI BARI,4,2,625.0,875.0,755.0,2.1,2.95,2.55,20252,True
074014,I045,BR,SAN MICHELE SALENTINO,3,2,505.0,630.0,567.5,2.1,2.7,2.4,20252,True
089018,I785,SR,SOLARINO,4,4,410.0,580.0,495.0,1.6,2.3,1.95,20252,True
017201,L995,BS,VILLANUOVA SUL CLISI,4,3,890.0,1150.0,1020.0,3.1,4.0,3.55,20252,True
023037,D957,VR,GAZZO VERONESE,3,3,600.0,890.0,745.0,,,,20252,True
033023,E114,PC,GOSSOLENGO,3,3,710.0,1050.0,880.0,2.35,3.45,2.9,20252,True
051031,G879,AR,POPPI,4,4,785.0,1100.0,930.0,2.6,3.75,3.15,20252,True
061062,G903,CE,PORTICO DI CASERTA,3,1,650.0,975.0,812.5,2.5,3.75,3.12,20252,True
071010,B724,FG,CARAPELLE,3,2,650.0,950.0,800.0,1.55,2.3,1.93,20252,True
077016,F399,MT,MONTALBANO JONICO,6,6,420.0,600.0,520.0,1.2,1.5,1.35,20252,True
001236,H775,TO,SAN BENIGNO CANAVESE,3,2,700.0,1050.0,875.0,4.1,6.1,5.1,20252,True
111106,M025,SU,VILLASOR,3,2,625.0,850.0,737.5,2.85,3.65,3.25,20252,True
022245,M359,TN,PRIMIERO SAN MARTINO DI CASTROZZA,3,2,2750.0,3400.0,3075.0,6.2,9.0,7.6,20252,True
010018,C826,GE,COGORNO,3,3,1350.0,1950.0,1650.0,4.2,6.0,5.1,20252,True
079039,D218,CZ,CURINGA,4,4,515.0,625.0,570.0,1.85,2.1,1.98,20252,True
084029,H148,AG,RACALMUTO,3,3,280.0,420.0,350.0,1.0,1.5,1.25,20252,True
016160,G412,BG,PEDRENGO,2,2,915.0,1065.0,990.0,3.2,4.55,3.88,20252,True
024095,I353,VI,SANTORSO,4,3,800.0,950.0,875.0,4.2,5.2,4.7,20252,True
022229,M313,TN,LEDRO,11,8,1550.0,1750.0,1650.0,3.8,4.5,4.15,20252,True
015167,G316,MI,PANTIGLIATE,2,1,1350.0,1700.0,1525.0,6.4,7.7,7.05,20252,True
034033,I153,PR,SAN SECONDO PARMENSE,2,2,640.0,875.0,757.5,2.8,3.6,3.2,20252,True
065118,H800,SA,SAN CIPRIANO PICENTINO,3,3,780.0,1000.0,890.0,2.1,2.9,2.5,20252,True
001270,L013,TO,SUSA,4,3,605.0,910.0,757.5,3.6,5.4,4.5,20252,True
035022,D934,RE,GATTATICO,4,4,700.0,950.0,825.0,2.75,3.65,3.2,20252,True
082064,H933,PA,SAN GIUSEPPE JATO,3,3,355.0,520.0,437.5,1.2,1.6,1.4,20252,True
022116,F183,TN,MEZZOCORONA,3,1,1950.0,2350.0,2150.0,5.5,6.0,5.75,20252,True
052037,M378,SI,MONTALCINO,9,8,1100.0,1425.0,1262.5,3.25,4.65,3.95,20252,True
012039,B987,VA,CASORATE SEMPIONE,3,2,1100.0,1325.0,1212.5,3.6,5.3,4.45,20252,True
037022,C296,BO,CASTIGLIONE DEI PEPOLI,4,4,700.0,1000.0,850.0,3.5,4.8,4.1,20252,True
054038,G359,PG,PASSIGNANO SUL TRASIMENO,6,6,580.0,870.0,725.0,2.0,3.0,2.5,20252,True
030074,G389,UD,PAVIA DI UDINE,6,4,650.0,950.0,810.0,2.5,3.7,3.1,20252,True
033040,H887,PC,SAN GIORGIO PIACENTINO,2,2,605.0,890.0,747.5,2.0,2.95,2.48,20252,True
056014,B688,VT,CAPRANICA,4,3,700.0,1000.0,850.0,3.4,4.3,3.95,20252,True
016043,B393,BG,CALCINATE,3,3,790.0,920.0,862.5,3.65,4.75,4.28,20252,True
069015,B865,CH,CASALBORDINO,4,4,580.0,870.0,725.0,2.65,3.95,3.3,20252,True
082036,D907,PA,GANGI,3,3,375.0,520.0,447.5,1.5,1.9,1.7,20252,True
099016,H801,RN,SAN CLEMENTE,3,3,1450.0,1950.0,1700.0,5.1,7.0,6.05,20252,True
098041,F801,LO,MULAZZANO,4,4,1475.0,1850.0,1662.5,5.1,6.65,5.88,20252,True
024051,E671,VI,LONGARE,5,4,795.0,945.0,870.0,4.1,5.1,4.6,20252,True
025029,E588,BL,LIMANA,5,5,750.0,1000.0,862.5,2.5,2.9,2.7,20252,True
019026,B129,CR,CASTELVERDE,3,3,550.0,800.0,675.0,3.5,4.5,4.0,20252,True
016113,E006,BG,GHISALBA,3,1,875.0,1075.0,975.0,3.45,4.65,4.05,20252,True
054022,E229,PG,GUALDO CATTANEO,4,4,440.0,580.0,515.0,1.8,2.2,2.0,20252,True
065003,A128,SA,ALBANELLA,3,3,630.0,870.0,750.0,1.75,2.25,1.98,20252,True
065134,I422,SA,SAPRI,6,6,720.0,1000.0,860.0,2.5,3.45,2.98,20252,True
074013,H822,BR,SAN DONACI,3,2,500.0,650.0,575.0,2.3,2.8,2.55,20252,True
108032,F247,MB,MISINTO,3,1,1200.0,1700.0,1450.0,4.5,6.6,5.55,20252,True
021038,E412,BZ,LAGUNDO .ALGUND.,5,4,2350.0,2850.0,2600.0,6.45,9.0,7.73,20252,True
015251,M424,MI,VERMEZZO CON ZELO,2,1,1200.0,1550.0,1375.0,5.0,7.0,6.0,20252,True
001044,B297,TO,BUSSOLENO,6,4,550.0,820.0,685.0,3.0,4.5,3.75,20252,True
003076,E120,NO,GOZZANO,5,5,560.0,825.0,692.5,2.0,2.9,2.45,20252,True
010055,I346,GE,SANT'OLCESE,4,4,740.0,1100.0,920.0,4.0,5.9,4.95,20252,True
046009,C236,LU,CASTELNUOVO DI GARFAGNANA,4,4,660.0,950.0,812.5,2.35,3.5,2.92,20252,True
004009,A571,CN,BAGNOLO PIEMONTE,5,5,580.0,840.0,710.0,2.3,3.35,2.83,20252,True
016007,A217,BG,ALMENNO SAN SALVATORE,2,1,940.0,1300.0,1120.0,4.45,6.0,5.22,20252,True
083076,H519,ME,ROMETTA,4,3,640.0,895.0,767.5,1.5,2.1,1.8,20252,True
078101,G975,CS,PRAIA A MARE,2,2,810.0,1150.0,980.0,3.45,5.05,4.25,20252,True
071031,F059,FG,MATTINATA,5,3,1000.0,1500.0,1250.0,3.3,4.9,4.1,20252,True
008027,D297,IM,DIANO MARINA,6,6,2500.0,3700.0,3100.0,7.1,10.6,8.85,20252,True
058073,G022,RM,OLEVANO ROMANO,3,2,825.0,1175.0,1000.0,3.25,4.75,4.0,20252,True
028030,C544,PD,CERVARESE SANTA CROCE,6,3,1000.0,1250.0,1125.0,3.9,4.5,4.2,20252,True
022009,A694,TN,BASELGA DI PINE',5,4,1300.0,1500.0,1400.0,4.0,4.5,4.25,20252,True
021097,L108,BZ,TERLANO .TERLAN.,3,3,2600.0,3100.0,2850.0,8.7,10.3,9.5,20252,True
004163,G526,CN,PEVERAGNO,4,4,705.0,1045.0,875.0,2.5,3.5,3.0,20252,True
063025,C188,NA,CASTELLO DI CISTERNA,3,2,905.0,1400.0,1152.5,3.0,4.7,3.85,20252,True
068015,C853,PE,COLLECORVINO,4,4,470.0,700.0,585.0,2.0,3.0,2.5,20252,True
076085,I610,PZ,SENISE,4,4,320.0,447.5,383.75,1.1,1.6,1.35,20252,True
015058,B989,MI,CASOREZZO,2,1,1150.0,1450.0,1300.0,4.2,5.9,5.05,20252,True
048013,D299,FI,DICOMANO,2,2,875.0,1300.0,1087.5,3.05,4.5,3.78,20252,True
034016,D685,PR,FONTEVIVO,4,4,890.0,1200.0,1045.0,3.05,4.35,3.7,20252,True
037028,D878,BO,GALLIERA,3,3,800.0,1100.0,950.0,3.9,7.4,5.65,20252,True
058049,E392,RM,LABICO,4,2,1050.0,1500.0,1275.0,5.0,7.0,6.0,20252,True
016189,B310,BG,SAN PAOLO D'ARGON,3,2,850.0,1050.0,950.0,4.75,5.9,5.33,20252,True
071027,E549,FG,LESINA,7,6,600.0,850.0,725.0,2.25,3.25,2.75,20252,True
063028,C697,NA,CIMITILE,3,2,800.0,1225.0,1012.5,2.75,4.2,3.48,20252,True
013114,E235,CO,GUANZATE,3,2,1100.0,1400.0,1250.0,3.5,4.7,4.1,20252,True
012136,L733,VA,VENEGONO INFERIORE,5,4,1015.0,1300.0,1157.5,3.5,5.0,4.25,20252,True
004066,C589,CN,CEVA,5,5,670.0,990.0,830.0,2.7,3.6,3.15,20252,True
033027,F671,PC,MONTICELLI D'ONGINA,3,3,600.0,900.0,750.0,1.95,2.9,2.42,20252,True
065082,G023,SA,OLEVANO SUL TUSCIANO,5,5,550.0,800.0,675.0,1.4,1.85,1.62,20252,True
074004,C448,BR,CELLINO SAN MARCO,3,2,500.0,580.0,540.0,2.15,2.45,2.3,20252,True
030078,G949,UD,POVOLETTO,3,2,600.0,900.0,750.0,2.2,3.3,2.75,20252,True
051001,A291,AR,ANGHIARI,2,2,900.0,1300.0,1100.0,3.05,4.25,3.65,20252,True
087047,I240,CT,SANTA MARIA DI LICODIA,3,3,405.0,530.0,467.5,1.3,1.9,1.6,20252,True
073002,B808,TA,CAROSINO,3,2,525.0,765.0,645.0,2.15,3.1,2.62,20252,True
014024,D088,SO,COSIO VALTELLINO,7,7,800.0,1000.0,900.0,2.5,3.3,2.9,20252,True
028020,B564,PD,CAMPO SAN MARTINO,4,1,950.0,1150.0,1050.0,4.1,4.7,4.4,20252,True
028059,G167,PD,OSPEDALETTO EUGANEO,3,2,860.0,1000.0,930.0,3.6,4.1,3.85,20252,True
015188,H560,MI,ROSATE,2,1,1300.0,1700.0,1500.0,5.2,7.1,6.15,20252,True
016157,G295,BG,PALOSCO,3,1,825.0,975.0,900.0,3.7,4.6,4.15,20252,True
051041,M329,AR,PRATOVECCHIO STIA,2,2,750.0,1100.0,925.0,2.6,3.7,3.15,20252,True
013256,M435,CO,UGGIATE CON RONAGO,4,2,1000.0,1375.0,1187.5,3.35,5.0,4.17,20252,True
033014,C288,PC,CASTELVETRO PIACENTINO,2,2,625.0,900.0,762.5,2.05,2.95,2.5,20252,True
016005,A214,BG,ALME',2,1,1075.0,1425.0,1250.0,5.25,6.85,6.05,20252,True
016042,B223,BG,BRUSAPORTO,2,2,1000.0,1250.0,1125.0,4.4,6.2,5.3,20252,True
090091,B248,SS,BUDONI,6,6,1425.0,1775.0,1587.5,3.6,5.2,4.4,20252,True
006160,I657,AL,SERRAVALLE SCRIVIA,3,3,400.0,600.0,500.0,2.8,4.2,3.5,20252,True
065076,F625,SA,MONTESANO SULLA MARCELLANA,6,6,520.0,700.0,610.0,2.1,2.6,2.35,20252,True
050002,B303,PI,BUTI,3,3,990.0,1200.0,1095.0,3.7,5.1,4.4,20252,True
097091,M337,LC,VERDERIO,3,2,900.0,1200.0,1050.0,3.4,4.4,3.9,20252,True
081003,B385,TP,CALATAFIMI SEGESTA,4,3,350.0,450.0,400.0,1.3,1.65,1.48,20252,True
083077,H842,ME,SAN FILIPPO DEL MELA,3,3,645.0,935.0,790.0,2.25,3.3,2.77,20252,True
009024,C510,SV,CERIALE,8,7,2200.0,3300.0,2750.0,6.9,8.2,7.65,20252,True
086019,L583,EN,VALGUARNERA CAROPEPE,5,4,305.0,440.0,372.5,1.1,1.6,1.35,20252,True
061095,L540,CE,VAIRANO PATENORA,3,2,625.0,825.0,725.0,2.25,3.0,2.62,20252,True
028101,L934,PD,VILLA DEL CONTE,4,2,880.0,1225.0,1052.5,3.8,4.9,4.35,20252,True
023002,A137,VR,ALBAREDO D'ADIGE,3,3,600.0,890.0,745.0,,,,20252,True
009003,A165,SV,ALBISSOLA MARINA,7,6,2300.0,3400.0,2850.0,7.2,8.25,7.72,20252,True
065009,A460,SA,ASCEA,7,7,660.0,980.0,820.0,2.15,3.15,2.65,20252,True
054034,F911,PG,NOCERA UMBRA,5,5,425.0,560.0,487.5,1.7,2.15,1.93,20252,True
090023,C272,SS,CASTELSARDO,5,3,1250.0,1750.0,1500.0,5.2,7.3,6.25,20252,True
047021,L522,PT,UZZANO,4,4,1000.0,1250.0,1125.0,4.1,6.0,5.05,20252,True
004037,B573,CN,CANALE,3,3,790.0,1150.0,970.0,2.8,3.9,3.35,20252,True
111010,B789,SU,CARLOFORTE,4,3,1300.0,1800.0,1550.0,5.05,6.95,6.0,20252,True
057053,G763,RI,POGGIO MIRTETO,3,3,700.0,1100.0,900.0,3.6,5.3,4.45,20252,True
021022,C652,BZ,CHIUSA .KLAUSEN.,4,3,1800.0,2100.0,1950.0,4.5,6.1,5.3,20252,True
012012,A825,VA,BESNATE,4,3,1050.0,1400.0,1225.0,3.5,5.2,4.35,20252,True
058040,D875,RM,GALLICANO NEL LAZIO,3,2,900.0,1300.0,1100.0,3.8,5.4,4.6,20252,True
108036,G116,MB,ORNAGO,2,1,1225.0,1475.0,1350.0,4.95,6.25,5.6,20252,True
018050,C686,PV,CILAVEGNA,2,1,840.0,980.0,910.0,3.3,4.4,3.85,20252,True
012048,C382,VA,CAVARIA CON PREMEZZO,3,2,1100.0,1350.0,1225.0,3.65,5.4,4.52,20252,True
001051,B592,TO,CANDIOLO,2,1,885.0,1325.0,1105.0,4.25,6.35,5.3,20252,True
020035,F267,MN,MOGLIA,3,3,400.0,550.0,475.0,2.25,3.5,2.88,20252,True
016206,I919,BG,SPIRANO,2,2,740.0,875.0,807.5,3.9,4.85,4.38,20252,True
035009,B499,RE,CAMPAGNOLA EMILIA,3,3,650.0,900.0,775.0,2.4,3.35,2.88,20252,True
030070,G284,UD,PALMANOVA,3,2,775.0,1075.0,925.0,2.5,3.75,3.12,20252,True
013222,L071,CO,TAVERNERIO,2,1,950.0,1400.0,1175.0,3.45,4.7,4.08,20252,True
025071,M342,BL,LONGARONE,10,9,660.0,810.0,735.0,2.2,2.8,2.5,20252,True
097012,B396,LC,CALCO,3,2,925.0,1225.0,1070.0,3.5,4.6,4.05,20252,True
017167,H630,BS,RUDIANO,3,2,835.0,1125.0,980.0,2.65,3.6,3.12,20252,True
035006,B156,RE,BRESCELLO,4,4,600.0,800.0,707.5,2.35,3.05,2.67,20252,True
020072,M396,MN,BORGO MANTOVANO,5,5,350.0,500.0,425.0,2.3,3.3,2.8,20252,True
075023,D006,LE,CORIGLIANO D'OTRANTO,3,3,405.0,600.0,502.5,2.2,2.6,2.4,20252,True
017066,D270,BS,DELLO,3,2,870.0,1100.0,985.0,2.95,3.75,3.35,20252,True
061032,D228,CE,CURTI,3,2,640.0,890.0,765.0,2.05,2.9,2.48,20252,True
023039,E284,VR,ILLASI,2,2,760.0,1100.0,930.0,,,,20252,True
060052,G598,FR,PIEDIMONTE SAN GERMANO,4,4,432.5,595.0,515.0,2.2,3.05,2.62,20252,True
021046,E862,BZ,MALLES VENOSTA .MALS.,5,4,1650.0,2000.0,1825.0,4.15,5.0,4.58,20252,True
012122,I794,VA,SOLBIATE OLONA,4,2,1100.0,1400.0,1250.0,3.6,5.35,4.47,20252,True
086016,H221,EN,REGALBUTO,9,8,455.0,660.0,557.5,1.6,2.4,2.0,20252,True
001070,C404,TO,CAVOUR,2,1,755.0,1130.0,942.5,3.25,4.8,4.03,20252,True
046002,A560,LU,BAGNI DI LUCCA,5,5,620.0,900.0,760.0,2.2,3.2,2.7,20252,True
048046,L529,FI,VAGLIA,4,4,1300.0,1900.0,1600.0,4.0,5.95,4.97,20252,True
009018,B748,SV,CARCARE,9,7,705.0,1000.0,852.5,2.5,3.15,2.82,20252,True
016075,C730,BG,CISERANO,3,2,850.0,1100.0,975.0,4.0,5.5,4.75,20252,True
022236,M350,TN,ALTOPIANO DELLA VIGOLANA,5,4,1700.0,2000.0,1850.0,3.7,5.05,4.38,20252,True
044017,D210,AP,CUPRA MARITTIMA,5,5,1275.0,1750.0,1512.5,5.2,7.2,6.2,20252,True
066102,L334,AQ,TRASACCO,2,2,370.0,550.0,460.0,1.4,1.85,1.62,20252,True
013043,B653,CO,CAPIAGO INTIMIANO,2,1,1150.0,1600.0,1375.0,3.65,5.4,4.53,20252,True
017102,E883,BS,MANERBA DEL GARDA,5,3,1650.0,2175.0,1912.5,6.95,8.85,7.9,20252,True
020047,H143,MN,QUISTELLO,2,2,375.0,525.0,450.0,2.15,3.4,2.77,20252,True
083007,B198,ME,BROLO,4,4,585.0,865.0,725.0,2.15,3.15,2.65,20252,True
018046,C541,PV,CERTOSA DI PAVIA,2,2,910.0,1300.0,1105.0,2.5,2.8,2.65,20252,True
024097,I425,VI,SARCEDO,4,3,820.0,1000.0,910.0,,,,20252,True
013136,E749,CO,LURAGO D'ERBA,1,1,875.0,1250.0,1062.5,3.15,4.2,3.67,20252,True
003166,M416,NO,GATTICO-VERUNO,8,6,930.0,1350.0,1140.0,2.7,3.7,3.2,20252,True
022248,M362,TN,VALLELAGHI,10,9,1300.0,1600.0,1450.0,4.0,4.5,4.25,20252,True
061016,B779,CE,CARINARO,5,2,700.0,1050.0,875.0,2.0,2.95,2.48,20252,True
016108,D905,BG,GANDINO,3,1,750.0,1000.0,875.0,2.95,4.35,3.65,20252,True
015219,L408,MI,TREZZANO ROSA,2,1,1325.0,1600.0,1462.5,4.85,5.75,5.3,20252,True
064044,E605,AV,LIONI,5,5,490.0,610.0,550.0,2.0,2.45,2.23,20252,True
030009,A700,UD,BASILIANO,3,2,650.0,955.0,802.5,2.5,3.7,3.1,20252,True
012003,A290,VA,ANGERA,4,3,1200.0,1500.0,1350.0,4.1,6.1,5.1,20252,True
083099,L308,ME,TORTORICI,3,3,445.0,660.0,552.5,2.0,2.9,2.45,20252,True
041070,M379,PU,TERRE ROVERESCHE,6,6,750.0,1100.0,925.0,2.7,4.0,3.35,20252,True
056001,A040,VT,ACQUAPENDENTE,3,2,550.0,775.0,662.5,2.8,4.05,3.42,20252,True
078104,H488,CS,ROGGIANO GRAVINA,2,2,470.0,700.0,585.0,2.0,2.75,2.38,20252,True
084020,E431,AG,LAMPEDUSA E LINOSA,11,7,900.0,1300.0,1100.0,3.2,4.8,4.0,20252,True
021111,L687,BZ,VARNA .VAHRN.,7,6,2550.0,2900.0,2725.0,7.55,8.85,8.2,20252,True
011017,E560,SP,LEVANTO,4,4,2150.0,3050.0,2600.0,6.25,9.25,7.75,20252,True
004059,C376,CN,CAVALLERMAGGIORE,3,3,800.0,1200.0,1000.0,2.7,3.7,3.2,20252,True
005118,L984,AT,VILLANOVA D'ASTI,3,3,500.0,750.0,625.0,3.2,4.6,3.9,20252,True
086015,G624,EN,PIETRAPERZIA,5,4,390.0,580.0,485.0,1.5,2.2,1.85,20252,True
015249,L664,MI,VANZAGHELLO,2,1,950.0,1350.0,1150.0,4.0,6.0,5.0,20252,True
111031,E085,SU,GONNOSFANADIGA,4,2,525.0,700.0,612.5,2.0,2.55,2.27,20252,True
020051,H481,MN,RODIGO,3,3,425.0,600.0,512.5,2.5,3.75,3.12,20252,True
075002,A184,LE,ALESSANO,3,3,390.0,530.0,460.0,1.6,2.2,1.9,20252,True
066051,E723,AQ,LUCO DEI MARSI,2,2,350.0,515.0,432.5,1.3,1.8,1.55,20252,True
036020,E905,MO,MARANO SUL PANARO,2,2,1000.0,1400.0,1200.0,4.0,5.9,4.95,20252,True
080025,C285,RC,CAULONIA,5,5,447.5,645.0,546.25,1.6,2.25,1.93,20252,True
061098,D801,CE,VILLA DI BRIANO,3,2,600.0,850.0,725.0,1.75,2.6,2.17,20252,True
016044,B395,BG,CALCIO,3,1,825.0,960.0,892.5,3.7,4.6,4.15,20252,True
071054,I962,FG,STORNARA,3,2,550.0,800.0,675.0,1.5,2.0,1.75,20252,True
038011,E410,FE,LAGOSANTO,3,3,540.0,755.0,647.5,2.9,3.9,3.4,20252,True
051006,B670,AR,CAPOLONA,3,3,900.0,1150.0,1025.0,3.0,4.1,3.55,20252,True
059015,F616,LT,MONTE SAN BIAGIO,5,5,520.0,770.0,645.0,3.0,4.1,3.45,20252,True
028028,B912,PD,CASALSERUGO,4,2,880.0,1125.0,1002.5,3.5,4.25,3.88,20252,True
075061,G751,LE,POGGIARDO,3,3,430.0,610.0,520.0,1.8,2.3,2.05,20252,True
058107,L401,RM,TREVIGNANO ROMANO,3,2,1250.0,1850.0,1550.0,5.3,7.5,6.4,20252,True
093038,H891,PN,SAN GIORGIO DELLA RICHINVELDA,3,3,500.0,700.0,600.0,2.0,3.0,2.5,20252,True
085019,I824,CL,SOMMATINO,3,3,310.0,430.0,370.0,1.2,1.8,1.5,20252,True
023087,L364,VR,TREGNAGO,2,2,860.0,1200.0,1030.0,,,,20252,True
021061,G140,BZ,ORTISEI .ST ULRICH.,5,4,4400.0,7750.0,6075.0,12.85,25.85,19.35,20252,True
089005,B603,SR,CANICATTINI BAGNI,3,3,460.0,680.0,570.0,1.5,2.2,1.85,20252,True
035005,A988,RE,BORETTO,3,2,585.0,875.0,730.0,2.4,3.3,2.85,20252,True
050041,M328,PI,CRESPINA LORENZANA,5,5,990.0,1200.0,1095.0,3.8,5.2,4.5,20252,True
082043,E350,PA,ISOLA DELLE FEMMINE,6,6,840.0,1100.0,970.0,2.4,3.2,2.8,20252,True
078142,I895,CS,SPEZZANO ALBANESE,3,3,430.0,610.0,520.0,1.75,2.45,2.08,20252,True
018122,H336,PV,RIVANAZZANO TERME,3,2,970.0,1100.0,1035.0,3.15,3.65,3.4,20252,True
061042,E158,CE,GRAZZANISE,4,3,450.0,650.0,550.0,1.4,2.1,1.75,20252,True
030068,G238,UD,PAGNACCO,4,2,750.0,1100.0,925.0,3.0,4.4,3.7,20252,True
054037,G308,PG,PANICALE,5,5,505.0,690.0,597.5,1.85,2.4,2.12,20252,True
099028,M324,RN,POGGIO TORRIANA,8,8,1150.0,1500.0,1300.0,4.5,5.9,4.95,20252,True
063065,H433,NA,ROCCARAINOLA,3,2,605.0,920.0,762.5,2.0,3.05,2.52,20252,True
063077,I540,NA,SCISCIANO,2,2,730.0,1125.0,927.5,2.5,3.85,3.17,20252,True
010006,B282,GE,BUSALLA,3,3,500.0,740.0,620.0,2.7,4.0,3.35,20252,True
075070,I059,LE,SANNICOLA,6,6,390.0,530.0,442.5,1.4,1.8,1.6,20252,True
003131,H518,NO,ROMENTINO,5,3,770.0,1145.0,957.5,2.85,3.95,3.4,20252,True
054030,F492,PG,MONTEFALCO,4,4,460.0,620.0,555.0,1.6,2.3,1.95,20252,True
015071,C536,MI,CERRO AL LAMBRO,2,1,1250.0,1600.0,1425.0,4.2,5.8,5.0,20252,True
034019,E547,PR,LESIGNANO DE' BAGNI,4,4,795.0,1100.0,947.5,2.5,3.7,3.1,20252,True
008011,B559,IM,CAMPOROSSO,7,7,1550.0,2300.0,1925.0,4.5,6.7,5.6,20252,True
050027,G804,PI,POMARANCE,3,3,810.0,1100.0,955.0,2.75,3.9,3.33,20252,True
035010,B502,RE,CAMPEGINE,3,2,625.0,880.0,752.5,2.5,3.65,3.08,20252,True
016111,D952,BG,GAZZANIGA,3,2,800.0,950.0,875.0,2.7,3.95,3.33,20252,True
004064,C547,CN,CERVASCA,5,5,870.0,1275.0,1072.5,2.8,3.85,3.32,20252,True
013042,B641,CO,CANZO,2,1,1000.0,1375.0,1187.5,3.4,4.75,4.08,20252,True
102021,F207,VV,MILETO,5,5,330.0,465.0,397.5,1.0,1.5,1.25,20252,True
075021,C865,LE,COLLEPASSO,3,3,450.0,560.0,495.0,1.8,2.2,2.0,20252,True
016204,I873,BG,SOVERE,3,3,800.0,900.0,850.0,3.8,4.8,4.3,20252,True
018072,E062,PV,GIUSSAGO,3,2,980.0,1200.0,1090.0,1.7,2.3,2.0,20252,True
076080,I305,PZ,SANT'ARCANGELO,3,3,372.5,475.0,421.25,1.3,1.75,1.5,20252,True
111001,A359,SU,ARBUS,4,3,550.0,800.0,675.0,2.5,3.3,2.9,20252,True
080067,H456,RC,ROCCELLA IONICA,5,5,520.0,740.0,635.0,1.8,2.7,2.25,20252,True
071005,A463,FG,ASCOLI SATRIANO,4,3,600.0,850.0,725.0,1.9,2.7,2.3,20252,True
090092,I329,SS,SAN TEODORO,7,6,2150.0,2600.0,2400.0,4.0,6.0,5.0,20252,True
009022,C443,SV,CELLE LIGURE,7,7,2950.0,4350.0,3650.0,8.5,10.0,9.25,20252,True
076059,G590,PZ,PICERNO,4,4,355.0,437.5,396.25,1.15,1.55,1.35,20252,True
061060,G661,CE,PIGNATARO MAGGIORE,4,2,450.0,675.0,562.5,1.3,1.95,1.62,20252,True
061104,F043,CE,SAN MARCO EVANGELISTA,3,2,700.0,1050.0,875.0,1.75,2.6,2.17,20252,True
010007,B490,GE,CAMOGLI,3,3,2575.0,3750.0,3162.5,5.85,8.65,7.25,20252,True
052026,H185,SI,RAPOLANO TERME,6,4,950.0,1300.0,1135.0,3.2,4.5,3.85,20252,True
101015,F157,KR,MESORACA,2,2,420.0,555.0,487.5,1.2,1.7,1.45,20252,True
075034,E227,LE,GUAGNANO,4,4,425.0,560.0,495.0,1.5,1.9,1.7,20252,True
013012,A430,CO,AROSIO,3,1,1150.0,1400.0,1275.0,3.6,5.3,4.45,20252,True
082013,A991,PA,BORGETTO,4,4,345.0,485.0,415.0,1.45,1.85,1.65,20252,True
012085,E386,VA,JERAGO CON ORAGO,3,2,1100.0,1350.0,1225.0,3.65,5.35,4.5,20252,True
102025,F893,VV,NICOTERA,5,5,447.5,570.0,508.75,1.9,2.55,2.22,20252,True
022079,D371,TN,DRO,5,3,1600.0,1850.0,1725.0,7.75,9.5,8.62,20252,True
061103,M260,CE,CASAPESENNA,2,1,600.0,875.0,737.5,1.75,2.6,2.17,20252,True
024125,M423,VI,VALBRENTA,6,6,630.0,810.0,720.0,,,,20252,True
026032,E021,TV,GIAVERA DEL MONTELLO,3,3,1050.0,1200.0,1150.0,4.1,5.7,4.9,20252,True
067031,F870,TE,NERETO,3,3,565.0,825.0,695.0,1.8,2.7,2.25,20252,True
030062,F756,UD,MORTEGLIANO,3,2,660.0,985.0,822.5,2.45,3.65,3.05,20252,True
082045,E541,PA,LERCARA FRIDDI,3,3,365.0,540.0,452.5,1.3,1.7,1.5,20252,True
090063,I312,SS,SANTA TERESA GALLURA,7,5,1650.0,2350.0,2000.0,6.9,9.8,8.35,20252,True
065066,E839,SA,MAIORI,3,3,1675.0,2300.0,1987.5,4.1,5.9,4.97,20252,True
111016,D334,SU,DOMUSNOVAS,3,2,625.0,800.0,712.5,2.25,2.75,2.5,20252,True
097044,E656,LC,LOMAGNA,2,2,925.0,1175.0,1050.0,3.85,5.0,4.42,20252,True
019005,A570,CR,BAGNOLO CREMASCO,2,2,600.0,800.0,700.0,3.5,5.0,4.25,20252,True
069017,B985,CH,CASOLI,3,3,555.0,830.0,692.5,2.55,3.8,3.17,20252,True
102037,I639,VV,SERRA SAN BRUNO,4,4,447.5,625.0,536.25,2.0,2.8,2.4,20252,True
016128,E704,BG,LOVERE,3,3,990.0,1200.0,1095.0,5.0,6.9,5.9,20252,True
067039,I348,TE,SANT'OMERO,3,3,525.0,785.0,655.0,1.75,2.6,2.17,20252,True
016114,E100,BG,GORLAGO,3,1,850.0,1050.0,950.0,3.25,4.85,4.05,20252,True
042015,D007,AN,CORINALDO,3,3,565.0,800.0,682.5,1.95,2.65,2.3,20252,True
024073,F957,VI,NOVE,3,2,770.0,945.0,857.5,,,,20252,True
037027,D847,BO,GAGGIO MONTANO,4,4,575.0,875.0,725.0,4.1,6.8,5.42,20252,True
079081,F586,CZ,MONTEPAONE,3,3,730.0,840.0,785.0,3.05,3.7,3.38,20252,True
017147,G818,BS,PONCARALE,3,2,1075.0,1350.0,1212.5,3.7,4.5,4.1,20252,True
016152,G159,BG,OSIO SOPRA,3,3,900.0,1200.0,1050.0,4.55,6.65,5.62,20252,True
015078,C733,MI,CISLIANO,2,1,1450.0,1800.0,1625.0,4.8,6.4,5.6,20252,True
102044,L452,VV,TROPEA,2,2,1175.0,1575.0,1375.0,4.75,6.45,5.6,20252,True
097006,A686,LC,BARZANO',2,1,950.0,1250.0,1100.0,3.6,4.85,4.22,20252,True
022147,H018,TN,PREDAZZO,4,2,2450.0,3050.0,2750.0,8.3,11.6,9.95,20252,True
110008,I907,BT,SPINAZZOLA,7,6,382.5,547.5,465.0,1.45,2.05,1.75,20252,True
108052,B671,MB,CAPONAGO,2,1,1275.0,1575.0,1425.0,4.9,6.35,5.62,20252,True
093013,C640,PN,CHIONS,3,3,600.0,800.0,700.0,2.5,3.5,3.0,20252,True
016034,B088,BG,BOTTANUCO,3,1,850.0,1250.0,1050.0,3.95,5.15,4.55,20252,True
020016,C195,MN,CASTELLUCCHIO,4,4,400.0,550.0,475.0,2.65,3.65,3.15,20252,True
007066,I442,AO,SARRE,3,3,985.0,1400.0,1192.5,4.0,5.9,4.95,20252,True
048020,D895,FI,GAMBASSI TERME,2,2,900.0,1350.0,1125.0,3.1,4.6,3.85,20252,True
001299,L898,TO,VIGONE,2,1,625.0,920.0,772.5,3.1,4.65,3.88,20252,True
056012,B604,VT,CANINO,3,2,600.0,900.0,750.0,2.8,3.9,3.35,20252,True
049003,B553,LI,CAMPO NELL'ELBA,6,5,2175.0,2850.0,2512.5,8.35,11.5,9.93,20252,True
018138,I048,PV,SANNAZZARO DE' BURGONDI,3,2,795.0,950.0,872.5,2.5,2.8,2.65,20252,True
080027,C710,RC,CINQUEFRONDI,5,5,335.0,475.0,405.0,1.2,1.65,1.42,20252,True
063075,I391,NA,SAN VITALIANO,3,2,845.0,1300.0,1072.5,2.8,4.35,3.57,20252,True
017020,B035,BS,BORGO SAN GIACOMO,5,4,840.0,990.0,915.0,2.9,3.3,3.1,20252,True
017190,L380,BS,TRENZANO,3,2,840.0,1100.0,970.0,2.65,3.65,3.15,20252,True
001228,H583,TO,ROSTA,5,3,900.0,1350.0,1125.0,4.0,5.95,4.97,20252,True
024062,F465,VI,MONTECCHIO PRECALCINO,5,3,820.0,970.0,895.0,,,,20252,True
087025,F209,CT,MILITELLO IN VAL DI CATANIA,3,3,282.5,410.0,346.25,1.15,1.6,1.38,20252,True
046011,C996,LU,COREGLIA ANTELMINELLI,3,3,675.0,975.0,825.0,2.2,3.3,2.75,20252,True
078149,L305,CS,TORTORA,3,3,620.0,800.0,710.0,2.6,3.7,3.15,20252,True
028073,H655,PD,SACCOLONGO,4,4,900.0,1075.0,995.0,3.4,3.95,3.67,20252,True
041020,E122,PU,GRADARA,6,6,1275.0,1725.0,1500.0,3.7,4.45,4.08,20252,True
033012,C145,PC,CASTELL'ARQUATO,2,2,665.0,960.0,812.5,2.15,3.1,2.62,20252,True
030090,H206,UD,REANA DEL ROJALE,5,3,640.0,900.0,770.0,2.4,3.4,2.9,20252,True
013252,M341,CO,TREMEZZINA,4,3,1150.0,1650.0,1400.0,5.05,7.35,6.2,20252,True
028035,D040,PD,CORREZZOLA,2,2,835.0,915.0,875.0,3.1,3.5,3.3,20252,True
012002,A167,VA,ALBIZZATE,3,2,1125.0,1400.0,1262.5,3.75,5.6,4.67,20252,True
058042,D964,RM,GENAZZANO,3,2,825.0,1175.0,1000.0,3.25,4.65,3.95,20252,True
016076,C759,BG,CIVIDATE AL PIANO,2,2,700.0,860.0,780.0,3.7,4.6,4.15,20252,True
075069,H826,LE,SAN DONATO DI LECCE,3,3,390.0,495.0,450.0,1.6,2.0,1.8,20252,True
001128,E445,TO,LANZO TORINESE,4,3,700.0,1050.0,875.0,3.6,5.4,4.5,20252,True
073014,E995,TA,MARUGGIO,6,6,410.0,580.0,490.0,2.6,3.9,3.25,20252,True
001161,F422,TO,MONTANARO,3,2,510.0,770.0,640.0,3.5,5.2,4.35,20252,True
033002,A223,PC,ALSENO,2,2,590.0,880.0,735.0,1.9,2.85,2.38,20252,True
017070,D434,BS,ESINE,4,2,795.0,1000.0,897.5,2.6,3.65,3.12,20252,True
072018,C436,BA,CELLAMARE,4,3,900.0,1300.0,1100.0,3.0,4.4,3.7,20252,True
111042,F808,SU,MURAVERA,4,2,950.0,1400.0,1175.0,4.0,5.7,4.85,20252,True
022253,M430,TN,NOVELLA,6,5,1250.0,1350.0,1300.0,2.8,3.5,3.15,20252,True
021070,H152,BZ,RACINES .RATSCHINGS.,5,4,1875.0,2100.0,1987.5,5.75,7.0,6.4,20252,True
060068,I321,FR,SANT'ELIA FIUMERAPIDO,5,5,420.0,580.0,500.0,2.2,3.0,2.62,20252,True
017134,G327,BS,PARATICO,3,2,1175.0,1500.0,1337.5,3.65,4.65,4.15,20252,True
076046,E977,PZ,MARSICOVETERE,4,4,350.0,415.0,382.5,1.15,1.5,1.32,20252,True
016172,G867,BG,PONTIROLO NUOVO,3,1,825.0,1025.0,925.0,4.5,6.45,5.47,20252,True
056015,B691,VT,CAPRAROLA,3,2,575.0,800.0,687.5,2.8,3.95,3.38,20252,True
013053,B977,CO,CASNATE CON BERNATE,2,1,1250.0,1550.0,1400.0,4.2,5.5,4.85,20252,True
097061,G161,LC,OSNAGO,2,2,1025.0,1375.0,1200.0,4.05,5.6,4.82,20252,True
078154,B903,CS,VILLAPIANA,3,3,460.0,680.0,570.0,2.3,3.35,2.83,20252,True
082007,A592,PA,BALESTRATE,5,5,460.0,640.0,550.0,1.4,1.9,1.65,20252,True
075003,A185,LE,ALEZIO,2,2,390.0,495.0,442.5,1.5,1.9,1.7,20252,True
013154,F427,CO,MONTANO LUCINO,3,2,1150.0,1450.0,1300.0,4.0,5.3,4.65,20252,True
069086,I394,CH,SAN VITO CHIETINO,3,3,700.0,1035.0,867.5,3.35,5.0,4.17,20252,True
012084,E367,VA,ISPRA,5,4,975.0,1250.0,1112.5,3.3,4.85,4.08,20252,True
036047,M183,MO,ZOCCA,4,4,550.0,800.0,675.0,2.4,3.5,2.95,20252,True
003154,L670,NO,VARALLO POMBIA,5,3,770.0,1150.0,960.0,2.3,3.4,2.85,20252,True
016011,A365,BG,ARCENE,3,1,720.0,945.0,832.5,3.5,5.2,4.35,20252,True
013251,M336,CO,COLVERDE,5,3,1275.0,1475.0,1375.0,4.0,5.4,4.65,20252,True
013101,D579,CO,FIGINO SERENZA,1,1,1150.0,1700.0,1425.0,4.0,6.0,5.0,20252,True
080039,E044,RC,GIOIOSA IONICA,4,4,440.0,660.0,550.0,1.5,2.2,1.85,20252,True
067021,D043,TE,CORROPOLI,3,3,565.0,845.0,705.0,1.9,2.8,2.35,20252,True
023092,D193,VR,VERONELLA,2,2,590.0,840.0,715.0,,,,20252,True
006053,C243,AL,CASTELNUOVO SCRIVIA,2,2,475.0,710.0,592.5,2.6,3.9,3.25,20252,True
012047,C343,VA,CASTRONNO,3,2,1175.0,1425.0,1300.0,3.85,5.7,4.77,20252,True
111063,G287,SU,SAN GIOVANNI SUERGIU,2,1,625.0,825.0,725.0,2.25,3.1,2.67,20252,True
015200,I361,MI,SANTO STEFANO TICINO,2,1,1300.0,1650.0,1475.0,5.5,7.5,6.5,20252,True
083064,G209,ME,PACE DEL MELA,4,4,440.0,660.0,550.0,1.9,2.8,2.35,20252,True
027041,L267,VE,TORRE DI MOSTO,4,2,750.0,1100.0,925.0,,,,20252,True
044054,G005,AP,OFFIDA,4,4,550.0,775.0,660.0,2.2,3.3,2.75,20252,True
029048,L939,RO,VILLADOSE,3,3,750.0,1050.0,900.0,2.3,3.8,3.05,20252,True
084038,I224,AG,SANTA MARGHERITA DI BELICE,2,2,200.0,300.0,250.0,1.0,1.5,1.25,20252,True
017048,C439,BS,CELLATICA,4,2,1300.0,1575.0,1437.5,3.75,4.95,4.35,20252,True
018060,B824,PV,CURA CARPIGNANO,2,1,1030.0,1325.0,1177.5,,,,20252,True
023070,H916,VR,SAN GIOVANNI ILARIONE,2,2,700.0,1000.0,850.0,,,,20252,True
034036,I840,PR,SORAGNA,3,3,850.0,1150.0,1030.0,2.9,4.1,3.5,20252,True
024127,M427,VI,LUSIANA CONCO,3,3,660.0,845.0,752.5,,,,20252,True
003025,B043,NO,BORGO TICINO,3,2,765.0,1120.0,942.5,2.45,3.55,3.0,20252,True
065028,B895,SA,CASAL VELINO,4,4,790.0,1150.0,970.0,2.65,3.8,3.23,20252,True
033036,G842,PC,PONTE DELL'OLIO,2,2,535.0,760.0,647.5,1.75,2.5,2.12,20252,True
071055,I963,FG,STORNARELLA,3,2,575.0,850.0,712.5,1.5,2.0,1.75,20252,True
074018,L213,BR,TORCHIAROLO,4,2,500.0,625.0,562.5,2.15,2.75,2.45,20252,True
090051,G178,SS,OSSI,2,1,665.0,945.0,805.0,2.8,3.95,3.38,20252,True
015183,H371,MI,ROBECCHETTO CON INDUNO,2,1,950.0,1300.0,1125.0,3.8,5.0,4.4,20252,True
013007,A249,CO,ALZATE BRIANZA,3,2,825.0,1175.0,1000.0,2.95,3.95,3.45,20252,True
042008,C060,AN,CASTELBELLINO,4,4,610.0,875.0,742.5,1.85,2.6,2.23,20252,True
012089,E665,VA,LONATE CEPPINO,3,2,1015.0,1275.0,1145.0,3.4,4.5,3.95,20252,True
017129,G213,BS,PADENGHE SUL GARDA,5,3,1975.0,2550.0,2262.5,6.4,8.3,7.35,20252,True
041071,M413,PU,SASSOCORVARO AUDITORE,6,6,580.0,770.0,675.0,2.1,2.9,2.5,20252,True
080045,E956,RC,MARINA DI GIOIOSA IONICA,5,5,445.0,630.0,537.5,1.4,2.0,1.7,20252,True
015097,D229,MI,CUSAGO,2,1,1750.0,2450.0,2100.0,8.0,10.0,9.0,20252,True
012106,F736,VA,MORNAGO,5,4,1050.0,1350.0,1200.0,3.8,5.4,4.6,20252,True
076039,E409,PZ,LAGONEGRO,3,3,452.5,605.0,528.75,1.5,2.05,1.77,20252,True
065039,C470,SA,CENTOLA,8,8,870.0,1100.0,985.0,2.8,4.0,3.4,20252,True
079042,D257,CZ,DAVOLI,4,4,690.0,820.0,755.0,2.8,3.35,3.08,20252,True
017114,F680,BS,MONTIRONE,2,1,1000.0,1200.0,1100.0,3.5,4.4,3.95,20252,True
020036,F705,MN,MONZAMBANO,3,3,700.0,1000.0,850.0,3.25,4.75,4.0,20252,True
002137,I663,VC,SERRAVALLE SESIA,2,1,517.5,755.0,636.25,2.3,3.35,2.83,20252,True
058063,F545,RM,MONTELIBRETTI,3,2,750.0,1075.0,912.5,3.55,5.05,4.3,20252,True
061007,A755,CE,BELLONA,3,2,475.0,675.0,575.0,1.8,2.55,2.17,20252,True
075019,C336,LE,CASTRIGNANO DEL CAPO,6,6,455.0,540.0,497.5,1.45,1.8,1.62,20252,True
082046,E957,PA,MARINEO,3,3,335.0,455.0,395.0,1.1,1.5,1.3,20252,True
016190,I079,BG,SAN PELLEGRINO TERME,2,2,950.0,1125.0,1037.5,4.35,5.35,4.85,20252,True
033010,B643,PC,CAORSO,2,2,595.0,850.0,722.5,1.95,2.75,2.35,20252,True
053004,C085,GR,CASTEL DEL PIANO,3,3,540.0,790.0,665.0,2.1,3.1,2.6,20252,True
030044,E083,UD,GONARS,4,4,620.0,930.0,775.0,2.5,3.5,3.0,20252,True
022183,I964,TN,STORO,6,4,1400.0,1600.0,1500.0,2.8,3.0,2.9,20252,True
103064,I976,VB,STRESA,3,3,1300.0,1875.0,1587.5,4.4,6.4,5.4,20252,True
054004,A835,PG,BEVAGNA,4,4,530.0,750.0,640.0,2.05,2.75,2.4,20252,True
037045,F718,BO,MORDANO,4,3,900.0,1150.0,1025.0,5.25,5.75,5.5,20252,True
060008,A363,FR,ARCE,4,4,410.0,540.0,475.0,,,,20252,True
103008,A725,VB,BAVENO,4,4,1200.0,1700.0,1450.0,4.3,6.1,5.2,20252,True
080054,F779,RC,MOTTA SAN GIOVANNI,3,3,540.0,800.0,670.0,1.9,2.7,2.3,20252,True
075024,D044,LE,CORSANO,4,4,325.0,450.0,387.5,1.3,1.8,1.55,20252,True
028071,H622,PD,ROVOLON,5,3,900.0,1150.0,1025.0,3.1,4.3,3.7,20252,True
012078,E101,VA,GORLA MAGGIORE,4,3,1150.0,1350.0,1250.0,3.7,5.5,4.6,20252,True
016176,H046,BG,PRESEZZO,2,1,945.0,1175.0,1060.0,3.05,4.1,3.58,20252,True
028007,A458,PD,ARZERGRANDE,4,2,870.0,965.0,917.5,3.25,3.6,3.43,20252,True
035013,B967,RE,CASINA,3,3,520.0,740.0,630.0,1.9,2.8,2.35,20252,True
081020,I407,TP,SAN VITO LO CAPO,6,5,1675.0,2450.0,2062.5,5.4,7.8,6.6,20252,True
069008,B238,CH,BUCCHIANICO,3,3,515.0,770.0,642.5,2.35,3.5,2.92,20252,True
001293,L779,TO,VEROLENGO,2,1,615.0,915.0,765.0,3.75,5.6,4.67,20252,True
078122,H971,CS,SAN LUCIDO,2,2,440.0,620.0,530.0,2.0,2.75,2.38,20252,True
012005,A441,VA,ARSAGO SEPRIO,3,2,1100.0,1325.0,1212.5,3.65,5.4,4.52,20252,True
004081,D314,CN,DOGLIANI,4,4,640.0,955.0,797.5,2.2,3.3,2.75,20252,True
102011,D587,VV,FILADELFIA,4,4,345.0,415.0,380.0,1.45,1.85,1.65,20252,True
016188,H910,BG,SAN GIOVANNI BIANCO,2,2,735.0,900.0,817.5,2.8,3.75,3.27,20252,True
017080,E116,BS,GOTTOLENGO,2,1,950.0,1200.0,1075.0,3.4,4.1,3.75,20252,True
050025,G395,PI,PECCIOLI,3,3,810.0,1100.0,955.0,2.8,3.7,3.25,20252,True
001240,H847,TO,SAN FRANCESCO AL CAMPO,3,1,770.0,1150.0,960.0,3.85,5.75,4.8,20252,True
073016,F531,TA,MONTEIASI,3,2,520.0,755.0,637.5,2.25,3.2,2.72,20252,True
041051,H809,PU,SAN COSTANZO,6,6,830.0,1050.0,940.0,2.5,3.35,2.92,20252,True
012035,B807,VA,CARONNO VARESINO,3,2,1050.0,1325.0,1187.5,3.6,5.25,4.43,20252,True
007065,H676,AO,SAINT-VINCENT,3,3,920.0,1325.0,1122.5,4.4,6.6,5.5,20252,True
071050,I072,FG,SAN PAOLO DI CIVITATE,3,2,425.0,625.0,525.0,1.7,2.45,2.08,20252,True
016238,L929,BG,VILLA D'ADDA,4,2,795.0,1050.0,922.5,4.5,6.25,5.38,20252,True
023098,M178,VR,ZIMELLA,3,2,600.0,890.0,745.0,,,,20252,True
025036,G404,BL,PEDAVENA,3,3,760.0,910.0,805.0,2.4,3.6,3.0,20252,True
009012,A999,SV,BORGHETTO SANTO SPIRITO,7,5,2200.0,3300.0,2750.0,6.0,7.1,6.55,20252,True
094002,A080,IS,AGNONE,5,5,600.0,900.0,750.0,2.3,3.35,2.83,20252,True
017037,B698,BS,CAPRIANO DEL COLLE,3,2,1100.0,1400.0,1250.0,3.6,4.4,4.0,20252,True
045016,L946,MS,VILLAFRANCA IN LUNIGIANA,4,4,610.0,915.0,762.5,3.6,5.4,4.5,20252,True
097026,D112,LC,COSTA MASNAGA,2,1,1000.0,1250.0,1125.0,3.5,4.6,4.05,20252,True
056060,M086,VT,VITORCHIANO,3,3,750.0,1100.0,925.0,3.5,4.0,3.75,20252,True
083107,M211,ME,ACQUEDOLCI,2,2,645.0,930.0,787.5,3.8,5.5,4.65,20252,True
016234,L795,BG,VERTOVA,2,2,780.0,990.0,885.0,2.75,4.3,3.53,20252,True
091037,E441,NU,LANUSEI,3,2,440.0,655.0,547.5,1.6,2.35,1.98,20252,True
062003,A328,BN,APICE,3,2,550.0,775.0,662.5,3.0,4.4,3.7,20252,True
045009,E574,MS,LICCIANA NARDI,3,3,625.0,910.0,767.5,4.3,6.4,5.35,20252,True
015005,A127,MI,ALBAIRATE,2,1,1050.0,1500.0,1275.0,4.6,6.3,5.45,20252,True
017028,B149,BS,BRENO,4,2,805.0,1065.0,935.0,2.55,3.45,3.0,20252,True
023048,F218,VR,MINERBE,2,2,630.0,930.0,780.0,,,,20252,True
017173,I412,BS,SAN ZENO NAVIGLIO,4,2,1250.0,1500.0,1375.0,4.0,4.7,4.35,20252,True
048018,D613,FI,FIRENZUOLA,2,2,500.0,700.0,600.0,1.7,2.4,2.05,20252,True
039018,I787,RA,SOLAROLO,2,2,775.0,1100.0,937.5,3.05,4.35,3.7,20252,True
037034,E655,BO,LOIANO,2,2,650.0,975.0,812.5,,,,20252,True
042001,A092,AN,AGUGLIANO,2,2,750.0,1075.0,912.5,3.1,4.45,3.78,20252,True
052031,I445,SI,SARTEANO,4,3,700.0,1050.0,875.0,2.6,3.6,3.1,20252,True
033018,D061,PC,CORTEMAGGIORE,3,3,640.0,950.0,795.0,2.1,3.1,2.6,20252,True
103017,B615,VB,CANNOBIO,5,5,1300.0,1850.0,1575.0,4.8,6.8,5.8,20252,True
001101,D520,TO,FAVRIA,3,2,610.0,920.0,765.0,3.3,4.9,4.1,20252,True
003079,E177,NO,GRIGNASCO,3,2,740.0,1090.0,915.0,2.6,3.85,3.23,20252,True
085018,I644,CL,SERRADIFALCO,3,3,410.0,570.0,500.0,1.3,1.9,1.6,20252,True
080053,D746,RC,MONTEBELLO JONICO,6,6,445.0,660.0,552.5,1.6,2.3,1.95,20252,True
014065,L084,SO,TEGLIO,7,5,800.0,1000.0,900.0,2.8,3.5,3.15,20252,True
007020,C294,AO,CHATILLON,4,4,835.0,1125.0,980.0,3.3,4.95,4.12,20252,True
001215,H337,TO,RIVA PRESSO CHIERI,3,2,730.0,1100.0,915.0,3.3,5.0,4.15,20252,True
092066,I443,CA,SARROCH,5,2,750.0,975.0,862.5,2.75,3.6,3.17,20252,True
028096,L710,PD,VEGGIANO,5,2,900.0,1100.0,1000.0,3.5,4.0,3.8,20252,True
060058,H324,FR,RIPI,3,3,435.0,650.0,542.5,2.0,2.6,2.3,20252,True
017057,C850,BS,COLLEBEATO,4,2,1300.0,1650.0,1475.0,3.9,5.3,4.6,20252,True
040022,F259,FC,MODIGLIANA,2,2,900.0,1200.0,1050.0,3.0,4.0,3.5,20252,True
019112,L539,CR,VAILATE,2,2,550.0,850.0,700.0,3.5,5.0,4.25,20252,True
061010,B445,CE,CALVI RISORTA,2,1,475.0,710.0,592.5,1.9,2.75,2.33,20252,True
020014,C076,MN,CASTEL D'ARIO,2,2,425.0,575.0,500.0,2.8,3.8,3.3,20252,True
015185,H470,MI,RODANO,3,2,1250.0,1525.0,1387.5,4.55,5.9,5.22,20252,True
004043,B841,CN,CARRU',4,4,875.0,1300.0,1087.5,2.95,3.95,3.45,20252,True
069028,D209,CH,CUPELLO,2,2,490.0,730.0,610.0,2.25,3.35,2.8,20252,True
001035,B171,TO,BRICHERASIO,3,2,700.0,1050.0,875.0,3.3,4.9,4.1,20252,True
055029,H857,TR,SAN GEMINI,3,3,800.0,1200.0,1000.0,3.3,6.5,4.9,20252,True
014063,L035,SO,TALAMONA,4,3,750.0,950.0,850.0,2.6,3.4,3.0,20252,True
015038,B286,MI,BUSCATE,2,1,900.0,1300.0,1100.0,4.0,5.4,4.7,20252,True
079029,C616,CZ,CHIARAVALLE CENTRALE,4,4,500.0,650.0,575.0,2.3,2.9,2.6,20252,True
102030,H271,VV,RICADI,4,4,560.0,730.0,645.0,2.0,2.9,2.45,20252,True
017068,D391,BS,EDOLO,2,1,1000.0,1300.0,1150.0,3.5,4.3,3.9,20252,True
017073,D891,BS,GAMBARA,2,1,800.0,1100.0,950.0,2.9,3.7,3.3,20252,True
070029,E259,CB,GUGLIONESI,2,2,420.0,630.0,525.0,2.0,2.95,2.47,20252,True
065016,B115,SA,BRACIGLIANO,6,6,645.0,940.0,792.5,1.3,1.9,1.6,20252,True
004133,F385,CN,MONTA',2,2,720.0,1050.0,885.0,2.8,3.8,3.3,20252,True
006138,G961,AL,POZZOLO FORMIGARO,3,3,570.0,760.0,665.0,2.3,2.9,2.6,20252,True
016173,G968,BG,PRADALUNGA,2,2,800.0,900.0,850.0,2.8,3.8,3.3,20252,True
075076,I800,LE,SOLETO,3,3,395.0,520.0,455.0,1.8,2.5,2.15,20252,True
037016,C121,BO,CASTEL GUELFO DI BOLOGNA,3,3,1300.0,1700.0,1450.0,5.75,7.75,6.75,20252,True
045008,D735,MS,FOSDINOVO,4,4,825.0,1225.0,1025.0,4.3,6.1,5.2,20252,True
087021,E602,CT,LINGUAGLOSSA,3,3,335.0,497.5,416.25,1.2,1.75,1.48,20252,True
098014,C304,LO,CASTIGLIONE D'ADDA,2,2,785.0,950.0,855.0,4.1,4.85,4.47,20252,True
084009,B486,AG,CAMMARATA,3,2,340.0,510.0,425.0,1.4,2.1,1.75,20252,True
016212,L087,BG,TELGATE,3,1,800.0,1025.0,912.5,3.1,4.5,3.8,20252,True
066025,B842,AQ,CARSOLI,2,2,570.0,850.0,710.0,1.6,2.3,1.95,20252,True
028027,B877,PD,CASALE DI SCODOSIA,3,1,860.0,1000.0,930.0,3.1,3.6,3.35,20252,True
018061,D348,PV,DORNO,2,1,830.0,880.0,855.0,2.1,2.7,2.4,20252,True
025001,A083,BL,AGORDO,7,7,910.0,1100.0,1005.0,3.6,4.1,3.85,20252,True
067017,C781,TE,CIVITELLA DEL TRONTO,3,3,430.0,635.0,532.5,1.45,2.15,1.8,20252,True
012073,D951,VA,GAZZADA SCHIANNO,3,2,990.0,1250.0,1120.0,3.5,5.1,4.3,20252,True
027030,G981,VE,PRAMAGGIORE,3,2,750.0,1050.0,900.0,,,,20252,True
070057,H273,CB,RICCIA,2,2,350.0,510.0,430.0,1.9,2.8,2.35,20252,True
073006,D754,TA,FRAGAGNANO,3,2,435.0,635.0,535.0,1.75,2.6,2.17,20252,True
016057,B854,BG,CARVICO,3,1,775.0,1050.0,912.5,4.5,6.25,5.38,20252,True
064059,F566,AV,MONTEMILETTO,4,4,515.0,645.0,580.0,2.0,2.45,2.25,20252,True
021062,G328,BZ,PARCINES .PARTSCHINS.,2,2,2050.0,2550.0,2300.0,5.5,7.45,6.47,20252,True
076036,D971,PZ,GENZANO DI LUCANIA,3,3,315.0,382.5,348.75,1.2,1.55,1.38,20252,True
050024,G254,PI,PALAIA,3,3,990.0,1100.0,1045.0,3.45,4.3,3.88,20252,True
101025,I982,KR,STRONGOLI,3,3,410.0,525.0,467.5,1.7,2.4,2.05,20252,True
030117,L057,UD,TARVISIO,5,4,825.0,1225.0,1025.0,3.3,4.95,4.12,20252,True
097092,M348,LC,LA VALLETTA BRIANZA,2,2,925.0,1250.0,1087.5,3.4,4.8,4.1,20252,True
068033,G878,PE,POPOLI TERME,3,3,420.0,625.0,522.5,1.9,2.8,2.35,20252,True
016124,E509,BG,LEFFE,3,2,700.0,800.0,750.0,3.1,4.1,3.6,20252,True
017142,G546,BS,PIAN CAMUNO,3,2,955.0,1250.0,1102.5,2.9,4.25,3.58,20252,True
017206,G549,BS,PIANCOGNO,3,2,730.0,935.0,832.5,2.1,3.2,2.65,20252,True
016055,B801,BG,CAROBBIO DEGLI ANGELI,3,1,875.0,1075.0,975.0,3.35,4.95,4.15,20252,True
012006,A531,VA,AZZATE,4,2,1125.0,1400.0,1262.5,3.8,5.55,4.68,20252,True
076053,F817,PZ,MURO LUCANO,3,3,365.0,452.5,408.75,1.2,1.65,1.43,20252,True
065006,A251,SA,AMALFI,5,5,2300.0,3400.0,2850.0,4.1,5.9,5.0,20252,True
042038,G803,AN,POLVERIGI,2,2,790.0,1150.0,970.0,2.55,3.6,3.07,20252,True
108055,H529,MB,RONCELLO,3,1,1175.0,1525.0,1350.0,5.0,6.5,5.75,20252,True
042003,A366,AN,ARCEVIA,3,3,365.0,535.0,452.5,1.15,1.7,1.43,20252,True
028026,B848,PD,CARTURA,3,1,900.0,1050.0,975.0,3.6,4.1,3.85,20252,True
001093,C955,TO,CONDOVE,2,1,685.0,1015.0,850.0,3.8,5.7,4.75,20252,True
033024,E132,PC,GRAGNANO TREBBIENSE,2,2,635.0,950.0,792.5,2.05,3.05,2.55,20252,True
001275,L277,TO,TORRE PELLICE,5,3,495.0,740.0,617.5,3.2,4.8,4.0,20252,True
082057,G543,PA,PIANA DEGLI ALBANESI,4,3,405.0,565.0,485.0,1.55,2.0,1.77,20252,True
017164,H484,BS,ROE' VOLCIANO,3,2,1250.0,1475.0,1362.5,4.5,5.3,4.9,20252,True
108042,I998,MB,SULBIATE,2,1,1125.0,1375.0,1250.0,5.4,6.7,6.05,20252,True
075089,L462,LE,TUGLIE,3,3,335.0,495.0,415.0,1.15,1.65,1.4,20252,True
006047,C148,AL,CASTELLAZZO BORMIDA,3,3,500.0,750.0,625.0,3.1,4.6,3.85,20252,True
081007,D234,TP,CUSTONACI,6,5,575.0,825.0,700.0,2.05,2.95,2.5,20252,True
055017,F457,TR,MONTECASTRILLI,4,4,600.0,1000.0,800.0,3.0,5.0,4.0,20252,True
017120,F990,BS,NUVOLERA,3,2,1150.0,1400.0,1275.0,3.6,4.5,4.05,20252,True
084034,H743,AG,SAMBUCA DI SICILIA,4,3,270.0,380.0,325.0,1.0,1.5,1.25,20252,True
093040,I136,PN,SAN QUIRINO,2,2,650.0,975.0,812.5,2.45,3.55,3.0,20252,True
079059,E050,CZ,GIRIFALCO,2,2,640.0,830.0,735.0,2.8,3.6,3.2,20252,True
078105,H490,CS,ROGLIANO,3,3,400.0,555.0,477.5,1.6,2.4,2.0,20252,True
035043,L820,RE,VEZZANO SUL CROSTOLO,3,3,525.0,750.0,637.5,1.95,2.65,2.33,20252,True
001300,L948,TO,VILLAFRANCA PIEMONTE,2,1,555.0,835.0,695.0,2.9,4.35,3.62,20252,True
006081,D944,AL,GAVI,3,3,520.0,780.0,650.0,2.4,3.6,3.0,20252,True
097010,B194,LC,BRIVIO,2,1,1000.0,1200.0,1100.0,3.55,4.55,4.05,20252,True
026047,F725,TV,MORGANO,4,2,950.0,1375.0,1162.5,,,,20252,True
065097,G793,SA,POLLA,4,4,510.0,665.0,585.0,1.75,2.05,1.9,20252,True
012053,C810,VA,COCQUIO-TREVISAGO,4,3,1150.0,1400.0,1275.0,3.9,5.8,4.85,20252,True
017112,F672,BS,MONTICELLI BRUSATI,2,1,1200.0,1500.0,1350.0,4.0,4.9,4.45,20252,True
010004,A922,GE,BOGLIASCO,3,3,1950.0,2850.0,2400.0,6.0,8.9,7.45,20252,True
015202,I415,MI,SAN ZENONE AL LAMBRO,2,2,1150.0,1450.0,1300.0,4.15,5.35,4.75,20252,True
063054,G670,NA,PIMONTE,3,2,880.0,1350.0,1115.0,3.05,4.65,3.85,20252,True
018162,I236,PV,TRAVACO' SICCOMARIO,4,3,970.0,1100.0,1035.0,2.6,3.1,2.85,20252,True
076044,E919,PZ,MARATEA,11,11,830.0,1100.0,960.0,3.8,4.7,4.2,20252,True
014033,E200,SO,GROSIO,4,4,800.0,1000.0,900.0,2.8,3.5,3.15,20252,True
002042,C680,VC,CIGLIANO,2,1,480.0,710.0,595.0,2.8,4.1,3.45,20252,True
016156,G259,BG,PALAZZAGO,3,3,830.0,1100.0,965.0,3.55,4.7,4.12,20252,True
011001,A261,SP,AMEGLIA,5,5,1225.0,1800.0,1512.5,6.5,9.0,7.75,20252,True
042016,D211,AN,CUPRAMONTANA,3,3,550.0,770.0,660.0,1.9,2.7,2.3,20252,True
053001,A369,GR,ARCIDOSSO,3,3,600.0,850.0,725.0,2.15,3.0,2.58,20252,True
047022,C631,PT,CHIESINA UZZANESE,3,3,950.0,1250.0,1100.0,3.0,4.2,3.6,20252,True
026044,F332,TV,MONASTIER DI TREVISO,3,1,1050.0,1700.0,1375.0,4.1,5.7,4.9,20252,True
033045,L897,PC,VIGOLZONE,2,2,650.0,925.0,787.5,2.15,3.05,2.6,20252,True
024085,H361,VI,ROANA,6,6,1225.0,1550.0,1400.0,,,,20252,True
077028,L418,MT,TRICARICO,4,3,450.0,670.0,560.0,1.4,1.8,1.6,20252,True
036017,E264,MO,GUIGLIA,3,3,655.0,945.0,800.0,2.85,4.15,3.5,20252,True
075053,F881,LE,NEVIANO,2,2,390.0,520.0,455.0,1.2,1.6,1.4,20252,True
016047,B442,BG,CALVENZANO,3,1,680.0,835.0,757.5,3.35,4.7,4.03,20252,True
028040,D889,PD,GALZIGNANO TERME,3,2,930.0,1100.0,1015.0,3.6,4.2,3.9,20252,True
037051,G566,BO,SAN BENEDETTO VAL DI SAMBRO,3,3,650.0,800.0,725.0,,,,20252,True
062044,F717,BN,MORCONE,3,3,600.0,825.0,712.5,2.8,4.0,3.4,20252,True
053023,I504,GR,SCANSANO,4,4,610.0,910.0,760.0,2.8,3.5,3.15,20252,True
055031,I981,TR,STRONCONE,4,4,600.0,975.0,787.5,3.2,5.0,3.9,20252,True
087054,M100,CT,VIZZINI,3,3,250.0,365.0,307.5,0.85,1.25,1.05,20252,True
061004,A403,CE,ARIENZO,3,1,475.0,675.0,575.0,1.75,2.5,2.12,20252,True
015164,G181,MI,OSSONA,2,1,850.0,1300.0,1075.0,4.0,6.0,5.0,20252,True
061009,B362,CE,CAIAZZO,4,4,500.0,750.0,625.0,1.4,2.1,1.75,20252,True
058105,L192,RM,TOLFA,3,2,750.0,1075.0,912.5,3.5,5.0,4.25,20252,True
003082,E314,NO,INVORIO,4,2,755.0,1115.0,935.0,2.4,3.4,2.9,20252,True
111057,G922,SU,PORTOSCUSO,4,2,700.0,900.0,800.0,2.6,3.35,2.98,20252,True
108013,B272,MB,BURAGO DI MOLGORA,2,1,1275.0,1575.0,1425.0,5.45,6.8,6.12,20252,True
023036,D915,VR,GARDA,3,1,2500.0,3375.0,2937.5,,,,20252,True
064065,F798,AV,MUGNANO DEL CARDINALE,3,3,625.0,780.0,702.5,2.25,2.8,2.52,20252,True
093027,F596,PN,MONTEREALE VALCELLINA,3,3,475.0,700.0,587.5,2.0,3.0,2.5,20252,True
075028,D851,LE,GAGLIANO DEL CAPO,5,5,405.0,560.0,482.5,1.6,1.9,1.7,20252,True
075066,H729,LE,SALVE,4,4,490.0,620.0,555.0,2.3,2.8,2.55,20252,True
044031,F380,AP,MONSAMPOLO DEL TRONTO,3,3,765.0,1025.0,902.5,3.1,4.35,3.77,20252,True
001308,M027,TO,VILLASTELLONE,6,2,800.0,1200.0,1000.0,3.8,5.65,4.72,20252,True
022050,C372,TN,CAVALESE,4,2,2050.0,2650.0,2350.0,6.8,9.95,8.38,20252,True
058098,I284,RM,SANT'ANGELO ROMANO,2,1,700.0,1000.0,850.0,4.05,5.75,4.9,20252,True
017162,H410,BS,ROCCAFRANCA,2,1,880.0,1100.0,990.0,2.9,3.7,3.3,20252,True
021059,F950,BZ,NOVA PONENTE .DEUTSCHNOFEN.,3,3,1800.0,2400.0,2200.0,5.0,7.0,6.0,20252,True
081009,D518,TP,FAVIGNANA,7,6,1550.0,2150.0,1850.0,5.35,7.25,6.3,20252,True
024079,G776,VI,POJANA MAGGIORE,3,3,770.0,870.0,820.0,,,,20252,True
016081,C937,BG,COMUN NUOVO,4,1,825.0,1225.0,1025.0,3.65,5.0,4.32,20252,True
015158,F968,MI,NOVIGLIO,4,3,900.0,1100.0,975.0,3.0,3.8,3.35,20252,True
028042,E145,PD,GRANTORTO,2,1,860.0,1000.0,930.0,3.4,3.7,3.55,20252,True
077029,L477,MT,TURSI,6,5,300.0,450.0,375.0,1.1,1.6,1.35,20252,True
108031,F165,MB,MEZZAGO,3,1,1075.0,1400.0,1237.5,4.75,6.1,5.42,20252,True
078048,D289,CS,DIAMANTE,3,3,950.0,1350.0,1150.0,3.7,5.35,4.52,20252,True
069050,F196,CH,MIGLIANICO,2,2,555.0,830.0,692.5,2.5,3.75,3.12,20252,True
016101,D672,BG,FONTANELLA,2,2,630.0,780.0,705.0,2.2,4.0,3.1,20252,True
061085,I261,CE,SAN TAMMARO,4,2,550.0,825.0,687.5,1.8,2.7,2.25,20252,True
082050,F544,PA,MONTELEPRE,3,3,405.0,540.0,472.5,1.5,1.9,1.7,20252,True
101009,D123,KR,COTRONEI,3,3,487.5,560.0,523.75,1.5,1.9,1.7,20252,True
050036,L138,PI,TERRICCIOLA,3,3,990.0,1200.0,1095.0,3.5,4.45,3.98,20252,True
097054,F674,LC,MONTICELLO BRIANZA,5,2,965.0,1225.0,1095.0,3.7,4.45,4.08,20252,True
013004,A153,CO,ALBESE CON CASSANO,2,1,950.0,1400.0,1175.0,3.45,4.7,4.08,20252,True
016203,I869,BG,SOTTO IL MONTE GIOVANNI XXIII,2,1,860.0,1110.0,985.0,2.75,4.2,3.48,20252,True
023049,F461,VR,MONTECCHIA DI CROSARA,3,2,680.0,1000.0,840.0,,,,20252,True
018076,E195,PV,GROPELLO CAIROLI,2,1,750.0,850.0,800.0,2.5,3.2,2.85,20252,True
079087,F910,CZ,NOCERA TERINESE,4,4,640.0,875.0,757.5,3.4,4.15,3.85,20252,True
075005,A281,LE,ANDRANO,4,4,415.0,570.0,492.5,1.5,2.0,1.75,20252,True
004180,H247,CN,REVELLO,2,2,720.0,1050.0,885.0,2.5,3.6,3.05,20252,True
022025,B153,TN,BRENTONICO,2,1,1400.0,1600.0,1500.0,3.8,4.5,4.15,20252,True
001255,I258,TO,SANT'AMBROGIO DI TORINO,2,1,730.0,1100.0,915.0,3.6,5.4,4.5,20252,True
043025,F268,MC,MOGLIANO,3,3,750.0,1050.0,900.0,2.5,3.7,3.1,20252,True
016142,F786,BG,MOZZANICA,3,1,700.0,950.0,825.0,3.7,4.6,4.15,20252,True
042048,I758,AN,SIROLO,4,4,1300.0,1900.0,1600.0,4.8,7.05,5.95,20252,True
081019,I291,TP,SANTA NINFA,5,4,335.0,475.0,412.5,1.3,1.75,1.52,20252,True
040043,I310,FC,SANTA SOFIA,2,2,900.0,1200.0,1050.0,3.0,4.0,3.5,20252,True
024046,E184,VI,GRISIGNANO DI ZOCCO,4,2,710.0,870.0,790.0,,,,20252,True
098037,F028,LO,MASSALENGO,2,2,960.0,1400.0,1180.0,4.5,6.15,5.32,20252,True
062057,H764,BN,SAN BARTOLOMEO IN GALDO,2,2,450.0,600.0,525.0,2.5,3.4,2.95,20252,True
043009,C251,MC,CASTELRAIMONDO,2,2,650.0,900.0,775.0,2.05,3.35,2.7,20252,True
060079,L290,FR,TORRICE,3,3,435.0,650.0,542.5,,,,20252,True
080005,A385,RC,ARDORE,7,7,410.0,595.0,505.0,1.4,1.9,1.65,20252,True
014009,B049,SO,BORMIO,4,3,3450.0,4050.0,3750.0,8.7,10.45,9.57,20252,True
025011,C577,BL,CESIOMAGGIORE,3,3,685.0,835.0,747.5,2.25,3.35,2.8,20252,True
075051,F816,LE,MURO LECCESE,2,2,390.0,495.0,442.5,1.3,1.9,1.6,20252,True
087010,B384,CT,CALATABIANO,5,5,340.0,480.0,410.0,1.2,1.75,1.48,20252,True
063039,E557,NA,LETTERE,3,2,855.0,1325.0,1090.0,2.85,4.45,3.65,20252,True
016018,A557,BG,BAGNATICA,4,2,925.0,1150.0,1037.5,4.5,5.7,5.1,20252,True
097017,B996,LC,CASSAGO BRIANZA,3,1,925.0,1200.0,1062.5,3.3,4.4,3.85,20252,True
035041,L184,RE,TOANO,4,4,545.0,695.0,620.0,1.95,2.6,2.27,20252,True
084018,E209,AG,GROTTE,3,2,290.0,435.0,362.5,1.1,1.65,1.38,20252,True
021060,G083,BZ,ORA .AUER.,3,2,2350.0,2850.0,2600.0,7.15,9.05,8.1,20252,True
065055,E026,SA,GIFFONI SEI CASALI,5,5,660.0,940.0,800.0,1.9,2.7,2.3,20252,True
015144,F155,MI,MESERO,3,1,1150.0,1450.0,1300.0,5.0,6.5,5.75,20252,True
023072,H944,VR,SANGUINETTO,2,1,600.0,890.0,745.0,,,,20252,True
065017,B242,SA,BUCCINO,5,4,535.0,715.0,625.0,1.35,1.85,1.6,20252,True
065087,G226,SA,PADULA,3,3,500.0,640.0,570.0,1.9,2.6,2.25,20252,True
007054,H110,AO,QUART,5,5,1100.0,1550.0,1325.0,4.65,6.95,5.8,20252,True
061012,B581,CE,CANCELLO ED ARNONE,2,2,475.0,700.0,587.5,1.85,2.5,2.18,20252,True
111059,H738,SU,SAMASSI,2,1,500.0,700.0,600.0,2.05,2.9,2.47,20252,True
093053,M346,PN,VALVASONE ARZENE,3,3,600.0,800.0,700.0,2.5,3.7,3.1,20252,True
095047,I205,OR,SANTA GIUSTA,3,3,620.0,930.0,775.0,2.85,3.95,3.4,20252,True
022061,C756,TN,CIVEZZANO,6,4,1675.0,1925.0,1800.0,4.0,5.0,4.5,20252,True
023035,D818,VR,FUMANE,2,2,790.0,1000.0,895.0,,,,20252,True
028088,I938,PD,STANGHELLA,4,2,880.0,1000.0,940.0,3.75,4.3,4.03,20252,True
016224,L545,BG,VALBREMBO,4,3,990.0,1200.0,1095.0,6.2,7.1,6.65,20252,True
046021,F452,LU,MONTECARLO,4,4,890.0,1300.0,1095.0,3.3,4.65,3.98,20252,True
021067,H004,BZ,PRATO ALLO STELVIO .PRAD AM STILFSERJOCH.,3,2,2300.0,2700.0,2500.0,5.75,7.45,6.6,20252,True
027015,D740,VE,FOSSALTA DI PIAVE,3,1,850.0,1100.0,975.0,,,,20252,True
060007,A348,FR,AQUINO,3,3,490.0,650.0,570.0,1.9,2.55,2.22,20252,True
021081,H956,BZ,SAN LORENZO DI SEBATO .ST LORENZEN.,4,3,1700.0,2100.0,1900.0,4.3,5.3,4.8,20252,True
022034,B404,TN,CALDONAZZO,4,2,1425.0,1775.0,1600.0,3.0,4.1,3.55,20252,True
035046,M364,RE,VENTASSO,7,7,450.0,585.0,525.0,1.75,2.25,2.0,20252,True
080055,G082,RC,OPPIDO MAMERTINA,5,5,340.0,470.0,405.0,1.15,1.55,1.35,20252,True
111103,L998,SU,VILLAPUTZU,3,2,750.0,1100.0,925.0,3.0,4.2,3.6,20252,True
021006,A537,BZ,BADIA .ABTEI.,4,3,3600.0,5500.0,4550.0,10.5,18.3,14.4,20252,True
012107,G008,VA,OGGIONA CON SANTO STEFANO,3,2,1100.0,1350.0,1225.0,3.65,5.35,4.5,20252,True
013046,B778,CO,CARIMATE,3,1,1075.0,1575.0,1325.0,3.85,5.6,4.72,20252,True
066020,B656,AQ,CAPISTRELLO,2,2,355.0,525.0,440.0,1.4,2.05,1.73,20252,True
022007,A520,TN,AVIO,6,4,1350.0,1550.0,1450.0,4.5,5.5,5.0,20252,True
014007,A787,SO,BERBENNO DI VALTELLINA,7,6,800.0,1000.0,900.0,2.5,3.2,2.85,20252,True
028094,L414,PD,TRIBANO,3,1,930.0,1050.0,990.0,3.8,4.1,3.95,20252,True
103025,D168,VB,CREVOLADOSSOLA,3,3,800.0,1200.0,1000.0,3.2,4.4,3.8,20252,True
056005,A704,VT,BASSANO ROMANO,3,2,650.0,950.0,800.0,3.4,4.3,3.85,20252,True
036001,A713,MO,BASTIGLIA,3,3,900.0,1325.0,1112.5,3.9,5.7,4.8,20252,True
111041,F333,SU,MONASTIR,3,1,750.0,1025.0,887.5,2.85,3.85,3.35,20252,True
017138,G407,BS,SAN PAOLO,2,1,830.0,1100.0,965.0,2.8,3.7,3.25,20252,True
075091,L485,LE,UGGIANO LA CHIESA,3,3,390.0,465.0,427.5,1.6,2.3,1.95,20252,True
012105,F711,VA,MORAZZONE,3,2,1175.0,1425.0,1300.0,3.8,5.6,4.7,20252,True
041001,A035,PU,ACQUALAGNA,4,4,725.0,960.0,842.5,2.7,3.5,3.1,20252,True
111075,I615,SU,SENORBI',2,2,650.0,850.0,750.0,2.5,3.2,2.85,20252,True
064015,B415,AV,CALITRI,4,4,440.0,510.0,475.0,1.95,2.4,2.17,20252,True
054003,A832,PG,BETTONA,3,3,450.0,620.0,535.0,1.7,2.3,2.0,20252,True
024102,I867,VI,SOSSANO,3,2,700.0,800.0,750.0,,,,20252,True
016123,E422,BG,LALLIO,3,2,1100.0,1300.0,1200.0,5.9,6.5,6.2,20252,True
080049,F106,RC,MELICUCCO,3,3,370.0,500.0,435.0,1.2,1.6,1.4,20252,True
020008,B612,MN,CANNETO SULL'OGLIO,2,2,400.0,550.0,475.0,2.65,3.65,3.15,20252,True
030014,B309,UD,BUTTRIO,3,2,625.0,920.0,772.5,2.5,3.7,3.1,20252,True
077011,E147,MT,GRASSANO,5,5,500.0,700.0,600.0,1.2,1.5,1.35,20252,True
079060,E068,CZ,GIZZERIA,3,3,650.0,790.0,720.0,2.8,3.45,3.12,20252,True
001148,F067,TO,MAZZE',4,2,470.0,710.0,590.0,2.8,4.2,3.5,20252,True
098004,A995,LO,BORGHETTO LODIGIANO,2,2,890.0,1200.0,1045.0,4.25,5.4,4.83,20252,True
070081,L435,CB,TRIVENTO,3,2,355.0,530.0,442.5,1.8,2.7,2.25,20252,True
063013,B565,NA,CAMPOSANO,3,2,680.0,1050.0,865.0,2.25,3.5,2.88,20252,True
067026,E343,TE,ISOLA DEL GRAN SASSO D'ITALIA,5,4,460.0,690.0,575.0,1.55,2.3,1.93,20252,True
075077,I887,LE,SPECCHIA,3,2,335.0,495.0,415.0,1.2,1.6,1.4,20252,True
013023,A870,CO,BINAGO,2,1,1100.0,1350.0,1225.0,3.5,4.8,4.15,20252,True
097045,E858,LC,MALGRATE,2,2,1000.0,1350.0,1175.0,3.8,5.3,4.55,20252,True
016070,C459,BG,CENE,2,2,780.0,990.0,885.0,3.5,4.8,4.15,20252,True
016253,M334,BG,VAL BREMBILLA,3,3,675.0,800.0,737.5,3.5,4.0,3.8,20252,True
076012,A743,PZ,BELLA,3,3,355.0,397.5,376.25,1.15,1.45,1.3,20252,True
030083,H029,UD,PREMARIACCO,3,2,600.0,890.0,745.0,2.4,3.6,3.0,20252,True
097004,A594,LC,BALLABIO,2,2,1000.0,1350.0,1175.0,4.1,5.7,4.9,20252,True
023054,F921,VR,NOGAROLE ROCCA,4,2,1050.0,1350.0,1200.0,,,,20252,True
108047,L709,MB,VEDUGGIO CON COLZANO,3,1,950.0,1250.0,1100.0,3.8,5.4,4.6,20252,True
071038,G487,FG,PESCHICI,5,4,1250.0,1800.0,1525.0,3.2,4.7,3.95,20252,True
028041,D956,PD,GAZZO,3,2,810.0,1000.0,905.0,3.4,3.7,3.55,20252,True
064034,D701,AV,FORINO,3,3,480.0,595.0,537.5,2.0,2.4,2.2,20252,True
013188,G847,CO,PONTE LAMBRO,2,1,875.0,1275.0,1075.0,3.1,4.5,3.8,20252,True
014071,L557,SO,VALDIDENTRO,5,5,1675.0,2075.0,1875.0,5.2,6.4,5.83,20252,True
090079,L604,SS,VALLEDORIA,4,3,1175.0,1575.0,1375.0,4.9,6.6,5.75,20252,True
028078,I107,PD,SAN PIETRO IN GU,3,2,950.0,1100.0,1025.0,4.1,4.7,4.4,20252,True
035011,B825,RE,CARPINETI,3,3,470.0,680.0,575.0,1.7,2.2,1.95,20252,True
055001,A045,TR,ACQUASPARTA,3,3,550.0,850.0,700.0,3.0,4.5,3.75,20252,True
111030,E086,SU,GONNESA,4,3,600.0,800.0,700.0,2.0,2.7,2.35,20252,True
004143,F723,CN,MORETTA,2,2,720.0,1050.0,885.0,2.5,3.6,3.05,20252,True
016049,B618,BG,CANONICA D'ADDA,3,1,780.0,960.0,870.0,3.15,4.1,3.62,20252,True
043003,A334,MC,APPIGNANO,3,3,700.0,1000.0,850.0,2.5,3.7,3.1,20252,True
111078,I667,SU,SERRENTI,2,1,525.0,750.0,637.5,2.15,3.0,2.58,20252,True
062037,E249,BN,GUARDIA SANFRAMONDI,2,2,500.0,700.0,600.0,2.2,3.2,2.7,20252,True
042032,F978,AN,NUMANA,5,5,1350.0,1950.0,1650.0,4.3,6.35,5.3,20252,True
028004,A296,PD,ANGUILLARA VENETA,2,1,810.0,950.0,880.0,2.9,3.3,3.1,20252,True
020054,H652,MN,SABBIONETA,4,4,425.0,575.0,500.0,2.75,3.75,3.25,20252,True
021057,F856,BZ,NAZ-SCIAVES .NATZ-SCHABS.,4,3,2200.0,2500.0,2350.0,6.4,8.3,7.35,20252,True
016187,H615,BG,ROVETTA,3,3,715.0,950.0,832.5,3.25,4.5,3.88,20252,True
016020,A664,BG,BARIANO,3,1,760.0,940.0,850.0,2.9,3.9,3.4,20252,True
037040,F363,BO,MONGHIDORO,3,3,475.0,625.0,550.0,,,,20252,True
006154,I144,AL,SAN SALVATORE MONFERRATO,4,4,410.0,615.0,512.5,2.1,3.1,2.6,20252,True
010049,H536,GE,RONCO SCRIVIA,3,3,452.5,670.0,561.25,2.4,3.5,2.95,20252,True
070069,H990,CB,SAN MARTINO IN PENSILIS,2,2,360.0,540.0,450.0,1.9,2.85,2.38,20252,True
033026,E726,PC,LUGAGNANO VAL D'ARDA,2,2,520.0,715.0,617.5,1.7,2.35,2.02,20252,True
015026,A920,MI,BOFFALORA SOPRA TICINO,2,1,900.0,1400.0,1150.0,3.6,5.6,4.6,20252,True
013242,L792,CO,VERTEMATE CON MINOPRIO,2,1,1050.0,1450.0,1250.0,3.65,5.2,4.42,20252,True
023030,D118,VR,COSTERMANO SUL GARDA,3,2,1700.0,2400.0,2050.0,,,,20252,True
014060,I828,SO,SONDALO,6,6,900.0,1150.0,1037.5,3.0,3.8,3.42,20252,True
013249,M315,CO,GRAVEDONA ED UNITI,4,4,925.0,1300.0,1112.5,2.8,4.1,3.45,20252,True
086003,A478,EN,ASSORO,7,5,290.0,420.0,350.0,1.0,1.5,1.25,20252,True
012086,E494,VA,LAVENA PONTE TRESA,4,3,1200.0,1500.0,1350.0,4.0,5.9,4.95,20252,True
013131,E638,CO,LOCATE VARESINO,2,1,1100.0,1250.0,1175.0,3.5,4.6,4.05,20252,True
004022,A805,CN,BERNEZZO,3,3,840.0,1250.0,1045.0,2.7,3.6,3.15,20252,True
060076,L009,FR,SUPINO,4,3,325.0,455.0,390.0,,,,20252,True
054006,B609,PG,CANNARA,3,3,485.0,640.0,562.5,1.85,2.35,2.1,20252,True
018135,H859,PV,SAN GENESIO ED UNITI,2,1,1100.0,1300.0,1200.0,3.5,4.1,3.8,20252,True
002071,E626,VC,LIVORNO FERRARIS,2,1,512.5,745.0,628.75,2.5,3.65,3.08,20252,True
044063,H321,AP,RIPATRANSONE,3,3,640.0,850.0,745.0,2.6,3.6,3.1,20252,True
022167,I042,TN,SAN MICHELE ALL'ADIGE,3,2,1500.0,1750.0,1625.0,3.65,4.8,4.22,20252,True
069059,G237,CH,PAGLIETA,2,2,490.0,730.0,610.0,2.25,3.35,2.8,20252,True
025039,G642,BL,PIEVE DI CADORE,3,3,1005.0,1175.0,1090.0,3.75,4.45,4.1,20252,True
083108,M286,ME,TORRENOVA,2,2,600.0,865.0,732.5,2.7,4.0,3.35,20252,True
052020,G547,SI,PIANCASTAGNAIO,6,5,740.0,1100.0,920.0,2.4,3.2,2.8,20252,True
029044,H996,RO,SAN MARTINO DI VENEZZE,2,2,675.0,925.0,800.0,2.0,2.6,2.3,20252,True
029002,A400,RO,ARIANO NEL POLESINE,2,2,630.0,850.0,740.0,2.0,2.8,2.4,20252,True
090054,G258,SS,PALAU,9,8,2000.0,2850.0,2375.0,8.3,11.8,9.85,20252,True
013189,G889,CO,PORLEZZA,5,3,1100.0,1600.0,1350.0,4.2,5.8,5.0,20252,True
010060,I852,GE,SORI,3,3,1575.0,2325.0,1950.0,5.6,8.25,6.92,20252,True
056038,F606,VT,MONTEROSI,5,2,725.0,1050.0,887.5,4.1,5.7,4.9,20252,True
065136,I451,SA,SASSANO,3,3,500.0,640.0,570.0,2.0,2.6,2.3,20252,True
021098,L111,BZ,TERMENO SULLA STRADA DEL VINO .TRAMIN AN DER.,2,2,2050.0,2450.0,2250.0,5.75,7.35,6.55,20252,True
049004,B669,LI,CAPOLIVERI,6,4,1775.0,2500.0,2137.5,7.6,11.05,9.32,20252,True
012139,L876,VA,VIGGIU',4,3,940.0,1200.0,1070.0,3.2,4.7,3.95,20252,True
001237,H789,TO,SAN CARLO CANAVESE,3,2,770.0,1150.0,960.0,3.4,5.1,4.25,20252,True
095025,E972,OR,MARRUBIU,2,2,560.0,815.0,687.5,1.8,2.55,2.17,20252,True
019116,M418,CR,PIADENA DRIZZONA,3,3,450.0,600.0,525.0,3.0,4.0,3.5,20252,True
069018,C114,CH,CASTEL FRENTANO,2,2,555.0,830.0,692.5,2.5,3.75,3.12,20252,True
020007,B110,MN,BOZZOLO,3,3,400.0,550.0,475.0,2.6,3.55,3.05,20252,True
029022,D577,RO,FIESSO UMBERTIANO,2,2,650.0,925.0,787.5,2.0,2.6,2.3,20252,True
002107,H108,VC,QUARONA,2,1,550.0,820.0,685.0,2.9,4.2,3.55,20252,True
079036,D181,CZ,CROPANI,3,3,580.0,675.0,627.5,2.65,3.1,2.88,20252,True
096026,D848,BI,GAGLIANICO,2,2,395.0,585.0,490.0,2.6,3.7,3.15,20252,True
012030,B634,VA,CANTELLO,4,3,1050.0,1350.0,1200.0,3.5,5.2,4.35,20252,True
019016,B869,CR,CASALBUTTANO ED UNITI,2,2,400.0,575.0,487.5,2.5,3.5,3.0,20252,True
013255,M412,CO,SOLBIATE CON CAGNO,3,2,950.0,1275.0,1112.5,3.2,4.5,3.85,20252,True
036033,H061,MO,PRIGNANO SULLA SECCHIA,2,2,650.0,965.0,807.5,2.6,3.75,3.17,20252,True
086007,C471,EN,CENTURIPE,7,5,380.0,565.0,472.5,1.3,1.9,1.6,20252,True
017197,L812,BS,VESTONE,4,3,800.0,980.0,890.0,3.0,3.7,3.35,20252,True
026034,E092,TV,GORGO AL MONTICANO,4,1,860.0,1000.0,930.0,2.8,4.0,3.4,20252,True
029012,C207,RO,CASTELMASSA,2,2,750.0,1075.0,912.5,2.3,3.5,2.9,20252,True
079133,I745,CZ,SIMERI CRICHI,6,6,510.0,610.0,560.0,2.0,2.3,2.15,20252,True
001183,G398,TO,PECETTO TORINESE,5,3,940.0,1400.0,1170.0,3.7,5.6,4.65,20252,True
012121,I793,VA,SOLBIATE ARNO,3,2,1100.0,1350.0,1225.0,3.65,5.4,4.52,20252,True
024017,B196,VI,BROGLIANO,2,2,845.0,985.0,915.0,,,,20252,True
090057,G740,SS,PLOAGHE,2,1,530.0,740.0,635.0,2.2,3.05,2.62,20252,True
083010,B695,ME,CAPRI LEONE,3,3,490.0,730.0,610.0,1.25,1.85,1.55,20252,True
028011,A714,PD,BATTAGLIA TERME,3,1,860.0,995.0,927.5,3.35,4.0,3.67,20252,True
037031,E187,BO,GRIZZANA MORANDI,5,5,700.0,1000.0,850.0,3.0,6.0,4.5,20252,True
073028,L294,TA,TORRICELLA,4,3,447.5,660.0,553.75,1.7,2.4,2.05,20252,True
038023,M110,FE,VOGHIERA,4,4,540.0,775.0,655.0,2.8,3.7,3.25,20252,True
016155,G249,BG,PALADINA,2,2,1095.0,1400.0,1247.5,4.85,6.9,5.88,20252,True
013099,D482,CO,FALOPPIO,2,2,1000.0,1350.0,1175.0,3.15,4.55,3.85,20252,True
017104,E928,BS,MARCHENO,5,2,815.0,1040.0,927.5,3.0,3.8,3.4,20252,True
023045,E848,VR,MALCESINE,4,3,2400.0,3100.0,2700.0,,,,20252,True
020034,F086,MN,MEDOLE,2,2,400.0,575.0,487.5,2.65,3.75,3.2,20252,True
082028,C496,PA,CERDA,3,3,315.0,460.0,387.5,1.4,1.7,1.55,20252,True
076057,G261,PZ,PALAZZO SAN GERVASIO,3,3,337.5,420.0,376.25,1.15,1.55,1.35,20252,True
016087,D126,BG,COVO,3,3,640.0,790.0,715.0,3.5,4.6,4.05,20252,True
083096,I881,ME,SPADAFORA,3,2,700.0,1005.0,852.5,3.85,5.65,4.75,20252,True
030114,L039,UD,TALMASSONS,3,2,645.0,945.0,795.0,2.5,3.7,3.1,20252,True
042043,I251,AN,SANTA MARIA NUOVA,2,2,555.0,770.0,662.5,1.5,2.0,1.75,20252,True
060023,C338,FR,CASTRO DEI VOLSCI,3,3,370.0,550.0,460.0,,,,20252,True
001256,I296,TO,SANT'ANTONINO DI SUSA,4,2,530.0,800.0,665.0,3.8,5.7,4.75,20252,True
001284,L555,TO,VAL DELLA TORRE,2,1,750.0,1105.0,927.5,3.8,5.7,4.75,20252,True
108037,H233,MB,RENATE,3,1,850.0,1350.0,1100.0,3.7,5.9,4.8,20252,True
028061,G461,PD,PERNUMIA,2,2,900.0,1200.0,1050.0,3.4,3.8,3.6,20252,True
016131,E794,BG,MADONE,3,1,790.0,1020.0,905.0,2.55,3.75,3.15,20252,True
004213,I367,CN,SANTO STEFANO BELBO,4,4,750.0,1100.0,925.0,2.7,3.7,3.2,20252,True
078146,L124,CS,TERRANOVA DA SIBARI,2,2,380.0,470.0,425.0,1.55,2.05,1.8,20252,True
069094,L284,CH,TORREVECCHIA TEATINA,2,2,555.0,830.0,692.5,2.5,3.75,3.12,20252,True
053003,B646,GR,CAPALBIO,5,5,1625.0,2350.0,1987.5,4.1,5.85,4.97,20252,True
006151,H694,AL,SALE,3,3,400.0,600.0,500.0,2.6,3.9,3.25,20252,True
080097,M277,RC,SAN FERDINANDO,4,3,455.0,650.0,552.5,1.6,2.2,1.9,20252,True
041057,I287,PU,SANT'ANGELO IN VADO,3,2,550.0,770.0,660.0,2.0,2.9,2.45,20252,True
016059,B971,BG,CASIRATE D'ADDA,3,1,730.0,935.0,832.5,3.7,4.6,4.15,20252,True
063038,E396,NA,LACCO AMENO,3,3,1725.0,2650.0,2187.5,5.05,7.75,6.4,20252,True
096040,F992,BI,OCCHIEPPO INFERIORE,3,2,470.0,680.0,575.0,3.1,4.4,3.8,20252,True
022222,L957,TN,VILLA LAGARINA,5,3,1500.0,1700.0,1600.0,3.5,4.0,3.75,20252,True
079012,B085,CZ,BOTRICELLO,4,4,560.0,700.0,625.0,2.3,2.9,2.6,20252,True
013147,F151,CO,MERONE,1,1,825.0,1200.0,1012.5,3.0,4.0,3.5,20252,True
101019,H403,KR,ROCCA DI NETO,2,2,510.0,645.0,582.5,1.3,1.8,1.55,20252,True
019113,L806,CR,VESCOVATO,2,2,400.0,550.0,475.0,2.5,3.5,3.0,20252,True
057007,B008,RI,BORGOROSE,4,4,300.0,450.0,375.0,2.5,3.5,3.0,20252,True
001307,M014,TO,VILLAR PEROSA,4,2,570.0,860.0,715.0,2.95,4.45,3.7,20252,True
035035,H500,RE,ROLO,3,3,635.0,850.0,742.5,2.6,3.25,2.92,20252,True
060053,G659,FR,PIGLIO,4,4,330.0,455.0,392.5,,,,20252,True
017010,A578,BS,BAGOLINO,3,2,850.0,1150.0,1000.0,3.1,4.1,3.6,20252,True
015122,E610,MI,LISCATE,2,1,1350.0,1650.0,1500.0,5.8,7.35,6.58,20252,True
056058,L882,VT,VIGNANELLO,3,2,525.0,785.0,655.0,3.0,4.3,3.65,20252,True
015050,B820,MI,CARPIANO,2,1,1500.0,1850.0,1675.0,6.3,8.8,7.55,20252,True
030109,I562,UD,SEDEGLIANO,3,2,645.0,945.0,795.0,2.5,3.7,3.1,20252,True
023068,H714,VR,SALIZZOLE,2,2,600.0,890.0,745.0,,,,20252,True
080029,C954,RC,CONDOFURI,6,6,485.0,710.0,597.5,1.65,2.35,2.0,20252,True
004116,E894,CN,MANTA,4,4,780.0,1125.0,952.5,2.5,3.6,3.05,20252,True
015244,M102,MI,VIZZOLO PREDABISSI,2,1,1150.0,1500.0,1325.0,4.5,6.0,5.25,20252,True
013250,M335,CO,BELLAGIO,4,3,1150.0,1400.0,1275.0,3.7,5.0,4.35,20252,True
021028,D311,BZ,DOBBIACO .TOBLACH.,5,4,2050.0,3950.0,3025.0,5.8,12.35,9.65,20252,True
097020,C521,LC,CERNUSCO LOMBARDONE,2,1,1050.0,1400.0,1225.0,3.95,5.35,4.65,20252,True
085017,I169,CL,SANTA CATERINA VILLARMOSA,3,3,280.0,420.0,350.0,1.0,1.5,1.25,20252,True
003130,H502,NO,ROMAGNANO SESIA,5,3,930.0,1350.0,1140.0,2.8,4.0,3.4,20252,True
111105,B738,SU,VILLASIMIUS,5,2,1850.0,2550.0,2200.0,6.5,8.9,7.7,20252,True
071025,E332,FG,ISCHITELLA,5,4,500.0,750.0,625.0,1.5,2.1,1.8,20252,True
053024,I510,GR,SCARLINO,4,4,1400.0,2050.0,1750.0,3.5,5.1,4.3,20252,True
022199,L174,TN,TIONE DI TRENTO,6,2,1375.0,1700.0,1537.5,3.75,4.5,4.12,20252,True
018048,C637,PV,CHIGNOLO PO,2,1,1100.0,1200.0,1150.0,2.4,2.5,2.45,20252,True
017196,L778,BS,VEROLAVECCHIA,2,2,810.0,1010.0,910.0,2.65,3.45,3.05,20252,True
078143,I896,CS,SPEZZANO DELLA SILA,3,3,475.0,620.0,547.5,1.7,2.4,2.05,20252,True
001116,E067,TO,GIVOLETTO,2,1,970.0,1450.0,1210.0,4.05,6.0,5.03,20252,True
049013,E680,LI,PORTO AZZURRO,5,4,2550.0,3400.0,2975.0,9.6,13.8,11.85,20252,True
031015,H514,GO,ROMANS D'ISONZO,2,2,615.0,755.0,685.0,2.75,3.6,3.2,20252,True
061036,D769,CE,FRANCOLISE,3,2,450.0,650.0,550.0,1.3,1.95,1.62,20252,True
066072,G726,AQ,PIZZOLI,2,2,615.0,800.0,707.5,1.7,2.5,2.1,20252,True
077013,E326,MT,IRSINA,4,4,380.0,550.0,465.0,1.1,1.4,1.25,20252,True
090048,G046,SS,OLMEDO,2,1,855.0,1205.0,1030.0,3.6,5.05,4.32,20252,True
080042,E479,RC,LAUREANA DI BORRELLO,3,3,360.0,512.5,436.25,1.2,1.6,1.4,20252,True
027001,A302,VE,ANNONE VENETO,3,2,700.0,1000.0,850.0,,,,20252,True
015222,L415,MI,TRIBIANO,2,1,1475.0,1650.0,1562.5,5.5,6.9,6.2,20252,True
017122,G006,BS,OFFLAGA,3,2,895.0,1150.0,1022.5,3.1,4.0,3.55,20252,True
015055,B938,MI,CASARILE,2,1,1300.0,1600.0,1450.0,5.8,7.0,6.4,20252,True
080085,I537,RC,SCILLA,6,6,630.0,910.0,770.0,2.4,3.2,2.8,20252,True
063088,M072,NA,VISCIANO,3,3,580.0,890.0,735.0,1.9,3.0,2.45,20252,True
012128,L342,VA,TRAVEDONA-MONATE,3,2,1100.0,1325.0,1212.5,3.7,5.45,4.58,20252,True
067019,C901,TE,COLONNELLA,5,5,595.0,885.0,740.0,2.0,2.95,2.48,20252,True
108038,H537,MB,RONCO BRIANTINO,3,1,1250.0,1550.0,1400.0,4.7,6.25,5.47,20252,True
058020,B828,RM,CARPINETO ROMANO,2,1,650.0,975.0,812.5,3.15,4.55,3.85,20252,True
097022,C752,LC,CIVATE,2,2,950.0,1175.0,1062.5,3.55,4.4,3.98,20252,True
015136,F003,MI,MASATE,3,1,1200.0,1475.0,1337.5,4.9,6.4,5.65,20252,True
024047,E226,VI,GRUMOLO DELLE ABBADESSE,4,1,770.0,870.0,820.0,,,,20252,True
017086,E364,BS,ISORELLA,2,1,930.0,1100.0,1015.0,3.4,4.1,3.75,20252,True
021080,H952,BZ,SAN LEONARDO IN PASSIRIA .ST LEONHARD IN PAS.,3,2,1800.0,2250.0,2025.0,5.7,7.05,6.38,20252,True
030020,C327,UD,CASTIONS DI STRADA,3,2,635.0,935.0,785.0,2.5,3.7,3.1,20252,True
015016,A751,MI,BELLINZAGO LOMBARDO,2,1,1175.0,1525.0,1350.0,5.25,6.65,5.95,20252,True
030048,E553,UD,LESTIZZA,3,2,650.0,955.0,802.5,2.45,3.65,3.05,20252,True
054055,L466,PG,TUORO SUL TRASIMENO,4,4,480.0,670.0,580.0,1.8,2.4,2.05,20252,True
029037,G782,RO,POLESELLA,3,3,650.0,900.0,775.0,2.2,3.0,2.6,20252,True
076040,E474,PZ,LATRONICO,5,5,375.0,440.0,407.5,1.15,1.5,1.33,20252,True
061003,A243,CE,ALVIGNANO,2,1,475.0,700.0,587.5,1.4,2.1,1.75,20252,True
059021,H413,LT,ROCCAGORGA,2,2,440.0,640.0,540.0,2.5,3.6,3.05,20252,True
002128,H725,VC,SALUGGIA,3,2,490.0,720.0,605.0,2.2,3.2,2.7,20252,True
095021,E004,OR,GHILARZA,2,2,450.0,670.0,560.0,1.75,2.6,2.17,20252,True
064083,I016,AV,SAN MARTINO VALLE CAUDINA,4,4,450.0,570.0,510.0,1.95,2.3,2.12,20252,True
017168,H650,BS,SABBIO CHIESE,3,2,840.0,1015.0,927.5,2.8,3.7,3.25,20252,True
098048,I012,LO,SAN MARTINO IN STRADA,3,3,1175.0,1525.0,1375.0,4.65,5.7,5.17,20252,True
019002,A076,CR,AGNADELLO,2,2,600.0,850.0,725.0,3.5,5.0,4.25,20252,True
024040,D496,VI,FARA VICENTINO,4,2,715.0,845.0,780.0,,,,20252,True
056008,A949,VT,BOLSENA,3,2,865.0,1250.0,1057.5,4.5,5.4,4.95,20252,True
020018,C406,MN,CAVRIANA,3,3,400.0,600.0,500.0,2.5,3.5,3.0,20252,True
058035,C900,RM,COLONNA,5,4,1100.0,1600.0,1350.0,4.5,6.5,5.5,20252,True
017119,F989,BS,NUVOLENTO,3,2,1150.0,1400.0,1275.0,3.6,4.5,4.05,20252,True
086020,M011,EN,VILLAROSA,5,4,270.0,390.0,330.0,0.95,1.4,1.18,20252,True
083052,F251,ME,MISTRETTA,3,3,290.0,425.0,357.5,1.45,2.05,1.75,20252,True
035018,C669,RE,CANOSSA,2,2,625.0,925.0,775.0,2.35,3.4,2.88,20252,True
079069,E834,CZ,MAIDA,5,5,487.5,585.0,536.25,1.5,1.9,1.7,20252,True
097062,G218,LC,PADERNO D'ADDA,2,2,925.0,1250.0,1087.5,3.5,5.0,4.25,20252,True
005022,C049,AT,CASTAGNOLE DELLE LANZE,2,2,435.0,650.0,542.5,2.2,3.1,2.65,20252,True
035045,L969,RE,VILLA MINOZZO,5,5,365.0,510.0,435.0,1.55,2.0,1.77,20252,True
019066,G260,CR,PALAZZO PIGNANO,3,3,700.0,900.0,800.0,3.5,5.0,4.25,20252,True
004068,C653,CN,CHIUSA DI PESIO,3,3,685.0,995.0,840.0,2.5,3.6,3.05,20252,True
083086,I220,ME,SANTA LUCIA DEL MELA,3,3,580.0,860.0,720.0,2.3,3.2,2.75,20252,True
016252,M333,BG,SANT'OMOBONO TERME,6,4,740.0,880.0,810.0,3.9,4.6,4.25,20252,True
068035,H562,PE,ROSCIANO,3,3,545.0,815.0,680.0,2.3,3.45,2.88,20252,True
040037,H542,FC,RONCOFREDDO,2,2,910.0,1200.0,1055.0,3.0,4.1,3.55,20252,True
001193,G684,TO,PIOBESI TORINESE,4,2,740.0,1100.0,920.0,4.0,6.0,5.0,20252,True
061028,C558,CE,CERVINO,3,2,500.0,725.0,612.5,1.6,2.4,2.0,20252,True
021076,H719,BZ,SALORNO SULLA STRADA DEL VINO .SALURN AN DER,4,3,1600.0,1900.0,1750.0,4.6,6.3,5.45,20252,True
013034,B262,CO,BULGAROGRASSO,2,1,1125.0,1450.0,1287.5,3.95,5.25,4.6,20252,True
041028,F347,PU,MONDAVIO,5,5,680.0,970.0,827.5,2.7,3.5,3.1,20252,True
016069,C457,BG,CENATE SOTTO,4,2,850.0,1075.0,962.5,4.15,5.9,5.03,20252,True
033005,A909,PC,BOBBIO,2,2,565.0,835.0,700.0,1.85,2.75,2.3,20252,True
040009,C777,FC,CIVITELLA DI ROMAGNA,3,3,800.0,1150.0,975.0,2.8,3.8,3.3,20252,True
021087,I519,BZ,SCENA .SCHENNA.,3,3,2200.0,2700.0,2450.0,5.6,7.8,6.7,20252,True
016209,I997,BG,SUISIO,3,1,815.0,995.0,905.0,5.35,7.0,6.17,20252,True
017018,A861,BS,BIENNO,3,3,820.0,950.0,860.0,2.3,3.3,2.8,20252,True
024025,B844,VI,CARTIGLIANO,3,1,800.0,970.0,885.0,,,,20252,True
064010,A580,AV,BAIANO,4,4,560.0,710.0,635.0,2.1,2.5,2.3,20252,True
057044,F687,RI,MONTOPOLI DI SABINA,3,2,650.0,950.0,800.0,3.75,5.0,4.38,20252,True
080009,A843,RC,BIANCO,4,4,380.0,570.0,475.0,1.4,2.0,1.7,20252,True
096035,F369,BI,MONGRANDO,3,3,322.5,467.5,395.0,2.25,3.1,2.67,20252,True
030080,G969,UD,PRADAMANO,4,3,735.0,1025.0,880.0,2.7,4.0,3.35,20252,True
060011,A486,FR,ATINA,4,4,450.0,635.0,542.5,1.8,2.5,2.15,20252,True
052004,B984,SI,CASOLE D'ELSA,6,5,1000.0,1500.0,1250.0,3.4,5.0,4.2,20252,True
023011,B073,VR,BOSCO CHIESANUOVA,3,3,715.0,1025.0,870.0,,,,20252,True
053019,G716,GR,PITIGLIANO,3,3,640.0,940.0,790.0,2.35,3.3,2.83,20252,True
096047,G820,BI,PONDERANO,2,1,427.5,622.5,525.0,2.8,4.0,3.4,20252,True
001254,I154,TO,SAN SECONDO DI PINEROLO,3,2,660.0,990.0,825.0,3.4,5.0,4.2,20252,True
090084,M275,SS,LOIRI PORTO SAN PAOLO,3,2,1000.0,1400.0,1200.0,4.2,5.8,5.0,20252,True
014027,D377,SO,DUBINO,5,5,825.0,1050.0,925.0,2.75,3.55,3.12,20252,True
001018,A591,TO,BALDISSERO TORINESE,5,4,800.0,1200.0,1000.0,3.8,5.7,4.75,20252,True
079130,I671,CZ,SERSALE,3,3,585.0,685.0,635.0,2.5,2.95,2.73,20252,True
014072,L563,SO,VALDISOTTO,5,4,1600.0,1900.0,1750.0,4.9,5.3,5.1,20252,True
001146,F053,TO,MATHI,4,1,615.0,925.0,770.0,3.25,4.9,4.08,20252,True
017060,C925,BS,COMEZZANO-CIZZAGO,2,1,870.0,1200.0,1035.0,3.0,3.8,3.4,20252,True
102017,E321,VV,JONADI,4,4,400.0,580.0,490.0,1.3,1.9,1.6,20252,True
018093,F238,PV,MIRADOLO TERME,2,1,1100.0,1200.0,1150.0,2.4,2.7,2.55,20252,True
082060,H070,PA,PRIZZI,5,5,305.0,450.0,377.5,1.2,1.4,1.3,20252,True
059012,E527,LT,LENOLA,3,3,410.0,580.0,495.0,2.4,3.6,3.0,20252,True
087012,B561,CT,CAMPOROTONDO ETNEO,3,3,495.0,740.0,617.5,1.9,2.75,2.33,20252,True
015014,A697,MI,BASIANO,2,1,1200.0,1600.0,1400.0,5.3,6.7,6.0,20252,True
010010,B726,GE,CARASCO,3,3,1150.0,1700.0,1425.0,5.1,7.6,6.35,20252,True
021077,H786,BZ,SAN CANDIDO .INNICHEN.,4,3,2000.0,2600.0,2300.0,5.8,7.6,6.7,20252,True
044014,C877,AP,COLLI DEL TRONTO,3,3,650.0,925.0,787.5,2.6,3.95,3.27,20252,True
016126,E562,BG,LEVATE,3,1,775.0,1075.0,925.0,3.65,5.1,4.38,20252,True
098054,I815,LO,SOMAGLIA,2,2,690.0,920.0,797.5,4.15,4.95,4.55,20252,True
065100,G932,SA,POSITANO,5,4,2350.0,3500.0,2925.0,4.1,6.1,5.1,20252,True
001241,H855,TO,SANGANO,3,2,870.0,1300.0,1085.0,4.5,6.8,5.65,20252,True
016182,H492,BG,ROGNO,2,2,790.0,925.0,857.5,3.8,4.8,4.3,20252,True
084042,I723,AG,SICULIANA,4,3,410.0,615.0,512.5,1.6,2.4,2.0,20252,True
058016,B576,RM,CANALE MONTERANO,3,2,900.0,1325.0,1112.5,4.15,5.9,5.03,20252,True
023020,C041,VR,CASTAGNARO,2,2,605.0,870.0,737.5,,,,20252,True
090077,L509,SS,USINI,2,1,655.0,945.0,800.0,2.7,3.95,3.32,20252,True
091005,A663,NU,BARI SARDO,5,3,1040.0,1450.0,1245.0,3.15,4.6,3.88,20252,True
001181,G392,TO,PAVONE CANAVESE,3,2,400.0,600.0,500.0,2.3,3.5,2.9,20252,True
075081,L008,LE,SUPERSANO,2,2,380.0,495.0,437.5,1.3,1.8,1.55,20252,True
083091,I370,ME,SANTO STEFANO DI CAMASTRA,2,2,565.0,845.0,705.0,2.25,3.35,2.8,20252,True
023063,H522,VR,RONCA',2,1,790.0,1150.0,970.0,,,,20252,True
004101,E251,CN,GUARENE,2,2,780.0,1150.0,965.0,2.5,3.6,3.05,20252,True
019041,D358,CR,DOVERA,2,2,500.0,750.0,625.0,3.0,4.0,3.5,20252,True
022143,G681,TN,PINZOLO,9,8,4150.0,5250.0,4700.0,,,,20252,True
021106,L552,BZ,VALDAORA .OLANG.,2,2,2175.0,2750.0,2462.5,6.9,9.15,8.02,20252,True
087027,F217,CT,MINEO,3,3,280.0,397.5,338.75,1.05,1.5,1.27,20252,True
034024,F882,PR,NEVIANO DEGLI ARDUINI,3,3,420.0,570.0,495.0,1.1,1.6,1.35,20252,True
071012,B829,FG,CARPINO,4,3,400.0,550.0,475.0,1.4,2.0,1.7,20252,True
004080,D291,CN,DIANO D'ALBA,4,4,840.0,1250.0,1045.0,2.5,3.6,3.05,20252,True
062038,E589,BN,LIMATOLA,4,4,575.0,725.0,650.0,2.6,3.45,3.03,20252,True
024053,E731,VI,LUGO DI VICENZA,3,1,770.0,920.0,845.0,,,,20252,True
028068,G850,PD,PONTELONGO,3,1,860.0,950.0,905.0,3.3,3.5,3.4,20252,True
069072,H320,CH,RIPA TEATINA,2,2,555.0,830.0,692.5,2.5,3.75,3.12,20252,True
056055,A701,VT,VASANELLO,3,2,540.0,800.0,670.0,2.45,3.4,2.92,20252,True
064092,I281,AV,SANT'ANGELO DEI LOMBARDI,3,3,480.0,570.0,525.0,2.2,2.55,2.38,20252,True
080018,B516,RC,CAMPO CALABRO,6,6,480.0,690.0,585.0,1.9,2.5,2.2,20252,True
068006,B681,PE,CAPPELLE SUL TAVO,4,4,600.0,895.0,747.5,2.65,3.9,3.28,20252,True
036038,I128,MO,SAN POSSIDONIO,2,2,560.0,825.0,692.5,3.0,4.45,3.72,20252,True
065151,L323,SA,TRAMONTI,4,4,930.0,1300.0,1115.0,2.9,4.2,3.55,20252,True
011023,H275,SP,RICCO' DEL GOLFO DI SPEZIA,2,2,800.0,1150.0,975.0,3.5,5.0,4.25,20252,True
022240,M354,TN,CASTEL IVANO,5,3,1100.0,1200.0,1150.0,3.0,3.5,3.25,20252,True
069090,L194,CH,TOLLO,2,2,555.0,830.0,692.5,2.5,3.75,3.12,20252,True
083068,G699,ME,PIRAINO,5,5,512.5,730.0,621.25,2.0,2.9,2.45,20252,True
061058,G620,CE,PIETRAMELARA,3,2,500.0,725.0,612.5,1.4,1.9,1.65,20252,True
050014,D510,PI,FAUGLIA,2,2,1045.0,1250.0,1147.5,3.5,4.85,4.17,20252,True
082063,H797,PA,SAN CIPIRELLO,3,3,355.0,520.0,437.5,1.2,1.6,1.4,20252,True
065120,H943,SA,SAN GREGORIO MAGNO,3,3,470.0,540.0,505.0,1.0,1.5,1.25,20252,True
017130,G217,BS,PADERNO FRANCIACORTA,3,2,1175.0,1425.0,1300.0,3.8,4.6,4.2,20252,True
001276,L327,TO,TRANA,2,1,685.0,1010.0,847.5,3.15,4.7,3.93,20252,True
059004,C104,LT,CASTELFORTE,4,4,645.0,960.0,802.5,2.6,3.7,3.15,20252,True
010014,C481,GE,CERANESI,6,6,700.0,970.0,835.0,3.0,4.3,3.65,20252,True
016058,B947,BG,CASAZZA,4,1,950.0,1200.0,1075.0,4.55,5.5,5.03,20252,True
066095,I546,AQ,SCOPPITO,2,2,680.0,980.0,830.0,2.2,3.1,2.65,20252,True
009057,I926,SV,SPOTORNO,6,5,3050.0,4550.0,3800.0,7.5,9.6,8.55,20252,True
097008,A745,LC,BELLANO,3,3,900.0,1225.0,1062.5,3.4,4.7,4.05,20252,True
013128,E593,CO,LIMIDO COMASCO,2,1,1150.0,1250.0,1200.0,3.6,4.6,4.1,20252,True
007052,G854,AO,PONT-SAINT-MARTIN,2,2,900.0,1200.0,1050.0,3.5,5.2,4.35,20252,True
084032,H205,AG,REALMONTE,4,4,500.0,750.0,625.0,2.0,3.0,2.5,20252,True
021074,H299,BZ,RIO DI PUSTERIA .MUEHLBACH.,4,3,2200.0,2500.0,2300.0,6.4,8.0,7.2,20252,True
048027,F398,FI,MONTAIONE,2,2,1100.0,1650.0,1375.0,3.8,5.7,4.75,20252,True
036026,F642,MO,MONTESE,2,2,505.0,735.0,620.0,2.1,3.15,2.62,20252,True
017171,H838,BS,SAN FELICE DEL BENACO,4,3,1975.0,2550.0,2262.5,6.4,8.3,7.35,20252,True
024096,I401,VI,SAN VITO DI LEGUZZANO,4,4,795.0,985.0,890.0,,,,20252,True
049021,M391,LI,RIO,11,7,2275.0,3200.0,2712.5,9.1,12.1,10.6,20252,True
084040,I356,AG,SANTO STEFANO QUISQUINA,3,3,270.0,400.0,335.0,1.0,1.5,1.25,20252,True
006132,G839,AL,PONTECURONE,3,2,420.0,630.0,525.0,2.35,3.5,2.92,20252,True
007058,H669,AO,SAINT-CHRISTOPHE,3,3,1050.0,1550.0,1300.0,4.0,6.0,5.0,20252,True
004019,A779,CN,BENE VAGIENNA,3,3,800.0,1200.0,1000.0,2.7,3.6,3.15,20252,True
017091,E654,BS,LOGRATO,2,1,1000.0,1300.0,1150.0,3.3,4.0,3.65,20252,True
083072,H418,ME,ROCCALUMERA,3,3,610.0,865.0,737.5,2.55,3.75,3.15,20252,True
030008,A553,UD,BAGNARIA ARSA,4,4,650.0,935.0,785.0,2.5,3.7,3.1,20252,True
035044,L831,RE,VIANO,5,5,575.0,850.0,712.5,2.15,2.6,2.38,20252,True
109001,A233,FM,ALTIDONA,4,4,825.0,1175.0,1000.0,3.35,5.05,4.2,20252,True
078009,A240,CS,ALTOMONTE,3,3,430.0,610.0,520.0,1.85,2.55,2.2,20252,True
090021,B378,SS,CALANGIANUS,3,1,550.0,825.0,687.5,2.3,3.4,2.85,20252,True
075015,B822,LE,CARPIGNANO SALENTINO,4,4,415.0,560.0,495.0,1.6,2.1,1.9,20252,True
012038,B949,VA,CASCIAGO,3,2,1200.0,1550.0,1375.0,4.05,6.05,5.05,20252,True
078148,L206,CS,TORANO CASTELLO,3,3,390.0,520.0,455.0,1.6,2.2,1.9,20252,True
018004,A175,PV,ALBUZZANO,2,1,850.0,970.0,910.0,2.2,2.4,2.3,20252,True
021018,C062,BZ,CASTELBELLO CIARDES .KASTELBELL TSCHARS.,3,2,2625.0,3050.0,2837.5,6.5,8.1,7.3,20252,True
042046,I643,AN,SERRA DE' CONTI,4,4,470.0,670.0,570.0,1.55,2.0,1.77,20252,True
082010,A882,PA,BISACQUINO,4,4,240.0,355.0,297.5,0.8,1.1,0.95,20252,True
046015,D874,LU,GALLICANO,4,4,550.0,800.0,675.0,1.8,2.5,2.15,20252,True
019111,L535,CR,VAIANO CREMASCO,4,3,575.0,800.0,687.5,3.0,4.0,3.5,20252,True
060005,A256,FR,AMASENO,3,3,365.0,500.0,432.5,,,,20252,True
086005,B381,EN,CALASCIBETTA,5,4,385.0,570.0,477.5,1.35,1.95,1.65,20252,True
018164,L449,PV,TROMELLO,2,1,780.0,880.0,830.0,,,,20252,True
012051,C751,VA,CITTIGLIO,4,3,1050.0,1350.0,1200.0,3.7,5.5,4.6,20252,True
021023,B799,BZ,CORNEDO ALL'ISARCO .KARNEID.,5,5,1750.0,2200.0,1975.0,5.1,7.3,6.2,20252,True
097056,F887,LC,NIBIONNO,4,2,850.0,1150.0,1000.0,3.1,4.2,3.65,20252,True
022087,D651,TN,FOLGARIA,8,7,1600.0,1800.0,1700.0,6.5,7.5,7.0,20252,True
087058,M287,CT,RAGALNA,3,3,385.0,570.0,477.5,1.3,1.9,1.6,20252,True
044002,A047,AP,ACQUAVIVA PICENA,3,3,680.0,960.0,820.0,2.75,4.1,3.42,20252,True
053013,E810,GR,MAGLIANO IN TOSCANA,3,3,1000.0,1500.0,1250.0,3.1,4.3,3.65,20252,True
018073,E072,PV,GODIASCO SALICE TERME,3,2,1105.0,1200.0,1152.5,3.25,3.95,3.6,20252,True
010035,F202,GE,MIGNANEGO,4,4,600.0,890.0,745.0,3.4,5.0,4.2,20252,True
040044,I444,FC,SARSINA,3,3,925.0,1200.0,1062.5,3.2,4.15,3.67,20252,True
017033,B436,BS,CALVAGESE DELLA RIVIERA,4,3,1050.0,1250.0,1150.0,3.3,3.9,3.6,20252,True
075025,D223,LE,CURSI,3,3,455.0,630.0,552.5,1.8,2.4,2.1,20252,True
102031,H516,VV,ROMBIOLO,3,3,335.0,440.0,387.5,1.2,1.7,1.45,20252,True
062071,I277,BN,SANT'ANGELO A CUPOLO,6,6,575.0,800.0,687.5,2.8,4.2,3.5,20252,True
096016,C363,BI,CAVAGLIA',2,2,435.0,640.0,537.5,2.7,3.8,3.25,20252,True
066085,H772,AQ,SAN BENEDETTO DEI MARSI,2,2,375.0,555.0,465.0,1.45,2.0,1.7,20252,True
064066,F988,AV,NUSCO,5,5,390.0,465.0,427.5,1.6,2.05,1.83,20252,True
017151,G959,BS,POZZOLENGO,4,1,1300.0,1700.0,1500.0,3.8,5.4,4.6,20252,True
051021,E718,AR,LUCIGNANO,2,2,875.0,1225.0,1050.0,2.95,4.2,3.58,20252,True
076064,H186,PZ,RAPOLLA,3,3,310.0,350.0,330.0,1.15,1.45,1.3,20252,True
012144,M433,VA,BARDELLO CON MALGESSO E BREGANO,4,2,1025.0,1300.0,1162.5,3.55,5.25,4.4,20252,True
067029,F747,TE,MORRO D'ORO,3,3,475.0,710.0,592.5,1.6,2.35,1.98,20252,True
017158,H086,BS,PUEGNAGO DEL GARDA,3,2,1300.0,1700.0,1500.0,4.05,5.45,4.75,20252,True
111093,L512,SU,USSANA,2,1,725.0,1050.0,887.5,3.0,4.15,3.58,20252,True
012125,L032,VA,TAINO,3,2,1000.0,1300.0,1150.0,3.45,5.05,4.25,20252,True
007031,E165,AO,GRESSAN,4,4,1300.0,1850.0,1575.0,3.2,4.4,3.75,20252,True
021034,D860,BZ,GAIS .GAIS.,4,3,2900.0,3200.0,3050.0,7.2,9.4,8.3,20252,True
017007,A451,BS,ARTOGNE,2,2,945.0,1200.0,1072.5,2.9,4.15,3.52,20252,True
029015,C500,RO,CEREGNANO,2,2,670.0,920.0,795.0,2.1,2.8,2.45,20252,True
085003,B302,CL,BUTERA,5,5,280.0,400.0,340.0,1.1,1.6,1.35,20252,True
066069,G492,AQ,PESCINA,2,2,340.0,495.0,417.5,1.2,1.7,1.45,20252,True
051022,E933,AR,MARCIANO DELLA CHIANA,3,3,850.0,1150.0,1000.0,2.8,3.9,3.35,20252,True
012015,A891,VA,BISUSCHIO,3,2,1125.0,1400.0,1262.5,3.75,5.15,4.45,20252,True
076045,E976,PZ,MARSICO NUOVO,2,2,312.5,410.0,361.25,1.1,1.55,1.32,20252,True
001302,M002,TO,VILLARBASSE,5,4,860.0,1300.0,1080.0,4.3,6.4,5.35,20252,True
086002,A098,EN,AIDONE,4,3,405.0,580.0,490.0,1.45,2.0,1.73,20252,True
001002,A109,TO,AIRASCA,2,1,625.0,935.0,780.0,3.9,5.85,4.88,20252,True
024024,B835,VI,CARRE',3,1,820.0,970.0,895.0,,,,20252,True
076060,G616,PZ,PIETRAGALLA,5,5,335.0,420.0,375.0,1.2,1.6,1.4,20252,True
021110,L660,BZ,VANDOIES .VINTL.,4,3,1900.0,2300.0,2100.0,4.7,5.7,5.2,20252,True
023007,A737,VR,BELFIORE,2,2,600.0,890.0,745.0,,,,20252,True
003073,E001,NO,GHEMME,3,2,755.0,1105.0,930.0,2.45,3.55,3.0,20252,True
058004,A210,RM,ALLUMIERE,3,2,775.0,1100.0,937.5,3.5,5.0,4.25,20252,True
029030,E689,RO,LOREO,2,2,675.0,900.0,787.5,2.0,2.8,2.4,20252,True
028070,G963,PD,POZZONOVO,3,1,860.0,950.0,905.0,3.3,3.5,3.4,20252,True
065089,G292,SA,PALOMONTE,3,2,585.0,785.0,685.0,1.75,2.3,2.02,20252,True
075007,A425,LE,ARNESANO,3,3,380.0,570.0,475.0,2.0,2.5,2.25,20252,True
086006,C353,EN,CATENANUOVA,4,3,400.0,595.0,497.5,1.5,2.15,1.83,20252,True
063092,M289,NA,MASSA DI SOMMA,3,2,1045.0,1575.0,1310.0,3.6,5.4,4.5,20252,True
001030,B015,TO,BORGOFRANCO D'IVREA,3,2,420.0,630.0,525.0,2.45,3.65,3.05,20252,True
021083,H989,BZ,SAN MARTINO IN PASSIRIA .ST MARTIN IN PASSEI.,2,2,2050.0,2600.0,2325.0,5.6,7.1,6.35,20252,True
077027,I954,MT,STIGLIANO,3,3,420.0,600.0,525.0,1.3,1.6,1.45,20252,True
037012,B892,BO,CASALFIUMANESE,4,4,825.0,1050.0,937.5,4.6,5.6,5.1,20252,True
001175,G196,TO,OULX,6,5,1100.0,1650.0,1375.0,4.7,7.1,5.9,20252,True
076013,B173,PZ,BRIENZA,3,3,360.0,422.5,391.25,1.25,1.6,1.43,20252,True
037015,B969,BO,CASTEL DI CASIO,4,4,600.0,900.0,750.0,2.85,4.25,3.55,20252,True
064001,A101,AV,AIELLO DEL SABATO,4,4,580.0,730.0,655.0,2.05,2.5,2.28,20252,True
042012,C248,AN,CASTELPLANIO,3,3,540.0,780.0,660.0,1.75,2.5,2.12,20252,True
075075,I780,LE,SOGLIANO CAVOUR,3,3,360.0,465.0,412.5,1.3,1.4,1.35,20252,True
022003,A178,TN,ALDENO,3,1,1800.0,2100.0,1950.0,4.0,5.3,4.65,20252,True
111013,D260,SU,DECIMOPUTZU,2,1,675.0,925.0,800.0,2.5,3.5,3.0,20252,True
054021,E012,PG,GIANO DELL'UMBRIA,3,3,430.0,600.0,515.0,1.7,2.3,2.0,20252,True
098049,I140,LO,SAN ROCCO AL PORTO,2,2,870.0,1025.0,947.5,3.6,4.75,4.17,20252,True
054011,C742,PG,CITERNA,4,4,420.0,610.0,520.0,1.5,2.2,1.85,20252,True
017192,L494,BS,URAGO D'OGLIO,2,1,970.0,1200.0,1085.0,3.1,3.9,3.5,20252,True
012088,E510,VA,LEGGIUNO,3,2,975.0,1275.0,1125.0,3.3,4.8,4.05,20252,True
029031,E761,RO,LUSIA,2,2,655.0,875.0,765.0,2.0,2.8,2.4,20252,True
043030,F552,MC,MONTELUPONE,4,4,665.0,975.0,820.0,3.2,4.8,4.0,20252,True
091024,D665,NU,FONNI,3,2,570.0,745.0,657.5,1.6,2.35,1.97,20252,True
079114,I093,CZ,SAN PIETRO A MAIDA,2,2,465.0,560.0,512.5,1.65,2.0,1.83,20252,True
091062,G097,NU,ORGOSOLO,3,2,490.0,670.0,580.0,1.2,1.8,1.5,20252,True
097051,F304,LC,MOLTENO,1,1,1025.0,1275.0,1150.0,3.35,4.75,4.05,20252,True
017146,G815,BS,POMPIANO,3,2,830.0,1050.0,940.0,2.6,3.6,3.1,20252,True
097082,L581,LC,VALGREGHENTINO,2,1,865.0,1100.0,982.5,3.15,4.1,3.62,20252,True
004147,F846,CN,NARZOLE,4,4,700.0,1025.0,862.5,2.7,3.7,3.2,20252,True
019081,H315,CR,RIPALTA CREMASCA,4,4,450.0,700.0,575.0,3.0,4.5,3.75,20252,True
083028,D825,ME,FURNARI,4,4,660.0,970.0,815.0,2.1,2.9,2.5,20252,True
057025,C969,RI,CONTIGLIANO,2,2,500.0,700.0,600.0,2.5,3.6,3.05,20252,True
018023,B159,PV,BRESSANA BOTTARONE,2,1,790.0,890.0,840.0,2.5,2.8,2.65,20252,True
095006,A357,OR,ARBOREA,2,2,665.0,815.0,740.0,2.5,3.2,2.85,20252,True
025005,A501,BL,AURONZO DI CADORE,6,6,1375.0,1600.0,1487.5,4.25,5.5,5.03,20252,True
034003,A731,PR,BEDONIA,2,2,305.0,402.5,353.75,1.1,1.5,1.3,20252,True
011022,G925,SP,PORTOVENERE,5,5,2400.0,3500.0,2950.0,7.0,10.5,8.75,20252,True
038025,E107,FE,GORO,4,4,540.0,735.0,637.5,2.8,3.7,3.25,20252,True
078106,H565,CS,ROSE,3,3,405.0,600.0,502.5,1.6,2.2,1.9,20252,True
070072,I181,CB,SANTA CROCE DI MAGLIANO,2,2,400.0,600.0,500.0,1.75,2.6,2.17,20252,True
103019,B876,VB,CASALE CORTE CERRO,3,3,650.0,950.0,800.0,2.4,3.4,2.9,20252,True
010032,F020,GE,MASONE,3,3,595.0,885.0,740.0,2.55,3.75,3.15,20252,True
075047,F221,LE,MINERVINO DI LECCE,3,3,390.0,465.0,427.5,1.4,1.8,1.6,20252,True
013013,A476,CO,ASSO,2,1,825.0,1175.0,1000.0,2.9,4.25,3.58,20252,True
021047,E938,BZ,MAREBBE .ENNEBERG.,4,3,1700.0,2100.0,1900.0,4.2,5.3,4.75,20252,True
059016,F937,LT,NORMA,2,2,560.0,840.0,700.0,3.4,4.8,4.1,20252,True
017169,H699,BS,SALE MARASINO,3,2,1275.0,1725.0,1500.0,4.15,5.45,4.8,20252,True
111072,I428,SU,SARDARA,2,1,500.0,725.0,612.5,2.15,3.0,2.58,20252,True
069057,G128,CH,ORSOGNA,2,2,555.0,830.0,692.5,2.5,3.75,3.12,20252,True
016064,C324,BG,CASTIONE DELLA PRESOLANA,3,3,920.0,1250.0,1085.0,5.0,6.5,5.75,20252,True
079061,E239,CZ,GUARDAVALLE,3,3,540.0,640.0,590.0,2.45,2.85,2.65,20252,True
095029,F272,OR,MOGORO,2,2,360.0,530.0,445.0,1.5,2.1,1.8,20252,True
054040,G601,PG,PIEGARO,3,3,415.0,525.0,470.0,1.55,2.0,1.77,20252,True
085006,D267,CL,DELIA,3,3,290.0,430.0,360.0,1.0,1.5,1.25,20252,True
018160,L285,PV,TORREVECCHIA PIA,4,3,750.0,980.0,865.0,2.4,2.8,2.6,20252,True
019094,I627,CR,SERGNANO,2,2,550.0,750.0,650.0,3.0,4.0,3.5,20252,True
060055,G749,FR,POFI,3,3,370.0,550.0,460.0,,,,20252,True
004016,A735,CN,BEINETTE,3,3,815.0,1200.0,1007.5,2.7,3.6,3.15,20252,True
030004,A346,UD,AQUILEIA,2,2,665.0,970.0,817.5,2.45,3.65,3.05,20252,True
079047,D476,CZ,FALERNA,4,4,600.0,690.0,645.0,2.45,2.85,2.65,20252,True
091089,L140,NU,TERTENIA,3,2,810.0,985.0,897.5,1.95,2.65,2.3,20252,True
078049,D304,CS,DIPIGNANO,3,3,485.0,690.0,587.5,2.25,3.0,2.62,20252,True
054028,F024,PG,MASSA MARTANA,3,3,450.0,600.0,525.0,1.7,2.2,1.95,20252,True
064011,A881,AV,BISACCIA,4,4,410.0,480.0,442.5,1.6,2.1,1.85,20252,True
075018,C335,LE,CASTRIGNANO DE' GRECI,3,3,390.0,560.0,475.0,1.4,2.0,1.7,20252,True
103051,G117,VB,ORNAVASSO,3,3,700.0,1000.0,850.0,2.8,3.6,3.2,20252,True
017008,A529,BS,AZZANO MELLA,2,1,1150.0,1350.0,1250.0,3.7,4.1,3.9,20252,True
021030,D484,BZ,FALZES .PFALZEN.,3,3,2300.0,2700.0,2500.0,5.8,6.8,6.3,20252,True
071022,D269,FG,DELICETO,4,3,600.0,850.0,725.0,1.4,1.9,1.65,20252,True
024064,F514,VI,MONTEGALDA,3,2,770.0,895.0,832.5,,,,20252,True
087057,M283,CT,MANIACE,3,3,282.5,400.0,341.25,1.0,1.45,1.23,20252,True
028014,B106,PD,BOVOLENTA,2,1,860.0,1000.0,930.0,3.2,3.5,3.35,20252,True
022053,C393,TN,CAVEDINE,5,3,1500.0,1800.0,1650.0,4.0,4.5,4.25,20252,True
087056,M271,CT,MAZZARRONE,3,3,252.5,375.0,313.75,1.0,1.35,1.17,20252,True
001046,B350,TO,CAFASSE,2,1,485.0,725.0,605.0,3.1,4.65,3.88,20252,True
065083,G039,SA,OLIVETO CITRA,4,3,545.0,720.0,632.5,1.35,1.85,1.6,20252,True
062026,D230,BN,CUSANO MUTRI,3,3,600.0,700.0,650.0,2.7,3.8,3.3,20252,True
035003,A586,RE,BAISO,2,2,625.0,910.0,767.5,2.35,3.3,2.83,20252,True
062068,I145,BN,SAN SALVATORE TELESINO,3,2,600.0,800.0,700.0,2.6,3.9,3.25,20252,True
059018,G871,LT,PONZA,2,2,2575.0,3700.0,3137.5,10.7,15.15,12.93,20252,True
028008,A568,PD,BAGNOLI DI SOPRA,4,2,900.0,1025.0,962.5,3.6,4.1,3.85,20252,True
004075,D120,CN,COSTIGLIOLE SALUZZO,3,3,720.0,1075.0,897.5,2.5,3.6,3.05,20252,True
043029,F496,MC,MONTEFANO,3,3,680.0,950.0,815.0,2.8,4.2,3.5,20252,True
062023,C525,BN,CERRETO SANNITA,2,2,600.0,800.0,700.0,2.9,4.1,3.5,20252,True
091006,A722,NU,BAUNEI,3,1,480.0,640.0,560.0,1.6,2.0,1.8,20252,True
007063,H674,AO,SAINT-PIERRE,2,2,1300.0,1875.0,1587.5,4.8,7.2,6.0,20252,True
015236,L773,MI,VERNATE,5,4,975.0,1325.0,1150.0,3.8,5.3,4.55,20252,True
013254,M394,CO,CENTRO VALLE INTELVI,5,4,750.0,1000.0,850.0,2.8,4.2,3.5,20252,True
024032,C824,VI,COGOLLO DEL CENGIO,2,1,710.0,820.0,765.0,,,,20252,True
014026,D266,SO,DELEBIO,4,4,850.0,1000.0,925.0,2.6,3.2,2.95,20252,True
077022,G806,MT,POMARICO,6,6,400.0,540.0,452.5,1.1,1.5,1.25,20252,True
056041,G111,VT,ORIOLO ROMANO,3,2,850.0,1275.0,1062.5,3.6,4.85,4.22,20252,True
016088,D139,BG,CREDARO,2,1,900.0,1150.0,1025.0,4.75,5.6,5.17,20252,True
024043,D897,VI,GAMBELLARA,4,1,820.0,920.0,870.0,,,,20252,True
076006,A482,PZ,ATELLA,3,3,302.5,352.5,327.5,1.15,1.45,1.3,20252,True
016093,D406,BG,ENDINE GAIANO,3,2,800.0,900.0,850.0,4.2,5.1,4.65,20252,True
082072,L282,PA,TORRETTA,4,4,380.0,540.0,460.0,1.45,1.85,1.65,20252,True
082044,E459,PA,LASCARI,4,4,690.0,1000.0,845.0,1.8,2.6,2.2,20252,True
070051,G506,CB,PETACCIATO,4,3,455.0,660.0,557.5,2.8,4.2,3.5,20252,True
062045,G227,BN,PADULI,2,2,450.0,650.0,550.0,1.9,2.85,2.38,20252,True
028066,G802,PD,POLVERARA,2,2,795.0,875.0,835.0,3.0,3.4,3.2,20252,True
018173,L720,PV,VELLEZZO BELLINI,2,1,960.0,1100.0,1030.0,1.3,1.5,1.4,20252,True
001160,F420,TO,MONTALTO DORA,3,2,400.0,600.0,500.0,2.2,3.3,2.75,20252,True
102032,H785,VV,SAN CALOGERO,2,2,352.5,465.0,408.75,1.45,1.85,1.65,20252,True
001025,A853,TO,BIBIANA,2,1,520.0,780.0,650.0,2.75,4.1,3.42,20252,True
025056,I866,BL,SOSPIROLO,3,3,645.0,765.0,705.0,1.95,2.6,2.28,20252,True
036011,D486,MO,FANANO,2,2,800.0,1150.0,975.0,3.0,4.5,3.75,20252,True
098055,I848,LO,SORDIO,2,2,1225.0,1625.0,1425.0,4.9,6.75,5.83,20252,True
083104,L735,ME,VENETICO,2,2,750.0,1075.0,912.5,1.6,2.3,1.95,20252,True
022224,M113,TN,VOLANO,3,1,1650.0,1900.0,1775.0,,,,20252,True
080081,I333,RC,SANT'EUFEMIA D'ASPROMONTE,3,3,352.5,495.0,423.75,1.25,1.65,1.45,20252,True
087028,F231,CT,MIRABELLA IMBACCARI,3,3,245.0,362.5,303.75,0.95,1.3,1.12,20252,True
083025,D765,ME,FRANCAVILLA DI SICILIA,2,2,360.0,510.0,435.0,1.25,1.85,1.55,20252,True
016012,A383,BG,ARDESIO,2,2,710.0,880.0,795.0,2.5,3.5,3.0,20252,True
042013,C524,AN,CERRETO D'ESI,2,2,390.0,565.0,477.5,1.25,1.85,1.55,20252,True
041054,H958,PU,SAN LORENZO IN CAMPO,3,3,605.0,830.0,717.5,2.5,2.95,2.7,20252,True
056003,A577,VT,BAGNOREGIO,3,2,575.0,875.0,725.0,2.6,3.6,3.1,20252,True
082032,C871,PA,COLLESANO,3,3,345.0,510.0,427.5,1.4,1.8,1.55,20252,True
023041,E358,VR,ISOLA RIZZA,2,2,600.0,890.0,745.0,,,,20252,True
078083,F708,CS,MORANO CALABRO,2,2,325.0,455.0,390.0,1.45,2.05,1.75,20252,True
004170,G742,CN,POCAPAGLIA,3,3,740.0,1100.0,920.0,2.7,3.6,3.15,20252,True
027009,C714,VE,CINTO CAOMAGGIORE,2,2,750.0,1000.0,875.0,,,,20252,True
024007,A444,VI,ARSIERO,3,3,750.0,885.0,817.5,,,,20252,True
060022,C340,FR,CASTROCIELO,3,3,420.0,530.0,475.0,,,,20252,True
002150,L451,VC,TRONZANO VERCELLESE,2,1,625.0,910.0,767.5,2.15,3.15,2.65,20252,True
004242,L841,CN,VICOFORTE,4,4,710.0,1050.0,880.0,3.0,4.0,3.5,20252,True
037007,B044,BO,BORGO TOSSIGNANO,3,3,750.0,1100.0,925.0,3.9,5.1,4.5,20252,True
030030,D027,UD,CORNO DI ROSAZZO,2,2,650.0,900.0,775.0,2.4,3.6,3.0,20252,True
068039,I482,PE,SCAFA,4,4,417.5,625.0,521.25,1.95,2.85,2.4,20252,True
109002,A252,FM,AMANDOLA,3,3,530.0,765.0,647.5,2.0,3.15,2.58,20252,True
049001,A852,LI,BIBBONA,4,3,1500.0,1850.0,1675.0,6.2,7.8,7.0,20252,True
001089,C803,TO,COAZZE,3,2,440.0,650.0,545.0,3.3,4.9,4.1,20252,True
021048,E959,BZ,MARLENGO .MARLING.,4,3,2500.0,3000.0,2750.0,8.3,10.0,9.15,20252,True
099015,H724,RN,SALUDECIO,5,5,875.0,1275.0,1075.0,3.5,4.5,4.0,20252,True
018180,L994,PV,VILLANTERIO,2,1,980.0,1100.0,1040.0,1.5,1.7,1.6,20252,True
022251,M407,TN,TERRE D'ADIGE,5,2,1500.0,1750.0,1625.0,3.8,5.15,4.47,20252,True
013084,D196,CO,CUCCIAGO,2,1,1150.0,1700.0,1425.0,4.0,6.0,5.0,20252,True
075078,I923,LE,SPONGANO,2,2,355.0,465.0,410.0,1.3,1.6,1.45,20252,True
042025,F381,AN,MONSANO,3,3,725.0,1000.0,862.5,2.55,3.4,2.97,20252,True
021021,C625,BZ,CHIENES .KIENS.,4,3,2300.0,2600.0,2450.0,5.8,6.5,6.15,20252,True
071053,I641,FG,SERRACAPRIOLA,5,4,400.0,600.0,500.0,1.4,2.0,1.7,20252,True
009038,F213,SV,MILLESIMO,3,2,870.0,1050.0,960.0,2.5,2.7,2.6,20252,True
093031,G780,PN,POLCENIGO,4,4,600.0,775.0,687.5,2.25,3.35,2.8,20252,True
018171,L690,PV,VARZI,2,1,1000.0,1200.0,1100.0,2.5,3.0,2.75,20252,True
028105,M103,PD,VO',3,2,1025.0,1250.0,1137.5,3.5,4.3,3.9,20252,True
097009,B081,LC,BOSISIO PARINI,2,1,1000.0,1225.0,1112.5,3.5,4.6,4.05,20252,True
001195,G705,TO,PISCINA,2,1,665.0,1000.0,832.5,3.55,5.25,4.4,20252,True
080013,B099,RC,BOVA MARINA,3,3,550.0,780.0,665.0,1.8,2.5,2.15,20252,True
016105,D727,BG,FORNOVO SAN GIOVANNI,3,1,850.0,1100.0,975.0,3.7,4.6,4.15,20252,True
046022,G480,LU,PESCAGLIA,5,5,685.0,1025.0,855.0,2.05,3.0,2.52,20252,True
043046,H876,MC,SAN GINESIO,4,4,525.0,825.0,675.0,1.9,3.15,2.52,20252,True
016060,B978,BG,CASNIGO,4,1,750.0,950.0,850.0,2.65,3.75,3.2,20252,True
023075,I105,VR,SAN PIETRO DI MORUBIO,3,2,600.0,890.0,745.0,,,,20252,True
097001,A005,LC,ABBADIA LARIANA,2,2,1025.0,1425.0,1225.0,3.95,5.4,4.68,20252,True
036004,B566,MO,CAMPOSANTO,2,2,640.0,925.0,782.5,3.45,4.95,4.2,20252,True
093035,H010,PN,PRAVISDOMINI,2,2,550.0,775.0,662.5,2.0,3.0,2.5,20252,True
022196,L147,TN,TESERO,4,1,2100.0,2600.0,2350.0,8.0,10.0,9.0,20252,True
019068,G469,CR,PERSICO DOSIMO,2,2,500.0,700.0,600.0,3.0,4.5,3.75,20252,True
001243,H873,TO,SAN GILLIO,4,3,850.0,1250.0,1050.0,3.8,5.7,4.75,20252,True
004117,E939,CN,MARENE,3,3,800.0,1200.0,1000.0,2.7,3.7,3.2,20252,True
047007,E960,PT,MARLIANA,3,3,775.0,1050.0,912.5,3.65,5.25,4.45,20252,True
076034,D766,PZ,FRANCAVILLA IN SINNI,3,3,365.0,452.5,408.75,1.25,1.7,1.48,20252,True
009023,C463,SV,CENGIO,3,1,495.0,730.0,612.5,1.7,1.9,1.8,20252,True
109008,E208,FM,GROTTAZZOLINA,2,2,550.0,800.0,675.0,2.2,3.4,2.8,20252,True
070017,C486,CB,CERCEMAGGIORE,2,2,350.0,525.0,437.5,1.75,2.55,2.15,20252,True
017099,E841,BS,MAIRANO,2,1,920.0,1200.0,1060.0,3.1,4.0,3.55,20252,True
065140,I666,SA,SERRE,3,3,550.0,725.0,637.5,1.5,2.0,1.75,20252,True
025022,D686,BL,FONZASO,3,3,660.0,810.0,735.0,2.05,3.05,2.55,20252,True
014005,A382,SO,ARDENNO,5,5,800.0,1000.0,900.0,2.5,3.2,2.85,20252,True
062040,F274,BN,MOIANO,4,4,600.0,875.0,737.5,2.6,3.9,3.25,20252,True
004148,F863,CN,NEIVE,2,2,720.0,1050.0,885.0,2.5,3.6,3.05,20252,True
020013,C059,MN,CASTELBELFORTE,2,2,400.0,550.0,475.0,2.6,3.6,3.1,20252,True
080060,G735,RC,PLATI',3,3,360.0,510.0,435.0,1.3,1.7,1.5,20252,True
016084,D110,BG,COSTA DI MEZZATE,4,1,850.0,1125.0,987.5,3.4,4.95,4.17,20252,True
019095,I683,CR,SESTO ED UNITI,3,3,475.0,650.0,562.5,3.0,4.25,3.62,20252,True
111066,I402,SU,SAN VITO,2,1,600.0,825.0,712.5,2.3,3.15,2.72,20252,True
024081,G943,VI,POVE DEL GRAPPA,2,2,740.0,985.0,862.5,,,,20252,True
111089,L154,SU,TEULADA,3,2,850.0,1200.0,1025.0,3.2,4.3,3.75,20252,True
042036,F581,AN,OSTRA VETERE,3,3,550.0,770.0,665.0,1.7,2.45,2.08,20252,True
012014,A845,VA,BIANDRONNO,4,2,1075.0,1300.0,1187.5,3.55,5.05,4.3,20252,True
024113,L624,VI,VALLI DEL PASUBIO,2,2,700.0,825.0,762.5,,,,20252,True
020022,D351,MN,DOSOLO,4,4,400.0,575.0,487.5,2.5,3.75,3.12,20252,True
021107,L564,BZ,VAL DI VIZZE .PFITSCH.,5,4,1800.0,2000.0,1900.0,5.5,6.85,6.17,20252,True
087013,C091,CT,CASTEL DI IUDICA,5,5,250.0,370.0,310.0,0.95,1.4,1.18,20252,True
023084,I850,VR,SORGA',3,2,590.0,870.0,730.0,,,,20252,True
021016,B529,BZ,CAMPO DI TRENS .FREIENFELD.,4,3,2000.0,2400.0,2200.0,6.0,7.5,6.75,20252,True
016171,G864,BG,PONTIDA,2,1,845.0,1095.0,970.0,2.9,3.8,3.35,20252,True
013090,D341,CO,DONGO,2,1,950.0,1375.0,1162.5,2.95,4.35,3.65,20252,True
064035,D798,AV,FRIGENTO,5,5,365.0,450.0,407.5,1.6,2.1,1.85,20252,True
021079,H858,BZ,SAN GENESIO ATESINO .JENESIEN.,5,4,2025.0,2350.0,2187.5,4.4,5.75,5.08,20252,True
014002,A172,SO,ALBOSAGGIA,4,4,775.0,1000.0,875.0,2.65,3.4,3.0,20252,True
083060,F848,ME,NASO,3,3,427.5,635.0,531.25,1.4,1.9,1.62,20252,True
076050,F295,PZ,MOLITERNO,3,3,332.5,400.0,366.25,1.1,1.5,1.3,20252,True
029045,I953,RO,STIENTA,2,2,675.0,925.0,800.0,2.0,2.8,2.4,20252,True
017123,G061,BS,OME,2,1,1300.0,1600.0,1450.0,4.0,5.1,4.55,20252,True
021071,H189,BZ,RASUN ANTERSELVA .RASEN ANTHOLZ.,3,3,2200.0,2600.0,2400.0,5.5,6.8,6.3,20252,True
054057,L573,PG,VALFABBRICA,4,4,450.0,640.0,545.0,1.65,2.4,2.02,20252,True
068002,A120,PE,ALANNO,3,3,505.0,755.0,630.0,2.3,3.35,2.82,20252,True
001184,G463,TO,PEROSA ARGENTINA,3,2,430.0,640.0,535.0,2.8,4.1,3.45,20252,True
016072,C635,BG,CHIGNOLO D'ISOLA,3,2,780.0,1000.0,890.0,4.0,5.0,4.5,20252,True
008039,G164,IM,OSPEDALETTI,5,5,2100.0,3100.0,2600.0,6.4,9.2,7.8,20252,True
054014,C845,PG,COLLAZZONE,3,3,535.0,685.0,610.0,1.95,2.4,2.2,20252,True
065043,C879,SA,COLLIANO,4,4,480.0,640.0,560.0,1.35,1.8,1.57,20252,True
021089,I591,BZ,SELVA DI VAL GARDENA .WOLKENSTEIN IN GROEDEN.,5,4,4800.0,7200.0,6000.0,13.05,21.0,17.02,20252,True
087035,G597,CT,PIEDIMONTE ETNEO,4,4,345.0,495.0,420.0,1.3,1.9,1.6,20252,True
022156,H528,TN,RONCEGNO TERME,3,2,1125.0,1350.0,1237.5,2.8,3.65,3.22,20252,True
001246,H936,TO,SAN GIUSTO CANAVESE,2,1,465.0,700.0,582.5,2.95,4.4,3.68,20252,True
057035,E812,RI,MAGLIANO SABINA,2,2,455.0,685.0,570.0,2.8,3.95,3.38,20252,True
022246,M360,TN,SELLA GIUDICARIE,7,4,1400.0,1600.0,1500.0,2.8,3.0,2.9,20252,True
022228,M314,TN,COMANO TERME,12,10,1200.0,1300.0,1250.0,,,,20252,True
034050,M367,PR,POLESINE ZIBELLO,3,3,550.0,710.0,645.0,1.75,2.35,2.05,20252,True
033049,M386,PC,ALTA VAL TIDONE,5,5,460.0,685.0,572.5,1.5,2.2,1.85,20252,True
028047,E709,PD,LOZZO ATESTINO,3,1,860.0,1000.0,930.0,3.3,3.7,3.5,20252,True
040046,I779,FC,SOGLIANO AL RUBICONE,2,2,900.0,1150.0,1025.0,3.1,3.8,3.45,20252,True
060031,D440,FR,ESPERIA,4,4,300.0,445.0,372.5,,,,20252,True
056034,E978,VT,MARTA,3,2,700.0,1050.0,875.0,3.8,5.0,4.4,20252,True
024075,G095,VI,ORGIANO,3,1,820.0,920.0,870.0,,,,20252,True
083061,F901,ME,NIZZA DI SICILIA,2,1,1015.0,1450.0,1232.5,3.85,5.1,4.47,20252,True
001260,I490,TO,SCALENGHE,2,1,650.0,965.0,807.5,3.4,5.1,4.25,20252,True
066053,E811,AQ,MAGLIANO DE' MARSI,2,2,442.5,660.0,551.25,1.4,2.1,1.75,20252,True
021052,F371,BZ,MONGUELFO-TESIDO .WELSBERG-TAISTEN.,4,3,3000.0,3400.0,3200.0,8.8,9.9,9.35,20252,True
016010,A304,BG,ANTEGNATE,2,2,660.0,820.0,740.0,3.5,4.4,3.95,20252,True
056023,C988,VT,CORCHIANO,3,2,500.0,775.0,637.5,2.6,3.6,3.1,20252,True
108022,D038,MB,CORREZZANA,4,1,1250.0,1650.0,1450.0,5.0,6.9,5.95,20252,True
013100,D531,CO,FENEGRO',2,1,1150.0,1300.0,1225.0,3.6,4.7,4.15,20252,True
001022,A651,TO,BARDONECCHIA,5,5,1750.0,2600.0,2175.0,5.8,8.7,7.25,20252,True
017106,E967,BS,MARONE,3,2,1150.0,1425.0,1287.5,3.6,4.35,3.97,20252,True
076056,G081,PZ,OPPIDO LUCANO,3,3,335.0,420.0,377.5,1.1,1.55,1.33,20252,True
065119,H907,SA,SAN GIOVANNI A PIRO,4,4,690.0,970.0,830.0,2.1,3.0,2.55,20252,True
083092,I420,ME,SAPONARA,4,3,585.0,825.0,707.5,2.1,3.0,2.55,20252,True
019086,H508,CR,ROMANENGO,2,2,600.0,900.0,750.0,3.0,4.5,3.75,20252,True
021116,L724,BZ,VELTURNO .FELDTHURNS.,3,2,2000.0,2300.0,2150.0,6.1,7.15,6.62,20252,True
109005,D477,FM,FALERONE,3,3,545.0,800.0,670.0,2.2,3.4,2.78,20252,True
064002,A228,AV,ALTAVILLA IRPINA,4,4,507.5,625.0,566.25,2.2,2.8,2.5,20252,True
098009,B899,LO,CASALMAIOCCO,3,2,1050.0,1450.0,1250.0,4.2,5.4,4.8,20252,True
012017,B126,VA,BREBBIA,3,2,950.0,1200.0,1075.0,3.35,4.85,4.1,20252,True
028002,A075,PD,AGNA,2,1,810.0,1000.0,905.0,3.1,3.5,3.3,20252,True
012076,D987,VA,GERMIGNAGA,3,2,1200.0,1450.0,1325.0,4.05,5.8,4.92,20252,True
023046,E911,VR,MARANO DI VALPOLICELLA,2,2,790.0,930.0,860.0,,,,20252,True
028009,A613,PD,BAONE,5,4,900.0,1100.0,1000.0,3.5,4.2,3.85,20252,True
013055,C020,CO,CASSINA RIZZARDI,2,1,1200.0,1500.0,1350.0,4.2,5.5,4.85,20252,True
053026,I841,GR,SORANO,4,4,570.0,850.0,710.0,2.5,3.6,3.05,20252,True
024016,B161,VI,BRESSANVIDO,4,1,770.0,920.0,845.0,,,,20252,True
001016,A587,TO,BALANGERO,2,1,610.0,910.0,760.0,3.8,5.65,4.72,20252,True
018190,M180,PV,ZINASCO,3,2,790.0,860.0,825.0,1.3,1.5,1.4,20252,True
102003,B169,VV,BRIATICO,3,3,555.0,780.0,667.5,2.7,3.8,3.25,20252,True
100001,B626,PO,CANTAGALLO,3,3,850.0,1200.0,1025.0,3.25,4.75,4.0,20252,True
064052,F448,AV,MONTECALVO IRPINO,3,3,362.5,440.0,401.25,1.65,2.05,1.85,20252,True
073005,D463,TA,FAGGIANO,3,3,470.0,560.0,515.0,2.1,2.9,2.5,20252,True
022118,F263,TN,MOENA,5,3,2900.0,3800.0,3350.0,,,,20252,True
023086,L287,VR,TORRI DEL BENACO,4,3,1800.0,2500.0,2150.0,,,,20252,True
098035,E852,LO,MALEO,2,2,750.0,1000.0,865.0,3.95,4.6,4.28,20252,True
051030,G653,AR,PIEVE SANTO STEFANO,2,2,695.0,1015.0,855.0,2.3,3.4,2.85,20252,True
049020,L019,LI,SUVERETO,2,2,1400.0,2000.0,1700.0,5.2,7.5,6.35,20252,True
013145,F120,CO,MENAGGIO,7,5,1100.0,1450.0,1275.0,3.85,5.6,4.72,20252,True
073017,F563,TA,MONTEMESOLA,3,2,505.0,710.0,620.0,2.35,3.1,2.73,20252,True
082015,B430,PA,CALTAVUTURO,3,3,355.0,510.0,432.5,1.4,1.8,1.6,20252,True
096002,A280,BI,ANDORNO MICCA,4,2,295.0,432.5,363.75,2.0,2.85,2.42,20252,True
023057,G365,VR,PASTRENGO,1,1,1350.0,1975.0,1662.5,,,,20252,True
014078,L908,SO,VILLA DI TIRANO,7,7,700.0,900.0,800.0,2.2,2.9,2.55,20252,True
001020,A607,TO,BANCHETTE,2,1,435.0,650.0,542.5,3.7,5.5,4.6,20252,True
001094,D008,TO,CORIO,2,1,420.0,630.0,525.0,2.7,4.0,3.35,20252,True
028079,I120,PD,SAN PIETRO VIMINARIO,2,1,860.0,950.0,905.0,3.3,3.5,3.4,20252,True
024123,M384,VI,VAL LIONA,3,2,750.0,875.0,812.5,,,,20252,True
017160,H230,BS,REMEDELLO,2,1,910.0,1100.0,1005.0,3.3,4.0,3.65,20252,True
016139,F547,BG,MONTELLO,2,1,800.0,950.0,875.0,4.1,5.15,4.62,20252,True
012025,B258,VA,BUGUGGIATE,4,2,1125.0,1450.0,1287.5,3.8,5.4,4.6,20252,True
064075,H006,AV,PRATOLA SERRA,6,6,495.0,610.0,552.5,2.0,2.5,2.25,20252,True
089020,M257,SR,PORTOPALO DI CAPO PASSERO,5,5,480.0,710.0,600.0,1.9,2.6,2.25,20252,True
022243,M357,TN,MADRUZZO,6,5,1400.0,1600.0,1500.0,3.6,4.35,3.98,20252,True
005031,C232,AT,CASTELNUOVO DON BOSCO,3,3,440.0,660.0,550.0,2.2,3.3,2.75,20252,True
019099,I865,CR,SOSPIRO,2,2,475.0,650.0,562.5,3.0,4.25,3.62,20252,True
024071,F838,VI,NANTO,3,2,825.0,950.0,887.5,,,,20252,True
043049,I436,MC,SARNANO,5,5,600.0,900.0,750.0,2.4,3.8,3.15,20252,True
010012,B956,GE,CASELLA,3,3,545.0,810.0,677.5,3.05,4.5,3.77,20252,True
053008,C782,GR,CIVITELLA PAGANICO,3,3,640.0,960.0,800.0,2.6,3.6,3.1,20252,True
071043,H480,FG,RODI GARGANICO,5,4,925.0,1250.0,1087.5,3.0,4.25,3.65,20252,True
010057,I475,GE,SAVIGNONE,3,3,515.0,765.0,640.0,2.75,4.0,3.38,20252,True
015110,E170,MI,GREZZAGO,2,1,1100.0,1425.0,1262.5,4.5,6.25,5.38,20252,True
001252,I137,TO,SAN RAFFAELE CIMENA,3,2,710.0,1050.0,880.0,3.6,5.4,4.5,20252,True
015101,D367,MI,DRESANO,2,1,1100.0,1400.0,1250.0,4.75,6.2,5.47,20252,True
001033,B075,TO,BOSCONERO,2,1,630.0,935.0,782.5,3.05,4.55,3.8,20252,True
031006,D645,GO,FOGLIANO REDIPUGLIA,4,4,640.0,755.0,702.5,2.8,3.8,3.3,20252,True
017101,E865,BS,MALONNO,3,3,690.0,930.0,810.0,2.2,3.2,2.7,20252,True
075046,F194,LE,MIGGIANO,2,2,325.0,465.0,395.0,1.0,1.4,1.2,20252,True
062073,I809,BN,SOLOPACA,2,2,500.0,700.0,600.0,2.3,3.45,2.88,20252,True
009058,I946,SV,STELLA,5,4,870.0,1300.0,1085.0,3.5,4.0,3.75,20252,True
079147,L177,CZ,TIRIOLO,3,3,595.0,695.0,645.0,2.1,2.4,2.25,20252,True
016104,D697,BG,FORESTO SPARSO,2,2,700.0,850.0,790.0,3.8,4.4,4.1,20252,True
001220,H367,TO,ROBASSOMERO,4,2,540.0,810.0,675.0,2.8,4.2,3.5,20252,True
025073,M374,BL,VAL DI ZOLDO,8,8,1025.0,1225.0,1125.0,3.45,3.95,3.72,20252,True
070023,D550,CB,FERRAZZANO,3,3,550.0,800.0,675.0,3.0,4.0,3.5,20252,True
083078,H850,ME,SAN FRATELLO,2,2,365.0,520.0,442.5,1.3,1.7,1.5,20252,True
070084,M057,CB,VINCHIATURO,3,3,500.0,700.0,600.0,2.0,3.0,2.5,20252,True
097072,H486,LC,ROGENO,3,3,975.0,1200.0,1087.5,3.3,4.7,4.0,20252,True
075050,F716,LE,MORCIANO DI LEUCA,5,5,370.0,512.5,441.25,1.45,2.1,1.77,20252,True
033042,I434,PC,SARMATO,3,3,600.0,895.0,747.5,1.95,2.9,2.42,20252,True
051008,C102,AR,CASTEL FOCOGNANO,2,2,775.0,1125.0,950.0,2.65,3.8,3.23,20252,True
030087,H161,UD,RAGOGNA,3,2,580.0,850.0,715.0,2.4,3.4,2.9,20252,True
058112,L851,RM,VICOVARO,2,1,675.0,925.0,800.0,2.4,3.4,2.9,20252,True
006181,L904,AL,VIGUZZOLO,3,3,500.0,750.0,625.0,2.2,3.3,2.75,20252,True
014044,F393,SO,MONTAGNA IN VALTELLINA,6,6,800.0,1000.0,900.0,2.6,3.4,3.0,20252,True
022124,F835,TN,NAGO-TORBOLE,3,2,2350.0,2700.0,2525.0,6.0,7.75,6.88,20252,True
111098,L968,SU,VILLAMASSARGIA,2,1,600.0,775.0,687.5,2.25,2.85,2.55,20252,True
078136,I423,CS,SARACENA,2,2,325.0,465.0,395.0,1.35,1.9,1.62,20252,True
052003,B269,SI,BUONCONVENTO,3,3,840.0,1250.0,1045.0,2.7,4.0,3.35,20252,True
017178,I631,BS,SERLE,3,2,825.0,1065.0,945.0,2.8,3.9,3.35,20252,True
021104,L490,BZ,ULTIMO .ULTEN.,4,3,1900.0,2400.0,2150.0,5.5,8.0,6.75,20252,True
007045,F987,AO,NUS,2,2,1100.0,1600.0,1350.0,4.0,5.8,4.9,20252,True
030066,G163,UD,OSOPPO,4,2,580.0,850.0,715.0,2.4,3.4,2.9,20252,True
016052,B710,BG,CAPRINO BERGAMASCO,2,2,740.0,920.0,830.0,3.2,4.5,3.85,20252,True
099025,H949,RN,SAN LEO,3,2,835.0,1225.0,1030.0,3.65,5.4,4.53,20252,True
111084,I734,SU,SILIQUA,2,1,550.0,725.0,637.5,1.95,2.6,2.28,20252,True
075071,I115,LE,SAN PIETRO IN LAMA,2,2,355.0,495.0,425.0,1.3,1.9,1.6,20252,True
001107,D725,TO,FORNO CANAVESE,2,1,455.0,680.0,567.5,2.45,3.65,3.05,20252,True
008052,H763,IM,SAN BARTOLOMEO AL MARE,7,6,2125.0,3000.0,2537.5,6.0,9.0,7.5,20252,True
068025,F765,PE,MOSCUFO,3,3,445.0,665.0,555.0,1.95,2.9,2.42,20252,True
079123,I463,CZ,SATRIANO,5,5,710.0,830.0,770.0,3.3,4.15,3.72,20252,True
021012,B203,BZ,BRONZOLO .BRANZOLL.,3,2,2250.0,2700.0,2475.0,6.15,8.5,7.33,20252,True
016098,D588,BG,FILAGO,2,2,740.0,830.0,780.0,3.5,4.4,3.95,20252,True
024068,F696,VI,MONTORSO VICENTINO,4,4,740.0,945.0,855.0,,,,20252,True
013238,L737,CO,VENIANO,2,1,1200.0,1350.0,1275.0,3.8,4.8,4.3,20252,True
078103,H416,CS,ROCCA IMPERIALE,3,3,520.0,720.0,620.0,1.9,2.7,2.3,20252,True
030069,G268,UD,PALAZZOLO DELLO STELLA,3,3,590.0,855.0,722.5,2.3,3.45,2.88,20252,True
065046,C974,SA,CONTURSI TERME,3,3,585.0,835.0,710.0,1.8,2.45,2.12,20252,True
004095,D920,CN,GARESSIO,5,5,540.0,780.0,660.0,2.5,3.5,3.0,20252,True
020024,D949,MN,GAZOLDO DEGLI IPPOLITI,2,2,375.0,550.0,462.5,2.4,3.5,2.95,20252,True
078066,E475,CS,LATTARICO,3,3,480.0,670.0,575.0,1.8,2.5,2.15,20252,True
079142,I929,CZ,SQUILLACE,5,5,700.0,900.0,800.0,2.95,4.05,3.5,20252,True
001062,B955,TO,CASELETTE,2,1,915.0,1350.0,1132.5,4.1,6.15,5.12,20252,True
012064,D256,VA,DAVERIO,3,2,1100.0,1375.0,1237.5,3.65,5.4,4.53,20252,True
016135,F243,BG,MISANO DI GERA D'ADDA,2,1,850.0,1100.0,975.0,3.7,4.6,4.15,20252,True
030006,A448,UD,ARTEGNA,2,2,580.0,810.0,695.0,2.4,3.4,2.9,20252,True
082011,A946,PA,BOLOGNETTA,3,3,330.0,485.0,407.5,1.3,1.6,1.45,20252,True
003133,I025,NO,SAN MAURIZIO D'OPAGLIO,4,3,1150.0,1700.0,1425.0,3.5,4.6,4.25,20252,True
016100,D606,BG,FIORANO AL SERIO,2,1,800.0,950.0,875.0,2.7,3.95,3.33,20252,True
076070,H590,PZ,ROTONDA,3,3,335.0,377.5,356.25,1.1,1.4,1.25,20252,True
004041,B720,CN,CARAMAGNA PIEMONTE,2,2,840.0,1250.0,1045.0,2.7,3.6,3.15,20252,True
059030,I892,LT,SPERLONGA,4,4,1550.0,2200.0,1875.0,8.9,13.3,11.1,20252,True
001273,L238,TO,TORRAZZA PIEMONTE,2,1,645.0,970.0,807.5,3.85,5.8,4.83,20252,True
057064,I499,RI,SCANDRIGLIA,5,5,475.0,715.0,595.0,3.0,4.5,3.75,20252,True
064036,D998,AV,GESUALDO,3,3,405.0,507.5,456.25,1.6,2.1,1.85,20252,True
001199,G826,TO,PONT CANAVESE,5,3,410.0,610.0,510.0,2.4,3.4,2.9,20252,True
044015,C935,AP,COMUNANZA,3,3,620.0,895.0,757.5,2.5,3.8,3.15,20252,True
058099,I352,RM,SANT'ORESTE,2,1,675.0,1000.0,837.5,3.25,4.75,4.0,20252,True
064103,I893,AV,SPERONE,3,3,590.0,725.0,657.5,2.15,2.55,2.35,20252,True
004244,L942,CN,VILLAFALLETTO,3,3,690.0,1025.0,857.5,2.5,3.5,3.0,20252,True
048026,E971,FI,MARRADI,2,2,475.0,700.0,587.5,1.55,2.3,1.93,20252,True
021101,L178,BZ,TIROLO .TIROL.,3,3,2300.0,2800.0,2550.0,6.7,9.3,8.0,20252,True
040004,B001,FC,BORGHI,2,2,860.0,1200.0,1030.0,2.8,3.9,3.35,20252,True
025026,E429,BL,LAMON,3,3,635.0,785.0,710.0,2.0,2.5,2.25,20252,True
061026,C211,CE,CASTEL MORRONE,2,1,700.0,1050.0,875.0,1.85,2.75,2.3,20252,True
013144,F017,CO,MASLIANICO,2,1,1100.0,1500.0,1300.0,3.9,5.4,4.65,20252,True
090049,G153,SS,OSCHIRI,2,1,450.0,625.0,537.5,1.9,2.6,2.25,20252,True
015019,A804,MI,BERNATE TICINO,2,1,1000.0,1400.0,1200.0,4.0,5.6,4.8,20252,True
034030,H384,PR,ROCCABIANCA,2,2,507.5,640.0,573.75,1.9,2.5,2.2,20252,True
013212,I611,CO,SENNA COMASCO,1,1,950.0,1375.0,1162.5,3.4,5.0,4.2,20252,True
090017,B246,SS,BUDDUSO',3,2,475.0,700.0,587.5,2.0,2.9,2.45,20252,True
087022,E854,CT,MALETTO,3,3,325.0,475.0,400.0,1.2,1.7,1.45,20252,True
069091,L218,CH,TORINO DI SANGRO,3,3,600.0,895.0,747.5,2.6,3.9,3.25,20252,True
062064,H984,BN,SAN MARCO DEI CAVOTI,2,2,550.0,750.0,650.0,2.7,4.0,3.35,20252,True
054008,C252,PG,CASTEL RITALDI,3,3,375.0,550.0,462.5,1.35,2.0,1.68,20252,True
030019,B994,UD,CASSACCO,2,2,600.0,800.0,700.0,2.6,3.8,3.2,20252,True
091073,G929,NU,POSADA,5,5,1100.0,1450.0,1275.0,2.5,3.5,3.0,20252,True
001287,L644,TO,VALPERGA,2,1,520.0,785.0,652.5,2.85,4.3,3.58,20252,True
076098,L874,PZ,VIGGIANO,5,5,325.0,430.0,372.5,1.05,1.55,1.3,20252,True
004208,H851,CN,SANFRE',2,2,715.0,1050.0,882.5,2.7,3.6,3.15,20252,True
080074,H970,RC,SAN LUCA,3,3,360.0,495.0,427.5,1.35,1.75,1.55,20252,True
064043,E487,AV,LAURO,6,6,515.0,650.0,582.5,2.05,2.45,2.28,20252,True
030036,D455,UD,FAEDIS,3,3,575.0,830.0,702.5,2.3,3.35,2.83,20252,True
056053,L569,VT,VALENTANO,3,2,650.0,975.0,812.5,3.0,4.3,3.65,20252,True
061101,D471,CE,FALCIANO DEL MASSICO,2,1,475.0,700.0,587.5,1.6,2.35,1.98,20252,True
090012,A977,SS,BONO,2,1,470.0,700.0,585.0,2.0,2.9,2.45,20252,True
093028,F750,PN,MORSANO AL TAGLIAMENTO,2,2,625.0,800.0,712.5,2.25,3.35,2.8,20252,True
013045,B742,CO,CARBONATE,3,1,1050.0,1250.0,1150.0,3.2,4.4,3.8,20252,True
021039,E420,BZ,LAION .LAJEN.,3,3,2100.0,2300.0,2200.0,6.1,7.6,6.85,20252,True
078127,I114,CS,SAN PIETRO IN GUARANO,3,3,470.0,700.0,585.0,1.9,2.7,2.3,20252,True
062076,L254,BN,TORRECUSO,3,3,500.0,650.0,575.0,2.3,3.3,2.8,20252,True
065156,L835,SA,VIBONATI,4,4,700.0,990.0,845.0,2.2,3.2,2.7,20252,True
003026,B176,NO,BRIGA NOVARESE,3,2,1100.0,1600.0,1350.0,3.3,4.3,3.8,20252,True
012062,D238,VA,CUVEGLIO,5,3,985.0,1250.0,1117.5,3.5,5.1,4.3,20252,True
064080,H592,AV,ROTONDI,4,4,475.0,620.0,547.5,2.0,2.4,2.2,20252,True
030098,H629,UD,RUDA,4,2,575.0,835.0,705.0,2.45,3.65,3.05,20252,True
090013,A978,SS,BONORVA,2,1,470.0,705.0,587.5,2.0,2.95,2.48,20252,True
076071,H641,PZ,RUOTI,2,2,335.0,415.0,375.0,1.1,1.45,1.27,20252,True
042029,F600,AN,MONTE ROBERTO,3,3,555.0,785.0,670.0,2.0,2.75,2.38,20252,True
062067,I062,BN,SAN NICOLA MANFREDI,5,5,625.0,900.0,762.5,3.2,4.75,3.98,20252,True
069087,I520,CH,SCERNI,2,2,490.0,730.0,610.0,2.25,3.35,2.8,20252,True
024063,F486,VI,MONTE DI MALO,3,1,720.0,880.0,800.0,,,,20252,True
064017,B674,AV,CAPOSELE,4,4,430.0,530.0,480.0,1.7,2.1,1.9,20252,True
052005,C172,SI,CASTELLINA IN CHIANTI,3,3,1250.0,1850.0,1550.0,4.2,5.85,5.03,20252,True
027018,E215,VE,GRUARO,3,2,775.0,1000.0,887.5,,,,20252,True
098008,B887,LO,CASALETTO LODIGIANO,3,3,940.0,1300.0,1120.0,4.6,5.95,5.28,20252,True
022252,M429,TN,BORGO D'ANAUNIA,7,3,1200.0,1400.0,1300.0,2.7,3.4,3.05,20252,True
097011,B261,LC,BULCIAGO,2,1,900.0,1200.0,1050.0,3.15,4.25,3.7,20252,True
079131,I704,CZ,SETTINGIANO,4,4,585.0,685.0,635.0,2.2,2.6,2.4,20252,True
005117,L945,AT,VILLAFRANCA D'ASTI,2,2,480.0,700.0,590.0,2.1,3.0,2.55,20252,True
004166,G575,CN,PIASCO,2,2,695.0,1025.0,860.0,2.5,3.6,3.05,20252,True
065127,I253,SA,SANTA MARINA,3,3,800.0,1000.0,900.0,2.15,3.15,2.65,20252,True
001110,D812,TO,FROSSASCO,4,2,750.0,1100.0,925.0,3.7,5.6,4.65,20252,True
033004,A831,PC,BETTOLA,2,2,490.0,710.0,600.0,1.6,2.35,1.98,20252,True
010008,B538,GE,CAMPO LIGURE,3,3,605.0,895.0,750.0,2.3,3.4,2.85,20252,True
031024,L474,GO,TURRIACO,2,2,605.0,740.0,672.5,2.85,3.6,3.22,20252,True
099024,G433,RN,PENNABILLI,5,5,810.0,1150.0,980.0,2.6,3.6,3.1,20252,True
083027,D824,ME,FURCI SICULO,3,2,895.0,1250.0,1072.5,2.75,3.95,3.35,20252,True
080014,B118,RC,BRANCALEONE,4,4,420.0,630.0,525.0,1.4,2.1,1.75,20252,True
097002,A112,LC,AIRUNO,3,1,950.0,1200.0,1075.0,3.2,4.4,3.8,20252,True
024027,C056,VI,CASTEGNERO,3,3,850.0,950.0,900.0,,,,20252,True
017076,D924,BS,GARGNANO,3,2,1800.0,2525.0,2162.5,5.35,7.5,6.43,20252,True
036018,E426,MO,LAMA MOCOGNO,3,3,640.0,950.0,795.0,2.3,3.4,2.85,20252,True
098015,C329,LO,CASTIRAGA VIDARDO,2,2,825.0,1095.0,960.0,4.15,5.2,4.67,20252,True
004212,I316,CN,SANTA VITTORIA D'ALBA,3,3,655.0,965.0,810.0,2.8,3.9,3.35,20252,True
001303,L999,TO,VILLAR DORA,2,1,765.0,1145.0,955.0,4.0,6.05,5.03,20252,True
024066,F662,VI,MONTEVIALE,3,3,820.0,1100.0,960.0,,,,20252,True
030130,L686,UD,VARMO,4,2,640.0,950.0,795.0,2.5,3.7,3.1,20252,True
001190,G672,TO,PINASCA,2,1,480.0,725.0,602.5,2.55,3.8,3.17,20252,True
006043,C027,AL,CASSINE,3,2,435.0,650.0,542.5,1.65,2.45,2.05,20252,True
098021,D021,LO,CORNEGLIANO LAUDENSE,2,2,935.0,1200.0,1067.5,4.5,5.85,5.17,20252,True
039017,I196,RA,SANT'AGATA SUL SANTERNO,3,3,850.0,1150.0,1000.0,3.1,4.2,3.65,20252,True
017145,G801,BS,POLPENAZZE DEL GARDA,5,2,1300.0,1825.0,1562.5,3.95,5.6,4.78,20252,True
063069,I073,NA,SAN PAOLO BEL SITO,3,2,670.0,1020.0,845.0,2.2,3.4,2.8,20252,True
069016,B896,CH,CASALINCONTRADA,3,3,530.0,790.0,660.0,2.45,3.65,3.05,20252,True
075072,I172,LE,SANTA CESAREA TERME,4,4,730.0,820.0,775.0,2.75,3.4,3.08,20252,True
096018,C532,BI,CERRIONE,3,3,282.5,402.5,342.5,1.9,2.7,2.3,20252,True
084007,B427,AG,CALTABELLOTTA,4,3,220.0,330.0,275.0,1.0,1.5,1.25,20252,True
070059,H313,CB,RIPALIMOSANI,3,3,600.0,900.0,750.0,2.65,3.85,3.25,20252,True
071007,B104,FG,BOVINO,3,2,550.0,800.0,675.0,1.4,2.05,1.73,20252,True
098012,B958,LO,CASELLE LURANI,2,2,960.0,1300.0,1130.0,4.5,5.8,5.15,20252,True
093018,C993,PN,CORDOVADO,2,2,650.0,850.0,750.0,2.25,3.35,2.8,20252,True
064053,F491,AV,MONTEFALCIONE,3,3,415.0,502.5,458.75,2.0,2.25,2.12,20252,True
022254,M431,TN,VILLE DI FIEMME,5,4,2250.0,2600.0,2425.0,6.0,8.0,7.0,20252,True
041038,F589,PU,MONTE PORZIO,4,3,765.0,995.0,880.0,2.6,3.45,3.03,20252,True
009068,L975,SV,VILLANOVA D'ALBENGA,7,5,1650.0,2100.0,1875.0,4.8,5.5,5.15,20252,True
016066,C396,BG,CAVERNAGO,2,1,865.0,1085.0,975.0,3.1,4.65,3.88,20252,True
019109,L389,CR,TRESCORE CREMASCO,2,2,650.0,900.0,775.0,3.0,4.0,3.5,20252,True
022098,E334,TN,ISERA,6,4,1600.0,1850.0,1725.0,,,,20252,True
007022,D012,AO,COURMAYEUR,6,6,4800.0,7100.0,5950.0,9.7,14.4,12.05,20252,True
078055,D624,CS,FIUMEFREDDO BRUZIO,3,3,550.0,780.0,665.0,2.05,2.85,2.45,20252,True
004157,G228,CN,PAESANA,2,2,650.0,950.0,800.0,2.5,3.6,3.05,20252,True
062029,D469,BN,FAICCHIO,2,2,550.0,725.0,637.5,2.45,3.6,3.02,20252,True
030120,L144,UD,TERZO DI AQUILEIA,2,2,600.0,860.0,730.0,2.5,3.7,3.1,20252,True
004223,I823,CN,SOMMARIVA PERNO,3,3,655.0,965.0,810.0,2.8,3.9,3.35,20252,True
078114,H818,CS,SAN DEMETRIO CORONE,2,2,370.0,485.0,427.5,1.5,2.2,1.85,20252,True
065143,M253,SA,SICIGNANO DEGLI ALBURNI,7,7,530.0,680.0,605.0,1.5,1.95,1.73,20252,True
080052,F324,RC,MONASTERACE,5,5,435.0,650.0,542.5,1.3,1.9,1.6,20252,True
060048,G374,FR,PATRICA,4,3,395.0,520.0,457.5,1.9,2.5,2.2,20252,True
087001,A025,CT,ACI BONACCORSI,2,2,650.0,955.0,802.5,2.4,3.6,3.0,20252,True
023014,B154,VR,BRENZONE SUL GARDA,3,2,2225.0,3150.0,2687.5,,,,20252,True
005069,F336,AT,MONCALVO,3,3,390.0,580.0,485.0,2.15,2.85,2.53,20252,True
082055,G510,PA,PETRALIA SOPRANA,3,3,405.0,590.0,497.5,1.5,2.0,1.75,20252,True
030123,L309,UD,TORVISCOSA,4,2,575.0,835.0,705.0,2.45,3.65,3.05,20252,True
046030,I942,LU,STAZZEMA,3,3,585.0,850.0,717.5,1.95,2.9,2.42,20252,True
027010,C938,VE,CONA,4,2,650.0,900.0,775.0,,,,20252,True
022013,A821,TN,BESENELLO,3,1,1900.0,2300.0,2100.0,,,,20252,True
019064,G185,CR,OSTIANO,2,2,400.0,600.0,500.0,2.5,3.5,3.0,20252,True
013163,F958,CO,NOVEDRATE,2,2,900.0,1325.0,1112.5,3.25,4.8,4.03,20252,True
016063,C255,BG,CASTEL ROZZONE,2,1,700.0,885.0,792.5,3.7,4.6,4.15,20252,True
091101,L953,NU,VILLAGRANDE STRISAILI,3,2,490.0,670.0,580.0,1.35,1.8,1.58,20252,True
082024,C135,PA,CASTELLANA SICULA,3,3,375.0,510.0,442.5,1.5,1.9,1.7,20252,True
109030,G403,FM,PEDASO,2,2,950.0,1350.0,1150.0,3.85,5.8,4.83,20252,True
018014,A792,PV,BEREGUARDO,2,1,1000.0,1200.0,1100.0,,,,20252,True
064046,E891,AV,MANOCALZATI,4,4,495.0,605.0,550.0,2.15,2.6,2.38,20252,False
069001,A235,CH,ALTINO,3,3,535.0,800.0,667.5,2.45,3.65,3.05,20252,True
017074,D917,BS,GARDONE RIVIERA,5,4,2450.0,3100.0,2775.0,7.6,10.15,8.88,20252,True
060045,F740,FR,MOROLO,4,3,350.0,490.0,420.0,,,,20252,True
066007,A603,AQ,BALSORANO,2,2,475.0,710.0,592.5,1.5,2.2,1.85,20252,True
016141,F738,BG,MORNICO AL SERIO,4,1,800.0,950.0,875.0,3.7,4.6,4.15,20252,True
063085,L460,NA,TUFINO,3,2,630.0,970.0,800.0,2.1,3.2,2.65,20252,True
019055,E793,CR,MADIGNANO,2,2,500.0,750.0,625.0,3.0,5.0,4.0,20252,True
018015,A989,PV,BORGARELLO,2,1,845.0,1035.0,940.0,3.7,4.0,3.85,20252,True
060020,C177,FR,CASTELLIRI,3,3,285.0,390.0,337.5,,,,20252,True
013110,E139,CO,GRANDATE,2,2,1150.0,1425.0,1287.5,4.0,5.15,4.57,20252,True
013135,E735,CO,LUISAGO,2,2,1025.0,1275.0,1150.0,3.55,4.65,4.1,20252,True
014069,L330,SO,TRAONA,4,4,800.0,1000.0,900.0,2.7,3.4,3.05,20252,True
111068,I182,SU,SANTADI,2,1,475.0,625.0,550.0,1.65,2.25,1.95,20252,True
013253,M383,CO,ALTA VALLE INTELVI,5,3,750.0,1000.0,875.0,2.8,3.8,3.3,20252,True
084014,C356,AG,CATTOLICA ERACLEA,4,3,340.0,500.0,420.0,1.0,1.5,1.25,20252,True
082059,G797,PA,POLLINA,4,3,630.0,770.0,680.0,2.0,2.5,2.25,20252,True
014054,G993,SO,PRATA CAMPORTACCIO,5,5,800.0,1050.0,925.0,2.6,3.5,3.05,20252,True
097086,L751,LC,VERCURAGO,2,2,975.0,1175.0,1075.0,3.9,4.6,4.25,20252,True
096041,F993,BI,OCCHIEPPO SUPERIORE,2,2,510.0,700.0,605.0,3.4,4.5,3.95,20252,True
075027,D305,LE,DISO,4,4,380.0,560.0,470.0,1.5,2.1,1.8,20252,True
012058,D192,VA,CUASSO AL MONTE,5,4,915.0,1175.0,1045.0,3.4,5.0,4.2,20252,True
004105,E430,CN,LA MORRA,2,2,840.0,1250.0,1045.0,2.8,3.8,3.3,20252,True
023088,L396,VR,TREVENZUOLO,3,3,600.0,890.0,745.0,,,,20252,True
003143,L007,NO,SUNO,4,2,860.0,1250.0,1055.0,2.5,3.5,3.0,20252,True
083088,I283,ME,SANT'ANGELO DI BROLO,3,2,390.0,580.0,485.0,1.75,2.4,2.08,20252,True
086010,D849,EN,GAGLIANO CASTELFERRATO,4,3,250.0,370.0,310.0,0.95,1.35,1.15,20252,True
066101,L227,AQ,TORNIMPARTE,2,2,415.0,620.0,517.5,1.6,2.0,1.8,20252,True
017109,F373,BS,MONIGA DEL GARDA,5,3,1975.0,2550.0,2262.5,6.4,8.3,7.35,20252,True
061070,H423,CE,ROCCAMONFINA,5,4,475.0,700.0,587.5,1.6,2.25,1.9,20252,True
096059,H821,BI,SANDIGLIANO,2,1,362.5,507.5,435.0,2.45,3.5,2.98,20252,True
097076,I761,LC,SIRTORI,2,2,875.0,1100.0,987.5,3.0,4.0,3.5,20252,True
055010,C289,TR,CASTEL VISCARDO,3,3,600.0,950.0,775.0,3.0,5.0,4.0,20252,True
062030,D644,BN,FOGLIANISE,2,2,600.0,750.0,675.0,2.7,3.9,3.3,20252,True
012055,C922,VA,COMERIO,3,2,1250.0,1625.0,1437.5,4.4,6.45,5.42,20252,True
062022,C476,BN,CEPPALONI,4,4,500.0,700.0,600.0,2.65,3.7,3.15,20252,True
029047,L359,RO,TRECENTA,2,2,650.0,925.0,787.5,2.0,2.8,2.4,20252,True
056011,B597,VT,CANEPINA,3,2,500.0,750.0,625.0,2.6,3.45,3.03,20252,True
030065,F898,UD,NIMIS,3,3,575.0,830.0,702.5,2.3,3.35,2.83,20252,True
008050,H328,IM,RIVA LIGURE,3,3,2000.0,3000.0,2500.0,8.2,12.3,10.25,20252,True
030018,B788,UD,CARLINO,2,2,575.0,835.0,705.0,2.45,3.65,3.05,20252,True
024082,G957,VI,POZZOLEONE,3,2,785.0,910.0,847.5,,,,20252,True
021033,D821,BZ,FUNES .VILLNOESS.,4,3,1900.0,2200.0,2050.0,5.5,7.3,6.4,20252,True
010037,F354,GE,MONEGLIA,5,5,2150.0,3175.0,2662.5,5.15,7.6,6.38,20252,True
082030,C696,PA,CIMINNA,3,3,295.0,430.0,362.5,1.0,1.3,1.15,20252,True
101018,H383,KR,ROCCABERNARDA,2,1,370.0,500.0,435.0,1.1,1.5,1.3,20252,True
020001,A038,MN,ACQUANEGRA SUL CHIESE,3,3,425.0,550.0,487.5,2.75,3.65,3.2,20252,True
096085,M371,BI,LESSONA,3,3,355.0,515.0,440.0,2.35,3.35,2.85,20252,True
078051,D464,CS,FAGNANO CASTELLO,2,2,380.0,500.0,440.0,1.6,2.25,1.92,20252,True
083038,E555,ME,LETOJANNI,3,3,735.0,990.0,862.5,2.65,3.85,3.25,20252,True
018081,E600,PV,LINAROLO,2,1,960.0,1200.0,1080.0,,,,20252,True
098046,H701,LO,SALERANO SUL LAMBRO,2,2,1050.0,1450.0,1250.0,4.6,6.3,5.45,20252,True
064009,A566,AV,BAGNOLI IRPINO,4,4,442.5,522.5,482.5,1.75,2.2,1.98,20252,True
016129,E751,BG,LURANO,4,1,700.0,825.0,762.5,3.55,4.6,4.08,20252,True
017152,G977,BS,PRALBOINO,2,1,830.0,1100.0,965.0,3.0,3.9,3.45,20252,True
012036,B875,VA,CASALE LITTA,4,3,940.0,1200.0,1070.0,3.2,4.7,3.95,20252,True
023005,A540,VR,BADIA CALAVENA,2,2,700.0,1000.0,850.0,,,,20252,True
036043,I689,MO,SESTOLA,3,3,850.0,1250.0,1050.0,3.5,5.1,4.3,20252,True
056007,A857,VT,BLERA,3,2,525.0,775.0,650.0,2.6,3.6,3.1,20252,True
017116,F820,BS,MUSCOLINE,2,1,1000.0,1200.0,1100.0,3.8,4.5,4.15,20252,True
029009,B578,RO,CANARO,2,2,675.0,950.0,812.5,2.0,2.8,2.4,20252,True
001223,H511,TO,ROMANO CANAVESE,4,1,550.0,820.0,685.0,3.1,4.65,3.88,20252,True
058100,I400,RM,SAN VITO ROMANO,2,1,575.0,825.0,700.0,2.65,3.75,3.2,20252,True
012074,D963,VA,GEMONIO,3,2,1100.0,1375.0,1237.5,3.75,5.55,4.65,20252,True
023061,H048,VR,PRESSANA,2,1,600.0,890.0,745.0,,,,20252,True
057029,D689,RI,FORANO,3,2,675.0,950.0,812.5,3.35,4.15,3.75,20252,True
038010,E320,FE,JOLANDA DI SAVOIA,2,2,410.0,585.0,497.5,1.9,2.7,2.3,20252,True
020063,I801,MN,SOLFERINO,3,3,400.0,600.0,500.0,2.5,4.0,3.25,20252,True
066036,C783,AQ,CIVITELLA ROVETO,2,2,455.0,680.0,567.5,1.5,2.2,1.85,20252,True
014057,H752,SO,SAMOLACO,6,6,650.0,850.0,750.0,2.2,2.9,2.55,20252,True
097053,F657,LC,MONTEVECCHIA,2,1,1000.0,1375.0,1187.5,3.5,5.0,4.25,20252,True
033048,L848,PC,ZIANO PIACENTINO,2,2,465.0,685.0,575.0,1.5,2.25,1.88,20252,True
080031,D268,RC,DELIANUOVA,3,3,365.0,495.0,430.0,1.2,1.6,1.4,20252,True
003066,D675,NO,FONTANETO D'AGOGNA,3,2,670.0,980.0,825.0,2.05,2.9,2.48,20252,True
016158,G346,BG,PARRE,2,2,750.0,900.0,825.0,2.95,3.9,3.42,20252,True
018114,G650,PV,PIEVE PORTO MORONE,2,1,840.0,930.0,885.0,1.7,2.0,1.85,20252,True
076091,L326,PZ,TRAMUTOLA,3,3,395.0,460.0,425.0,1.3,1.65,1.48,20252,True
061041,E039,CE,GIOIA SANNITICA,3,2,450.0,650.0,550.0,1.2,1.8,1.5,20252,True
007071,L654,AO,VALTOURNENCHE,6,6,2100.0,2900.0,2500.0,4.7,6.7,5.7,20252,True
039005,B982,RA,CASOLA VALSENIO,2,2,750.0,1050.0,900.0,2.75,3.85,3.3,20252,True
083008,B660,ME,CAPIZZI,2,2,395.0,590.0,492.5,2.0,2.9,2.45,20252,True
023026,C538,VR,CERRO VERONESE,2,1,740.0,1075.0,907.5,,,,20252,True
053022,I187,GR,SANTA FIORA,5,5,585.0,835.0,710.0,2.55,3.8,3.17,20252,True
063078,I652,NA,SERRARA FONTANA,5,4,1600.0,2425.0,2012.5,4.65,7.05,5.85,20252,True
028018,B531,PD,CAMPODORO,3,2,900.0,1100.0,1000.0,3.7,4.2,3.95,20252,True
102019,E590,VV,LIMBADI,3,3,340.0,485.0,412.5,1.4,2.0,1.7,20252,True
082076,L603,PA,VALLEDOLMO,3,3,375.0,530.0,452.5,1.2,1.6,1.4,20252,True
041030,F450,PU,MONTECALVO IN FOGLIA,4,4,640.0,910.0,765.0,2.3,3.1,2.7,20252,True
010053,H802,GE,SAN COLOMBANO CERTENOLI,6,6,700.0,1040.0,870.0,3.5,5.1,4.3,20252,True
021024,D048,BZ,CORTACCIA SULLA STRADA DEL VINO .KURTATSCH A.,3,2,2100.0,2400.0,2250.0,4.85,6.55,5.7,20252,True
062052,G631,BN,PIETRELCINA,3,3,675.0,875.0,775.0,3.0,4.2,3.6,20252,True
028053,F148,PD,MERLARA,2,2,690.0,810.0,750.0,2.0,3.0,2.5,20252,True
023078,I292,VR,SANT'ANNA D'ALFAEDO,2,2,630.0,840.0,705.0,,,,20252,True
012077,E079,VA,GOLASECCA,3,2,1100.0,1325.0,1212.5,3.75,5.55,4.65,20252,True
001104,D562,TO,FIANO,3,1,750.0,1125.0,937.5,3.65,5.5,4.58,20252,True
082058,G792,PA,POLIZZI GENEROSA,3,3,375.0,500.0,437.5,1.2,1.6,1.4,20252,True
052030,I135,SI,SAN QUIRICO D'ORCIA,4,3,950.0,1375.0,1162.5,3.0,4.4,3.7,20252,True
009061,L190,SV,TOIRANO,2,2,1600.0,2400.0,2000.0,5.1,6.0,5.4,20252,True
024099,I527,VI,SCHIAVON,3,2,820.0,970.0,895.0,,,,20252,True
044001,A044,AP,ACQUASANTA TERME,3,3,505.0,735.0,620.0,2.0,3.15,2.58,20252,True
076100,M269,PZ,PATERNO,3,3,320.0,380.0,348.75,1.05,1.4,1.23,20252,True
016013,A440,BG,ARZAGO D'ADDA,2,2,700.0,870.0,785.0,3.4,4.4,3.95,20252,True
083011,B804,ME,CARONIA,3,3,385.0,570.0,477.5,1.95,2.75,2.35,20252,True
097030,D280,LC,DERVIO,2,2,975.0,1350.0,1162.5,3.6,5.25,4.42,20252,True
097039,E287,LC,IMBERSAGO,2,1,950.0,1325.0,1137.5,3.6,4.9,4.25,20252,True
034045,L672,PR,VARANO DE' MELEGARI,2,2,300.0,427.5,363.75,1.1,1.6,1.35,20252,True
071063,M266,FG,ORDONA,2,1,550.0,800.0,675.0,1.4,1.8,1.6,20252,True
090055,G376,SS,PATTADA,2,1,465.0,665.0,565.0,1.95,2.75,2.35,20252,True
098006,B141,LO,BREMBIO,2,2,840.0,1050.0,945.0,4.3,5.5,4.9,20252,True
101014,F108,KR,MELISSA,3,3,410.0,505.0,457.5,1.6,2.3,1.95,20252,True
088004,E016,RG,GIARRATANA,3,3,425.0,620.0,522.5,1.5,2.25,1.88,20252,True
088007,F610,RG,MONTEROSSO ALMO,3,3,425.0,630.0,527.5,1.5,2.2,1.85,20252,True
060064,H917,FR,SAN GIOVANNI INCARICO,3,3,365.0,500.0,432.5,,,,20252,True
029003,A435,RO,ARQUA' POLESINE,2,2,630.0,875.0,752.5,2.0,2.8,2.4,20252,True
044012,C321,AP,CASTIGNANO,3,3,475.0,690.0,582.5,1.9,2.7,2.3,20252,True
018075,E152,PV,GRAVELLONA LOMELLINA,2,1,840.0,1100.0,970.0,3.5,3.9,3.7,20252,True
013170,G126,CO,ORSENIGO,2,1,950.0,1400.0,1175.0,3.4,4.7,4.05,20252,True
060063,H880,FR,SAN GIORGIO A LIRI,3,3,450.0,610.0,530.0,,,,20252,True
082001,A195,PA,ALIA,3,3,295.0,425.0,360.0,1.1,1.4,1.25,20252,True
024019,B433,VI,CALTRANO,2,1,690.0,820.0,755.0,,,,20252,True
079008,A542,CZ,BADOLATO,3,3,520.0,640.0,578.75,2.45,2.85,2.65,20252,True
090050,G156,SS,OSILO,2,1,475.0,695.0,585.0,2.0,2.9,2.45,20252,True
004192,H453,CN,ROCCAVIONE,5,5,670.0,1000.0,835.0,2.5,3.5,3.0,20252,True
084004,A896,AG,BIVONA,3,3,260.0,380.0,320.0,1.2,1.8,1.5,20252,True
009011,A931,SV,BOISSANO,3,2,1175.0,1700.0,1437.5,4.35,4.9,4.62,20252,True
097038,D926,LC,GARLATE,2,2,915.0,1175.0,1045.0,3.4,4.5,3.95,20252,True
028090,L132,PD,TERRASSA PADOVANA,4,2,780.0,905.0,842.5,3.0,3.4,3.2,20252,True
078076,E914,CS,MARANO MARCHESATO,3,3,510.0,720.0,615.0,2.05,2.75,2.4,20252,True
052013,D858,SI,GAIOLE IN CHIANTI,2,2,1100.0,1550.0,1325.0,3.5,5.05,4.28,20252,True
079129,I655,CZ,SERRASTRETTA,8,8,405.0,515.0,460.0,1.0,1.2,1.1,20252,True
029024,D788,RO,FRATTA POLESINE,2,2,700.0,950.0,825.0,2.0,2.8,2.4,20252,True
080071,H889,RC,SAN GIORGIO MORGETO,3,3,375.0,550.0,462.5,1.3,1.8,1.55,20252,True
057054,G764,RI,POGGIO MOIANO,3,2,550.0,825.0,687.5,3.35,4.35,3.85,20252,True
001001,A074,TO,AGLIE',4,2,420.0,620.0,520.0,2.9,4.2,3.55,20252,True
017055,C760,BS,CIVIDATE CAMUNO,3,2,700.0,950.0,825.0,2.2,3.4,2.8,20252,True
003058,D216,NO,CUREGGIO,4,3,805.0,1175.0,990.0,2.55,3.55,3.05,20252,True
030058,F144,UD,MERETO DI TOMBA,2,2,650.0,955.0,802.5,2.45,3.65,3.05,20252,True
068043,L263,PE,TORRE DE' PASSERI,3,3,430.0,640.0,535.0,1.95,2.9,2.42,20252,True
004243,L888,CN,VIGNOLO,3,3,755.0,1100.0,927.5,3.1,4.1,3.6,20252,True
023001,A061,VR,AFFI,3,1,1550.0,2250.0,1900.0,,,,20252,True
024030,C650,VI,CHIUPPANO,2,1,660.0,820.0,740.0,,,,20252,True
003062,D347,NO,DORMELLETTO,4,3,915.0,1325.0,1120.0,3.35,4.6,4.0,20252,True
055011,D454,TR,FABRO,3,3,600.0,925.0,762.5,3.0,5.0,4.0,20252,True
097019,C187,LC,CASTELLO DI BRIANZA,3,1,850.0,1075.0,962.5,2.8,3.85,3.33,20252,True
076090,L197,PZ,TOLVE,3,3,355.0,460.0,407.5,1.15,1.65,1.4,20252,True
090009,A789,SS,BERCHIDDA,2,1,465.0,695.0,580.0,1.95,2.9,2.42,20252,True
093008,B247,PN,BUDOIA,2,2,625.0,800.0,712.5,2.75,3.75,3.25,20252,True
005025,C127,AT,CASTELL'ALFERO,3,3,510.0,720.0,615.0,2.1,3.1,2.6,20252,True
025050,C919,BL,SANTO STEFANO DI CADORE,4,4,1125.0,1300.0,1212.5,3.7,4.2,3.95,20252,True
014073,L576,SO,VALFURVA,5,4,1700.0,2100.0,1900.0,5.2,6.8,6.0,20252,True
001053,B628,TO,CANTALUPA,2,1,675.0,1005.0,840.0,3.45,5.1,4.27,20252,True
023031,D317,VR,DOLCE',4,3,740.0,1100.0,920.0,,,,20252,True
062059,H898,BN,SAN GIORGIO LA MOLARA,3,3,475.0,625.0,550.0,2.2,3.3,2.75,20252,True
007073,C282,AO,VERRES,3,3,875.0,1275.0,1075.0,3.0,4.5,3.75,20252,True
021010,B145,BZ,BRENNERO .BRENNER.,4,3,1600.0,1900.0,1750.0,4.7,6.3,5.5,20252,True
013229,L547,CO,VALBRONA,3,1,700.0,1000.0,850.0,2.25,3.25,2.75,20252,True
083014,C051,ME,CASTELL'UMBERTO,3,2,467.5,690.0,578.75,1.45,2.05,1.75,20252,True
060071,I669,FR,SERRONE,3,3,275.0,410.0,342.5,,,,20252,True
111044,F841,SU,NARCAO,3,2,450.0,575.0,512.5,1.75,2.25,2.0,20252,True
061051,F203,CE,MIGNANO MONTE LUNGO,2,1,475.0,675.0,575.0,1.75,2.5,2.12,20252,True
075009,B086,LE,BOTRUGNO,3,3,325.0,465.0,395.0,1.4,2.0,1.7,20252,True
098029,E238,LO,GUARDAMIGLIO,2,2,720.0,965.0,842.5,4.8,6.4,5.6,20252,True
023047,F172,VR,MEZZANE DI SOTTO,2,1,775.0,1125.0,950.0,,,,20252,True
061069,H398,CE,ROCCA D'EVANDRO,5,4,400.0,600.0,500.0,1.25,1.8,1.52,20252,True
053007,C705,GR,CINIGIANO,2,2,570.0,780.0,675.0,2.3,2.9,2.6,20252,True
012126,L115,VA,TERNATE,4,2,1100.0,1325.0,1212.5,3.75,5.55,4.65,20252,True
019052,E272,CR,GUSSOLA,2,2,400.0,550.0,475.0,2.5,3.5,3.0,20252,True
111008,B383,SU,CALASETTA,4,3,1300.0,1800.0,1550.0,4.7,6.3,5.55,20252,True
016244,M144,BG,ZANDOBBIO,3,2,850.0,950.0,900.0,4.45,5.4,4.93,20252,True
023065,H606,VR,ROVERCHIARA,2,2,590.0,870.0,730.0,,,,20252,True
063018,B922,NA,CASAMARCIANO,3,2,760.0,1175.0,967.5,2.55,3.9,3.23,20252,True
066077,H166,AQ,RAIANO,2,2,400.0,600.0,500.0,1.25,1.85,1.55,20252,True
017015,A799,BS,BERLINGO,2,1,990.0,1200.0,1095.0,3.3,3.9,3.6,20252,True
041034,F497,PU,MONTEFELCINO,5,5,640.0,870.0,755.0,2.2,3.15,2.68,20252,True
030095,H347,UD,RIVE D'ARCANO,2,2,580.0,850.0,715.0,2.4,3.4,2.9,20252,True
051010,C263,AR,CASTEL SAN NICCOLO',2,2,725.0,1050.0,887.5,2.55,3.7,3.12,20252,True
013121,E428,CO,LAMBRUGO,2,1,825.0,1200.0,1012.5,3.0,4.0,3.5,20252,True
041045,G514,PU,PETRIANO,4,3,640.0,880.0,750.0,2.3,3.4,2.85,20252,True
017137,G391,BS,PAVONE DEL MELLA,2,1,860.0,1100.0,980.0,3.1,3.9,3.5,20252,True
009062,L315,SV,TOVO SAN GIACOMO,3,2,1350.0,1775.0,1562.5,4.05,4.55,4.3,20252,True
090076,L503,SS,URI,2,1,560.0,825.0,692.5,2.35,3.45,2.9,20252,True
022092,E048,TN,GIOVO,4,3,1300.0,1500.0,1400.0,4.0,4.5,4.25,20252,True
090074,L428,SS,TRINITA' D'AGULTU E VIGNOLA,5,4,1375.0,1950.0,1662.5,5.75,8.15,6.95,20252,True
013097,D445,CO,EUPILIO,2,1,950.0,1400.0,1175.0,3.45,4.7,4.08,20252,True
094022,D811,IS,FROSOLONE,3,3,400.0,600.0,500.0,,,,20252,True
083081,I086,ME,SAN PIERO PATTI,2,2,470.0,700.0,585.0,1.8,2.55,2.17,20252,True
023003,A292,VR,ANGIARI,2,2,660.0,980.0,820.0,,,,20252,True
087014,C297,CT,CASTIGLIONE DI SICILIA,4,4,300.0,445.0,372.5,1.05,1.55,1.3,20252,True
010051,H581,GE,ROSSIGLIONE,5,5,405.0,600.0,502.5,2.0,2.9,2.45,20252,True
059013,E798,LT,MAENZA,2,2,460.0,660.0,560.0,2.4,3.5,2.95,20252,True
029018,D105,RO,COSTA DI ROVIGO,2,2,630.0,875.0,752.5,2.0,2.8,2.4,20252,True
043055,L501,MC,URBISAGLIA,3,3,720.0,1050.0,885.0,2.7,3.9,3.3,20252,True
090071,L158,SS,THIESI,2,1,530.0,715.0,622.5,2.2,2.95,2.57,20252,True
064119,M130,AV,VOLTURARA IRPINA,3,3,390.0,465.0,427.5,1.6,1.95,1.77,20252,True
022047,C189,TN,CASTELLO-MOLINA DI FIEMME,5,2,2000.0,2350.0,2175.0,5.75,7.5,6.62,20252,True
030077,G891,UD,PORPETTO,2,2,575.0,835.0,705.0,2.45,3.65,3.05,20252,True
010029,E519,GE,LEIVI,4,4,1450.0,2100.0,1775.0,5.1,7.1,6.1,20252,True
010033,F098,GE,MELE,2,2,1000.0,1450.0,1225.0,4.0,5.9,4.95,20252,True
075086,L166,LE,TIGGIANO,3,3,355.0,465.0,410.0,1.2,1.5,1.35,20252,True
052008,C587,SI,CETONA,4,4,750.0,1075.0,912.5,2.35,3.4,2.88,20252,True
024042,D882,VI,GALLIO,3,3,950.0,1250.0,1100.0,,,,20252,True
078121,H962,CS,SAN LORENZO DEL VALLO,2,2,380.0,470.0,425.0,1.55,2.05,1.8,20252,True
017144,G779,BS,POLAVENO,5,2,870.0,1040.0,955.0,3.2,3.75,3.47,20252,True
078068,E678,CS,LONGOBUCCO,2,2,365.0,540.0,452.5,1.65,2.35,2.0,20252,True
025055,I626,BL,SEREN DEL GRAPPA,2,2,660.0,800.0,730.0,2.0,3.0,2.5,20252,True
059031,I902,LT,SPIGNO SATURNIA,4,4,770.0,1100.0,935.0,3.2,4.6,3.9,20252,True
083029,D844,ME,GAGGI,4,2,575.0,810.0,692.5,1.8,2.5,2.15,20252,True
009042,F926,SV,NOLI,5,4,3450.0,5100.0,4275.0,6.3,6.9,6.6,20252,True
016068,C456,BG,CENATE SOPRA,2,2,900.0,1000.0,950.0,4.3,5.6,4.95,20252,True
076076,H831,PZ,SAN FELE,3,3,327.5,372.5,350.0,1.05,1.35,1.2,20252,True
097031,D327,LC,DOLZAGO,3,1,900.0,1125.0,1012.5,3.15,4.1,3.62,20252,True
004096,D967,CN,GENOLA,2,2,800.0,1200.0,1000.0,2.7,3.6,3.15,20252,True
042047,I653,AN,SERRA SAN QUIRICO,3,3,365.0,535.0,450.0,1.25,1.7,1.48,20252,True
007023,D338,AO,DONNAS,2,2,780.0,1100.0,940.0,3.15,4.7,3.92,20252,True
064033,D671,AV,FONTANAROSA,3,3,402.5,502.5,452.5,1.65,2.1,1.88,20252,True
021055,F836,BZ,NALLES .NALS.,3,2,2150.0,2500.0,2325.0,5.95,7.5,6.73,20252,True
063022,B980,NA,CASOLA DI NAPOLI,3,2,860.0,1325.0,1092.5,2.9,4.4,3.65,20252,True
019072,G558,CR,PIANENGO,2,2,600.0,800.0,700.0,3.0,4.0,3.5,20252,True
096071,L556,BI,VALDENGO,3,2,285.0,425.0,355.0,2.0,2.8,2.4,20252,True
017022,B054,BS,BORNO,2,2,1035.0,1350.0,1192.5,3.3,4.6,3.95,20252,True
003030,B431,NO,CALTIGNAGA,3,2,735.0,1080.0,907.5,2.6,3.65,3.12,20252,True
022110,E850,TN,MALE',5,4,1400.0,1600.0,1500.0,3.75,4.25,4.0,20252,True
016216,L265,BG,TORRE DE' ROVERI,2,1,950.0,1100.0,1025.0,4.1,5.55,4.83,20252,True
042007,B470,AN,CAMERATA PICENA,2,2,750.0,990.0,870.0,2.3,3.1,2.7,20252,True
018019,B051,PV,BORNASCO,3,2,890.0,1100.0,995.0,4.3,5.5,4.9,20252,True
098028,E127,LO,GRAFFIGNANA,2,2,875.0,1150.0,1012.5,4.0,5.1,4.55,20252,True
069027,D137,CH,CRECCHIO,2,2,455.0,675.0,565.0,2.05,3.0,2.52,20252,True
001244,H890,TO,SAN GIORGIO CANAVESE,2,1,540.0,810.0,675.0,2.95,4.4,3.68,20252,True
012132,L671,VA,VARANO BORGHI,3,2,1100.0,1325.0,1212.5,3.75,5.55,4.65,20252,True
071035,G125,FG,ORSARA DI PUGLIA,2,1,400.0,600.0,500.0,1.4,2.0,1.7,20252,True
055007,A691,TR,BASCHI,3,3,600.0,900.0,750.0,3.0,5.0,4.0,20252,True
007019,C598,AO,CHARVENSOD,3,3,1200.0,1700.0,1450.0,2.8,3.9,3.33,20252,True
029013,C215,RO,CASTELNOVO BARIANO,2,2,675.0,925.0,800.0,2.0,2.8,2.4,20252,True
014020,C651,SO,CHIURO,5,5,850.0,1050.0,950.0,2.7,3.4,3.05,20252,True
076097,L873,PZ,VIGGIANELLO,2,2,335.0,397.5,366.25,1.1,1.4,1.25,20252,True
030063,F760,UD,MORUZZO,2,2,700.0,990.0,825.0,2.4,3.6,3.0,20252,True
025018,D330,BL,DOMEGGE DI CADORE,3,3,1075.0,1275.0,1175.0,3.5,4.05,3.77,20252,True
033008,B405,PC,CALENDASCO,3,3,590.0,870.0,730.0,1.9,2.8,2.35,20252,True
084015,C668,AG,CIANCIANA,3,2,300.0,450.0,375.0,1.0,1.5,1.25,20252,True
012143,M425,VA,CADREZZATE CON OSMATE,2,1,1050.0,1400.0,1225.0,4.2,6.2,5.2,20252,True
075017,C334,LE,CASTRI DI LECCE,2,2,355.0,450.0,402.5,1.3,1.6,1.45,20252,True
001229,H627,TO,RUBIANA,2,1,515.0,770.0,642.5,3.25,4.75,4.0,20252,True
010002,A506,GE,AVEGNO,3,3,965.0,1425.0,1195.0,3.9,5.8,4.85,20252,True
064104,I990,AV,STURNO,3,3,362.5,462.5,412.5,1.6,2.1,1.85,20252,True
065068,F223,SA,MINORI,3,3,1900.0,2600.0,2250.0,4.2,6.25,5.22,20252,True
058096,I125,RM,SAN POLO DEI CAVALIERI,2,1,700.0,1000.0,850.0,3.4,4.9,4.15,20252,True
018192,M372,PV,CORTEOLONA E GENZONE,3,2,710.0,820.0,765.0,2.5,2.7,2.6,20252,True
065096,G707,SA,PISCIOTTA,6,6,1050.0,1450.0,1250.0,3.4,4.65,4.03,20252,True
102006,C581,VV,CESSANITI,5,5,340.0,410.0,375.0,1.3,1.6,1.45,20252,True
064029,C971,AV,CONTRADA,3,3,505.0,615.0,560.0,1.9,2.35,2.12,20252,True
058058,F064,RM,MAZZANO ROMANO,2,1,675.0,975.0,825.0,3.05,4.4,3.72,20252,True
030010,A810,UD,BERTIOLO,2,2,640.0,940.0,790.0,2.3,3.4,2.85,20252,True
028012,A906,PD,BOARA PISANI,3,1,880.0,1000.0,940.0,3.9,4.3,4.1,20252,True
056030,E210,VT,GROTTE DI CASTRO,3,2,500.0,775.0,637.5,2.6,3.6,3.1,20252,True
082025,C344,PA,CASTRONOVO DI SICILIA,3,3,290.0,425.0,357.5,1.2,1.4,1.3,20252,True
068020,E558,PE,LETTOMANOPPELLO,3,3,410.0,610.0,510.0,1.8,2.7,2.25,20252,True
005012,B306,AT,BUTTIGLIERA D'ASTI,2,2,490.0,720.0,605.0,2.1,3.1,2.6,20252,True
066096,I553,AQ,SCURCOLA MARSICANA,2,2,440.0,660.0,550.0,1.3,1.9,1.6,20252,True
082051,F553,PA,MONTEMAGGIORE BELSITO,2,2,350.0,520.0,435.0,1.6,1.9,1.75,20252,True
022144,G808,TN,POMAROLO,3,2,1575.0,1900.0,1737.5,,,,20252,True
013157,F688,CO,MONTORFANO,2,1,1200.0,1650.0,1425.0,4.3,5.5,4.9,20252,True
020019,C502,MN,CERESARA,2,2,375.0,525.0,450.0,2.4,3.4,2.9,20252,True
084035,H778,AG,SAN BIAGIO PLATANI,3,3,180.0,270.0,225.0,1.0,1.5,1.25,20252,True
081002,B288,TP,BUSETO PALIZZOLO,3,2,590.0,850.0,720.0,2.15,3.1,2.62,20252,True
083019,D474,ME,FALCONE,3,2,680.0,950.0,815.0,2.25,3.05,2.65,20252,True
098030,E627,LO,LIVRAGA,2,2,840.0,1000.0,920.0,4.1,5.3,4.7,20252,True
030075,G743,UD,POCENIA,2,2,590.0,855.0,722.5,2.3,3.45,2.88,20252,True
025004,A443,BL,ARSIE',6,6,575.0,705.0,640.0,1.8,2.7,2.25,20252,True
095019,D200,OR,CUGLIERI,3,3,440.0,640.0,540.0,2.25,3.25,2.75,20252,True
023093,L810,VR,VESTENANOVA,2,2,700.0,1000.0,850.0,,,,20252,True
076032,D593,PZ,FILIANO,5,5,332.5,407.5,375.0,1.2,1.65,1.4,20252,True
061055,G364,CE,PASTORANO,5,2,450.0,675.0,562.5,1.3,1.95,1.62,20252,True
079058,E031,CZ,GIMIGLIANO,4,4,585.0,685.0,635.0,2.1,2.4,2.25,20252,True
017172,H865,BS,SAN GERVASIO BRESCIANO,2,1,760.0,1050.0,905.0,2.2,3.5,2.85,20252,True
111070,M209,SU,SANT'ANNA ARRESI,3,2,900.0,1300.0,1100.0,3.5,5.2,4.35,20252,True
013022,A791,CO,BEREGAZZO CON FIGLIARO,2,1,1100.0,1350.0,1225.0,3.5,4.8,4.15,20252,True
053002,B497,GR,CAMPAGNATICO,2,2,850.0,1150.0,1000.0,2.7,3.9,3.3,20252,True
097037,D913,LC,GARBAGNATE MONASTERO,4,2,925.0,1200.0,1062.5,3.2,4.35,3.77,20252,True
085021,L609,CL,VALLELUNGA PRATAMENO,3,3,320.0,480.0,400.0,1.0,1.5,1.25,20252,True
018159,L269,PV,TORRE D'ISOLA,4,3,970.0,1100.0,1035.0,2.5,2.9,2.7,20252,True
010003,A658,GE,BARGAGLI,2,2,590.0,880.0,735.0,3.7,5.5,4.6,20252,True
003036,B823,NO,CARPIGNANO SESIA,3,2,860.0,1250.0,1055.0,2.5,3.5,3.0,20252,True
020011,B907,MN,CASALOLDO,2,2,400.0,525.0,462.5,2.65,3.5,3.08,20252,True
080001,A065,RC,AFRICO,3,3,355.0,485.0,420.0,1.4,1.8,1.6,20252,True
016023,A786,BG,BERBENNO,3,1,700.0,860.0,780.0,3.6,4.45,4.03,20252,True
079043,D261,CZ,DECOLLATURA,3,3,550.0,635.0,592.5,1.9,2.3,2.1,20252,True
052019,F815,SI,MURLO,3,3,1200.0,1700.0,1450.0,3.6,5.3,4.45,20252,True
004241,L817,CN,VEZZA D'ALBA,2,2,640.0,950.0,795.0,2.95,3.95,3.45,20252,True
061059,G630,CE,PIETRAVAIRANO,3,2,450.0,650.0,550.0,1.25,1.85,1.55,20252,True
021027,D222,BZ,CURON VENOSTA .GRAUN IM VINSCHGAU.,3,2,2300.0,2600.0,2450.0,6.4,7.15,6.78,20252,True
040014,D867,FC,GALEATA,2,2,800.0,1150.0,975.0,2.8,3.8,3.3,20252,True
091061,G084,NU,ORANI,2,1,520.0,670.0,595.0,1.3,2.0,1.65,20252,True
101011,D189,KR,CRUCOLI,3,3,370.0,500.0,435.0,1.45,1.95,1.7,20252,True
078026,B802,CS,CAROLEI,3,3,535.0,770.0,652.5,2.1,3.0,2.55,20252,True
102036,I350,VV,SANT'ONOFRIO,2,2,330.0,430.0,380.0,1.45,1.8,1.62,20252,True
012031,B732,VA,CARAVATE,3,2,975.0,1225.0,1100.0,3.3,4.8,4.05,20252,True
037033,A771,BO,LIZZANO IN BELVEDERE,3,2,700.0,1050.0,875.0,,,,20252,True
030032,D300,UD,DIGNANO,3,3,590.0,880.0,735.0,2.2,3.3,2.75,20252,True
010043,G646,GE,PIEVE LIGURE,3,3,2375.0,3500.0,2937.5,6.65,9.9,8.28,20252,True
028083,I319,PD,SANT'ELENA,3,1,810.0,950.0,880.0,2.9,3.3,3.1,20252,True
078110,H621,CS,ROVITO,3,3,530.0,740.0,635.0,2.0,2.7,2.35,20252,True
022241,M355,TN,CEMBRA LISIGNAGO,4,2,1400.0,1575.0,1487.5,3.75,4.5,4.12,20252,True
003100,F317,NO,MOMO,3,3,890.0,1300.0,1095.0,2.6,3.6,3.1,20252,True
033043,L348,PC,TRAVO,2,2,565.0,795.0,680.0,1.85,2.6,2.22,20252,True
002004,A198,VC,ALICE CASTELLO,2,1,502.5,750.0,626.25,2.15,3.2,2.67,20252,True
060015,B195,FR,BROCCOSTELLA,3,3,285.0,390.0,337.5,,,,20252,True
029006,A795,RO,BERGANTINO,2,2,675.0,925.0,800.0,2.0,2.8,2.4,20252,True
030064,F832,UD,MUZZANA DEL TURGNANO,2,2,590.0,855.0,722.5,2.3,3.45,2.88,20252,True
013137,E750,CO,LURAGO MARINONE,2,1,1050.0,1200.0,1125.0,3.4,4.4,3.9,20252,True
021109,L601,BZ,VALLE DI CASIES .GSIES.,3,3,2400.0,2700.0,2550.0,6.0,7.5,6.95,20252,True
071006,A854,FG,BICCARI,4,3,400.0,600.0,500.0,1.4,2.0,1.7,20252,True
023062,H356,VR,RIVOLI VERONESE,2,1,1150.0,1700.0,1425.0,,,,20252,True
017017,A817,BS,BERZO INFERIORE,4,2,760.0,940.0,850.0,2.5,3.25,2.88,20252,True
012097,E929,VA,MARCHIROLO,4,2,1125.0,1425.0,1275.0,3.7,5.4,4.55,20252,True
065032,C231,SA,CASTELNUOVO CILENTO,3,3,500.0,690.0,595.0,1.4,1.8,1.6,20252,True
054019,D745,PG,FOSSATO DI VICO,4,4,365.0,535.0,452.5,1.35,2.0,1.68,20252,True
082080,L951,PA,VILLAFRATI,3,3,330.0,490.0,410.0,1.1,1.4,1.25,20252,True
062060,H953,BN,SAN LEUCIO DEL SANNIO,2,2,550.0,725.0,637.5,2.55,3.6,3.08,20252,True
022233,M366,TN,DIMARO FOLGARIDA,5,3,1700.0,2000.0,1850.0,5.0,5.8,5.4,20252,True
065001,A023,SA,ACERNO,2,2,595.0,850.0,722.5,1.5,2.2,1.85,20252,True
028067,G823,PD,PONSO,4,2,740.0,820.0,780.0,3.0,3.4,3.2,20252,True
078084,F735,CS,MORMANNO,2,2,330.0,410.0,370.0,1.3,1.9,1.6,20252,True
082056,G511,PA,PETRALIA SOTTANA,3,3,405.0,590.0,497.5,1.7,2.2,1.95,20252,True
018143,I237,PV,SANTA MARIA DELLA VERSA,2,1,850.0,920.0,885.0,2.3,2.6,2.45,20252,True
022039,B579,TN,CANAZEI,2,1,4400.0,5300.0,4850.0,12.0,13.0,12.5,20252,True
079138,I874,CZ,SOVERIA MANNELLI,4,4,460.0,560.0,510.0,1.9,2.3,2.1,20252,True
096068,L193,BI,TOLLEGNO,2,2,367.5,527.5,455.0,2.4,3.35,2.92,20252,True
003095,F093,NO,MEINA,6,5,950.0,1375.0,1162.5,3.3,4.8,4.05,20252,True
018163,L440,PV,TRIVOLZIO,2,1,890.0,980.0,935.0,2.2,2.4,2.3,20252,True
004209,H852,CN,SANFRONT,2,2,635.0,910.0,772.5,2.5,3.6,3.05,20252,True
082074,L332,PA,TRAPPETO,7,5,595.0,710.0,652.5,2.0,2.2,2.15,20252,True
083101,L478,ME,TUSA,3,2,595.0,870.0,732.5,2.65,3.85,3.25,20252,True
085010,E618,CL,MILENA,3,3,310.0,430.0,370.0,1.1,1.6,1.35,20252,True
019059,F681,CR,MONTODINE,2,2,450.0,700.0,575.0,3.0,4.0,3.5,20252,True
010067,M182,GE,ZOAGLI,3,3,2300.0,3400.0,2850.0,5.6,8.3,6.95,20252,True
096049,G980,BI,PRALUNGO,2,2,280.0,400.0,340.0,1.9,2.6,2.25,20252,True
056027,D870,VT,GALLESE,3,2,500.0,750.0,625.0,2.45,3.4,2.92,20252,True
021099,L149,BZ,TESIMO .TISENS.,3,2,1975.0,2350.0,2162.5,4.95,6.45,5.7,20252,True
017189,L372,BS,TREMOSINE SUL GARDA,3,2,1175.0,1725.0,1450.0,3.55,5.0,4.28,20252,True
030073,G381,UD,PAULARO,2,2,570.0,850.0,710.0,2.1,3.1,2.6,20252,True
013047,B785,CO,CARLAZZO,2,1,800.0,1200.0,1000.0,3.0,4.5,3.75,20252,True
075049,F623,LE,MONTESANO SALENTINO,2,2,360.0,465.0,412.5,1.3,1.6,1.45,20252,True
018084,B387,PV,LUNGAVILLA,2,1,820.0,940.0,880.0,,,,20252,True
091094,L231,NU,TORPE',2,2,670.0,820.0,745.0,1.2,1.6,1.4,20252,True
005112,L574,AT,VALFENERA,2,2,480.0,700.0,590.0,2.1,3.0,2.55,20252,True
062027,D380,BN,DUGENTA,3,3,500.0,750.0,625.0,2.2,3.0,2.6,20252,True
030052,E820,UD,MAGNANO IN RIVIERA,2,2,580.0,810.0,695.0,2.4,3.4,2.9,20252,True
014019,C628,SO,CHIESA IN VALMALENCO,6,5,1400.0,1700.0,1550.0,4.4,5.7,5.0,20252,True
038012,F016,FE,MASI TORELLO,3,3,565.0,785.0,675.0,2.8,3.7,3.25,20252,True
091009,A895,NU,BITTI,2,1,465.0,640.0,552.5,1.55,2.25,1.9,20252,True
064032,D638,AV,FLUMERI,4,4,365.0,445.0,405.0,1.6,2.05,1.83,20252,True
020050,H342,MN,RIVAROLO MANTOVANO,3,3,375.0,525.0,450.0,2.4,3.4,2.9,20252,True
015035,B235,MI,BUBBIANO,2,1,1100.0,1450.0,1275.0,4.4,6.3,5.35,20252,True
029021,D568,RO,FICAROLO,2,2,675.0,925.0,800.0,2.0,2.8,2.4,20252,True
090083,M274,SS,GOLFO ARANCI,4,3,2600.0,3450.0,3025.0,10.85,14.4,12.62,20252,True
062002,A265,BN,AMOROSI,2,2,525.0,675.0,600.0,2.55,3.6,3.08,20252,True
083095,I747,ME,SINAGRA,3,2,477.5,700.0,588.75,1.75,2.4,2.08,20252,True
025015,C920,BL,COMELICO SUPERIORE,2,2,935.0,1225.0,1080.0,2.35,3.5,2.92,20252,True
045012,F802,MS,MULAZZO,3,3,600.0,900.0,750.0,3.0,4.5,3.75,20252,True
055005,A439,TR,ARRONE,2,2,550.0,850.0,700.0,2.7,5.0,3.85,20252,True
065019,B351,SA,CAGGIANO,3,3,535.0,710.0,622.5,1.45,1.95,1.7,20252,True
016140,F720,BG,MORENGO,2,1,695.0,810.0,752.5,3.7,4.6,4.15,20252,True
097005,A683,LC,BARZAGO,2,1,800.0,1075.0,937.5,3.0,4.0,3.5,20252,True
018086,E934,PV,MARCIGNAGO,2,1,900.0,990.0,945.0,1.4,1.5,1.45,20252,True
064058,F559,AV,MONTEMARANO,4,4,390.0,460.0,425.0,1.65,2.0,1.83,20252,True
095045,H756,OR,SAMUGHEO,2,2,360.0,530.0,445.0,1.25,1.8,1.52,20252,True
033025,E196,PC,GROPPARELLO,2,2,470.0,695.0,582.5,1.55,2.3,1.93,20252,True
057055,G765,RI,POGGIO NATIVO,2,1,600.0,900.0,750.0,3.35,4.4,3.88,20252,True
014052,G829,SO,PONTE IN VALTELLINA,7,6,750.0,975.0,862.5,2.4,3.15,2.77,20252,True
016196,I567,BG,SEDRINA,2,1,695.0,850.0,772.5,3.6,4.45,4.03,20252,True
062077,M093,BN,VITULANO,3,3,550.0,700.0,625.0,2.5,3.7,3.1,20252,True
097021,C563,LC,CESANA BRIANZA,3,2,975.0,1150.0,1062.5,3.5,4.35,3.92,20252,True
080044,E873,RC,MAMMOLA,2,2,410.0,610.0,510.0,1.3,1.8,1.55,20252,True
017006,A293,BS,ANGOLO TERME,2,2,755.0,925.0,840.0,2.2,3.15,2.67,20252,True
071009,B584,FG,CANDELA,3,2,500.0,750.0,625.0,1.5,2.15,1.82,20252,True
017126,G150,BS,ORZIVECCHI,2,1,940.0,1200.0,1070.0,3.1,3.9,3.5,20252,True
111021,D639,SU,FLUMINIMAGGIORE,3,2,600.0,850.0,725.0,2.0,2.8,2.4,20252,True
065071,F479,SA,MONTECORICE,5,5,770.0,1050.0,915.0,2.2,3.3,2.75,20252,True
093042,I621,PN,SEQUALS,3,3,500.0,725.0,612.5,2.0,3.0,2.5,20252,True
004211,I210,CN,SANT'ALBANO STURA,2,2,670.0,980.0,825.0,2.5,3.6,3.05,20252,True
018033,B954,PV,CASEI GEROLA,2,1,840.0,910.0,875.0,2.6,3.1,2.85,20252,True
069041,E052,CH,GISSI,2,2,490.0,730.0,610.0,2.25,3.35,2.8,20252,True
001216,H338,TO,RIVARA,3,1,545.0,815.0,680.0,2.8,4.2,3.5,20252,True
039003,A551,RA,BAGNARA DI ROMAGNA,2,2,775.0,1075.0,925.0,3.15,4.45,3.8,20252,True
064100,I756,AV,SIRIGNANO,3,3,565.0,720.0,642.5,2.1,2.6,2.35,20252,True
016009,A259,BG,AMBIVERE,2,1,775.0,925.0,850.0,4.1,5.05,4.57,20252,True
086013,F900,EN,NISSORIA,4,3,350.0,497.5,423.75,1.2,1.75,1.48,20252,True
076068,H348,PZ,RIVELLO,5,4,465.0,570.0,517.5,1.5,1.95,1.73,20252,True
006167,I941,AL,STAZZANO,2,2,495.0,740.0,617.5,2.45,3.65,3.05,20252,True
067043,L295,TE,TORRICELLA SICURA,2,2,460.0,685.0,572.5,1.55,2.25,1.9,20252,True
001069,C369,TO,CAVAGNOLO,2,1,535.0,800.0,667.5,3.1,4.55,3.83,20252,True
065129,I307,SA,SANT'ARSENIO,3,3,510.0,650.0,580.0,2.0,2.6,2.3,20252,True
078037,C515,CS,CERISANO,2,2,485.0,640.0,562.5,2.25,2.9,2.58,20252,True
103054,G658,VB,PIEVE VERGONTE,3,3,600.0,900.0,750.0,2.4,3.6,3.0,20252,True
010036,F256,GE,MOCONESI,4,4,535.0,795.0,665.0,2.8,4.15,3.47,20252,True
033022,D958,PC,GAZZOLA,3,3,585.0,830.0,707.5,1.9,2.7,2.3,20252,True
095001,A007,OR,ABBASANTA,2,2,370.0,525.0,447.5,1.25,1.8,1.52,20252,True
060004,A244,FR,ALVITO,3,3,430.0,580.0,505.0,,,,20252,True
011003,A836,SP,BEVERINO,2,2,750.0,1100.0,925.0,3.5,4.75,4.12,20252,True
060036,D667,FR,FONTANA LIRI,4,4,285.0,390.0,337.5,,,,20252,True
065104,H198,SA,RAVELLO,4,4,2250.0,3250.0,2750.0,4.25,6.3,5.28,20252,True
024115,L723,VI,VELO D'ASTICO,3,1,660.0,770.0,715.0,,,,20252,True
076096,L859,PZ,VIETRI DI POTENZA,2,2,365.0,480.0,422.5,1.3,1.8,1.55,20252,True
012113,G906,VA,PORTO CERESIO,3,2,1125.0,1450.0,1287.5,3.75,5.5,4.62,20252,True
069056,F785,CH,MOZZAGROGNA,2,2,555.0,830.0,692.5,2.5,3.75,3.12,20252,True
005076,F527,AT,MONTEGROSSO D'ASTI,2,2,407.5,567.5,487.5,2.15,2.65,2.4,20252,True
090046,F977,SS,NULVI,2,1,460.0,665.0,562.5,1.95,2.75,2.35,20252,True
111107,M026,SU,VILLASPECIOSA,2,1,675.0,950.0,812.5,2.4,3.25,2.83,20252,True
091028,D947,NU,GAVOI,2,1,460.0,640.0,550.0,1.3,1.8,1.55,20252,True
060051,G592,FR,PICO,3,3,365.0,500.0,432.5,,,,20252,True
030104,I248,UD,SANTA MARIA LA LONGA,2,2,650.0,955.0,802.5,2.5,3.7,3.1,20252,True
013005,A164,CO,ALBIOLO,2,1,1100.0,1350.0,1225.0,3.5,4.8,4.15,20252,True
078011,A263,CS,AMENDOLARA,3,3,455.0,670.0,562.5,2.1,3.1,2.6,20252,True
029017,C987,RO,CORBOLA,2,2,640.0,850.0,745.0,2.0,2.6,2.3,20252,True
070002,A616,CB,BARANELLO,2,2,545.0,815.0,680.0,2.55,3.8,3.17,20252,True
085005,B537,CL,CAMPOFRANCO,3,3,270.0,400.0,335.0,1.0,1.5,1.25,20252,True
020044,G862,MN,PONTI SUL MINCIO,2,2,725.0,1100.0,937.5,3.5,5.5,4.5,20252,True
064074,G990,AV,PRATA DI PRINCIPATO ULTRA,4,4,470.0,580.0,525.0,1.95,2.2,2.08,20252,True
054049,I727,PG,SIGILLO,2,2,380.0,560.0,470.0,1.45,2.15,1.8,20252,True
098005,B017,LO,BORGO SAN GIOVANNI,2,2,940.0,1250.0,1095.0,4.6,6.2,5.4,20252,True
099008,F502,RN,MONTEFIORE CONCA,3,3,1000.0,1375.0,1187.5,3.75,4.95,4.35,20252,True
017011,A630,BS,BARBARIGA,4,3,770.0,990.0,880.0,2.2,3.4,2.8,20252,True
034002,A646,PR,BARDI,2,2,332.5,452.5,392.5,1.0,1.2,1.1,20252,True
054005,B504,PG,CAMPELLO SUL CLITUNNO,3,3,500.0,690.0,595.0,1.8,2.4,2.1,20252,True
098020,C917,LO,COMAZZO,3,3,1045.0,1300.0,1172.5,4.7,6.1,5.4,20252,True
004142,F669,CN,MONTICELLO D'ALBA,3,3,670.0,990.0,830.0,2.8,3.8,3.3,20252,True
111076,I624,SU,SERDIANA,3,1,775.0,1100.0,937.5,3.0,4.05,3.53,20252,True
078077,E915,CS,MARANO PRINCIPATO,3,3,570.0,720.0,645.0,2.15,2.8,2.48,20252,True
043022,E694,MC,LORO PICENO,3,3,650.0,950.0,800.0,2.0,3.0,2.5,20252,True
095050,I384,OR,SAN VERO MILIS,3,3,400.0,600.0,500.0,1.4,2.0,1.7,20252,True
034001,A138,PR,ALBARETO,2,2,250.0,330.0,290.0,1.0,1.3,1.15,20252,True
019015,B686,CR,CAPRALBA,2,2,550.0,750.0,650.0,3.0,4.0,3.5,20252,True
017013,A702,BS,BASSANO BRESCIANO,2,1,1050.0,1250.0,1150.0,3.7,3.8,3.75,20252,True
016250,F085,BG,MEDOLAGO,4,2,790.0,1045.0,917.5,4.5,6.25,5.38,20252,True
008045,G840,IM,PONTEDASSIO,4,4,900.0,1300.0,1100.0,4.1,6.0,5.05,20252,True
030103,I092,UD,SAN PIETRO AL NATISONE,2,2,520.0,780.0,650.0,1.6,2.4,2.0,20252,True
078056,D764,CS,FRANCAVILLA MARITTIMA,2,2,290.0,390.0,340.0,1.55,2.2,1.88,20252,True
076029,D010,PZ,CORLETO PERTICARA,3,3,335.0,420.0,377.5,1.15,1.6,1.38,20252,True
075096,M261,LE,CASTRO,4,4,810.0,1015.0,905.0,3.15,3.95,3.52,20252,True
010062,L298,GE,TORRIGLIA,3,3,550.0,810.0,680.0,3.1,4.5,3.8,20252,True
097075,I759,LC,SIRONE,2,1,975.0,1175.0,1075.0,3.45,4.6,4.03,20252,True
004099,E118,CN,GOVONE,2,2,730.0,1050.0,890.0,2.5,3.6,3.05,20252,True
033033,G557,PC,PIANELLO VAL TIDONE,2,2,500.0,710.0,605.0,1.6,2.3,1.95,20252,True
017004,A188,BS,ALFIANELLO,2,1,740.0,980.0,860.0,2.2,3.5,2.85,20252,True
004046,C046,CN,CASTAGNITO,2,2,800.0,1200.0,1000.0,2.7,3.6,3.15,20252,True
030028,C885,UD,COLLOREDO DI MONTE ALBANO,2,2,650.0,900.0,775.0,2.4,3.6,3.0,20252,True
030133,L909,UD,VILLA SANTINA,2,2,600.0,900.0,750.0,2.2,3.3,2.75,20252,True
076011,A666,PZ,BARILE,3,3,322.5,397.5,360.0,1.25,1.7,1.45,20252,True
045006,D590,MS,FILATTIERA,3,3,600.0,900.0,750.0,3.0,4.5,3.75,20252,True
069074,H439,CH,ROCCA SAN GIOVANNI,3,3,600.0,895.0,747.5,2.55,3.8,3.17,20252,True
097003,A301,LC,ANNONE DI BRIANZA,2,1,890.0,1140.0,1015.0,3.35,4.55,3.95,20252,True
019085,H372,CR,ROBECCO D'OGLIO,2,2,400.0,600.0,500.0,2.0,3.0,2.5,20252,True
002116,H365,VC,ROASIO,4,3,510.0,770.0,640.0,2.15,3.3,2.73,20252,True
036025,F503,MO,MONTEFIORINO,2,2,545.0,800.0,672.5,2.2,3.2,2.7,20252,True
033044,L772,PC,VERNASCA,2,2,465.0,690.0,577.5,1.55,2.3,1.93,20252,True
030001,A103,UD,AIELLO DEL FRIULI,2,2,635.0,935.0,785.0,2.5,3.7,3.1,20252,True
056054,L612,VT,VALLERANO,3,2,575.0,875.0,725.0,2.9,4.2,3.55,20252,True
057009,B627,RI,CANTALICE,3,2,650.0,890.0,782.5,3.1,3.95,3.52,20252,True
021058,F949,BZ,NOVA LEVANTE .WELSCHNOFEN.,5,4,2000.0,2500.0,2250.0,5.3,6.85,6.17,20252,True
068005,B294,PE,BUSSI SUL TIRINO,2,2,390.0,580.0,485.0,1.75,2.45,2.1,20252,True
027040,L085,VE,TEGLIO VENETO,3,2,750.0,1050.0,900.0,,,,20252,True
052007,C313,SI,CASTIGLIONE D'ORCIA,6,6,660.0,970.0,810.0,2.1,3.0,2.5,20252,True
049010,E930,LI,MARCIANA,6,5,2750.0,3700.0,3225.0,11.1,15.5,13.3,20252,True
071040,G761,FG,POGGIO IMPERIALE,5,3,300.0,450.0,375.0,1.4,2.0,1.7,20252,True
064114,L589,AV,VALLATA,3,3,380.0,475.0,427.5,1.6,2.0,1.8,20252,True
012016,A918,VA,BODIO LOMNAGO,4,2,1100.0,1325.0,1212.5,3.75,5.45,4.6,20252,True
062012,B444,BN,CALVI,2,2,500.0,700.0,600.0,2.85,4.2,3.52,20252,True
077015,F201,MT,MIGLIONICO,4,4,410.0,585.0,492.5,1.15,1.65,1.4,20252,True
020037,B012,MN,MOTTEGGIANA,3,3,375.0,575.0,475.0,2.4,3.75,3.08,20252,True
013232,L640,CO,VALMOREA,1,1,1025.0,1375.0,1200.0,3.4,5.0,4.2,20252,True
067005,A692,TE,BASCIANO,3,3,420.0,625.0,522.5,1.45,2.1,1.77,20252,True
098026,D660,LO,FOMBIO,2,2,685.0,935.0,810.0,4.35,5.5,4.93,20252,True
090059,G962,SS,POZZOMAGGIORE,2,1,450.0,665.0,557.5,1.9,2.75,2.33,20252,True
016215,L257,BG,TORRE DE' BUSI,2,2,800.0,1075.0,937.5,3.0,4.1,3.55,20252,True
094028,F429,IS,MONTAQUILA,3,3,380.0,570.0,475.0,,,,20252,True
087043,I035,CT,SAN MICHELE DI GANZARIA,3,3,270.0,405.0,337.5,1.0,1.5,1.25,20252,True
057003,A315,RI,ANTRODOCO,2,1,450.0,690.0,570.0,2.4,3.5,2.95,20252,True
002015,B009,VC,BORGO D'ALE,2,1,502.5,735.0,618.75,2.15,3.2,2.67,20252,True
082019,B556,PA,CAMPOREALE,3,3,395.0,520.0,462.5,1.5,1.9,1.7,20252,True
024077,G560,VI,PIANEZZE,3,1,770.0,870.0,820.0,,,,20252,True
090041,F667,SS,MONTI,2,1,600.0,825.0,712.5,2.5,3.4,2.95,20252,True
021085,I173,BZ,SANTA CRISTINA VALGARDENA .ST CHRISTINA IN G.,4,4,3200.0,5200.0,4200.0,9.35,17.35,13.35,20252,True
058012,A749,RM,BELLEGRA,2,1,650.0,950.0,800.0,2.4,3.4,2.9,20252,True
008026,D296,IM,DIANO CASTELLO,6,6,1800.0,2700.0,2250.0,8.4,11.2,9.8,20252,True
080040,E212,RC,GROTTERIA,5,5,405.0,580.0,492.5,1.3,1.8,1.55,20252,True
103033,E003,VB,GHIFFA,3,3,1200.0,1700.0,1450.0,4.4,6.2,5.4,20252,True
007044,F726,AO,MORGEX,3,3,1650.0,2350.0,2000.0,4.2,5.5,4.85,20252,True
031017,H665,GO,SAGRADO,4,4,630.0,760.0,702.5,2.7,3.55,3.12,20252,True
044013,C331,AP,CASTORANO,4,4,595.0,840.0,717.5,2.35,3.35,2.85,20252,True
013153,F372,CO,MONGUZZO,2,1,825.0,1200.0,1012.5,3.0,4.0,3.5,20252,True
098040,F423,LO,MONTANASO LOMBARDO,2,2,1100.0,1600.0,1350.0,4.6,6.5,5.55,20252,True
021094,I771,BZ,SLUDERNO .SCHLUDERNS.,3,2,2000.0,2400.0,2200.0,5.0,6.6,5.8,20252,True
003109,G020,NO,OLEGGIO CASTELLO,4,2,910.0,1325.0,1117.5,2.85,4.05,3.45,20252,True
004073,D062,CN,CORTEMILIA,3,3,720.0,1050.0,885.0,2.7,3.7,3.2,20252,True
078074,E878,CS,MANDATORICCIO,3,3,495.0,650.0,572.5,1.65,2.4,2.02,20252,True
046025,G648,LU,PIEVE FOSCIANA,3,3,570.0,850.0,710.0,1.7,2.5,2.1,20252,True
021066,G936,BZ,POSTAL .BURGSTALL.,3,2,2100.0,2550.0,2325.0,6.15,8.5,7.32,20252,True
030124,L335,UD,TRASAGHIS,2,2,440.0,650.0,545.0,1.7,2.5,2.1,20252,True
009013,B005,SV,BORGIO VEREZZI,6,5,3000.0,4500.0,3750.0,10.0,11.0,10.5,20252,True
068042,L186,PE,TOCCO DA CASAURIA,2,2,380.0,565.0,472.5,1.75,2.6,2.17,20252,True
109038,C070,FM,SERVIGLIANO,2,2,510.0,740.0,625.0,2.05,3.15,2.6,20252,True
004072,D022,CN,CORNELIANO D'ALBA,2,2,755.0,1100.0,927.5,2.8,3.8,3.3,20252,True
083080,I084,ME,SAN PIER NICETO,3,2,565.0,840.0,702.5,2.0,3.0,2.5,20252,True
023085,L136,VR,TERRAZZO,2,2,590.0,840.0,715.0,,,,20252,True
012060,D204,VA,CUNARDO,3,2,1125.0,1375.0,1250.0,3.75,5.45,4.6,20252,True
029038,G836,RO,PONTECCHIO POLESINE,2,2,800.0,1150.0,975.0,2.6,3.5,3.05,20252,True
095069,L496,OR,URAS,2,2,305.0,455.0,380.0,1.2,1.75,1.48,20252,True
070083,L505,CB,URURI,2,1,320.0,480.0,400.0,1.55,2.3,1.93,20252,True
019029,C634,CR,CHIEVE,2,2,550.0,800.0,675.0,3.0,4.0,3.5,20252,True
004232,L427,CN,TRINITA',2,2,695.0,1025.0,860.0,2.5,3.6,3.05,20252,True
084005,B275,AG,BURGIO,3,2,260.0,390.0,325.0,0.8,1.2,1.0,20252,True
004190,H407,CN,ROCCAFORTE MONDOVI',4,4,710.0,1050.0,880.0,2.65,3.75,3.2,20252,True
042049,I932,AN,STAFFOLO,2,2,470.0,700.0,585.0,1.7,2.5,2.1,20252,True
036031,G649,MO,PIEVEPELAGO,4,4,650.0,920.0,785.0,2.6,3.65,3.12,20252,True
090037,E752,SS,LURAS,2,1,465.0,695.0,580.0,1.95,2.9,2.42,20252,True
083030,D861,ME,GALATI MAMERTINO,3,3,415.0,610.0,512.5,1.35,1.9,1.62,20252,True
084025,F655,AG,MONTEVAGO,2,2,200.0,290.0,245.0,0.8,1.2,1.0,20252,True
017035,B664,BS,CAPO DI PONTE,2,1,830.0,990.0,910.0,2.2,3.4,2.8,20252,True
065133,I410,SA,SANZA,2,2,470.0,580.0,525.0,1.45,1.95,1.7,20252,True
020068,M044,MN,VILLIMPENTA,2,2,425.0,600.0,512.5,2.5,3.9,3.2,20252,True
056018,C315,VT,CASTIGLIONE IN TEVERINA,3,3,600.0,900.0,750.0,2.6,3.6,3.1,20252,True
044027,E868,AP,MALTIGNANO,3,3,600.0,850.0,725.0,2.4,3.6,3.0,20252,True
028021,B589,PD,CANDIANA,3,2,780.0,1000.0,890.0,3.1,3.5,3.3,20252,True
087020,E578,CT,LICODIA EUBEA,3,3,230.0,340.0,285.0,0.85,1.25,1.05,20252,True
034039,L183,PR,TIZZANO VAL PARMA,3,3,420.0,510.0,465.0,1.05,1.35,1.2,20252,True
055033,M258,TR,AVIGLIANO UMBRO,3,3,600.0,900.0,750.0,2.8,4.5,3.6,20252,True
013169,G056,CO,OLTRONA DI SAN MAMETTE,2,1,1100.0,1350.0,1225.0,4.1,4.8,4.45,20252,True
004065,C550,CN,CERVERE,2,2,870.0,1300.0,1085.0,3.1,4.1,3.6,20252,True
004225,L048,CN,TARANTASCA,3,3,750.0,1100.0,925.0,2.8,3.95,3.4,20252,True
050020,F640,PI,MONTESCUDAIO,3,2,1200.0,1800.0,1500.0,4.3,6.3,5.3,20252,True
017132,G248,BS,PAITONE,2,1,1000.0,1200.0,1100.0,3.6,4.3,3.95,20252,True
097069,H028,LC,PREMANA,2,2,850.0,1125.0,987.5,3.5,4.5,4.0,20252,True
080086,I600,RC,SEMINARA,4,4,465.0,690.0,577.5,1.55,2.05,1.8,20252,True
013029,B144,CO,BRENNA,2,1,1100.0,1600.0,1350.0,3.2,4.6,3.9,20252,True
075056,G136,LE,ORTELLE,3,3,325.0,465.0,395.0,1.2,1.6,1.4,20252,True
004217,I512,CN,SCARNAFIGI,3,3,690.0,1000.0,845.0,2.7,3.6,3.15,20252,True
001106,D646,TO,FOGLIZZO,2,1,560.0,825.0,692.5,3.05,4.5,3.78,20252,True
082029,C654,PA,CHIUSA SCLAFANI,3,3,320.0,435.0,377.5,1.15,1.5,1.32,20252,True
003084,E544,NO,LESA,5,4,1050.0,1500.0,1275.0,3.5,4.6,4.0,20252,True
003006,A414,NO,ARMENO,3,2,755.0,1110.0,932.5,2.55,3.6,3.08,20252,True
006021,B071,AL,BOSCO MARENGO,2,1,500.0,750.0,625.0,2.2,3.3,2.75,20252,True
108014,B501,MB,CAMPARADA,3,1,1175.0,1425.0,1300.0,4.1,5.2,4.65,20252,True
010016,C673,GE,CICAGNA,3,3,515.0,765.0,640.0,2.5,3.65,3.08,20252,True
007040,E458,AO,LA SALLE,5,5,1775.0,2650.0,2212.5,4.6,6.9,5.75,20252,True
098018,C555,LO,CERVIGNANO D'ADDA,2,2,920.0,1300.0,1110.0,4.6,5.6,5.1,20252,True
036029,G250,MO,PALAGANO,2,2,510.0,730.0,620.0,2.1,3.05,2.58,20252,True
029027,E008,RO,GIACCIANO CON BARUCHELLA,2,2,675.0,900.0,787.5,2.0,2.6,2.3,20252,True
109023,F626,FM,MONTE SAN PIETRANGELI,2,2,475.0,690.0,582.5,1.9,2.7,2.3,20252,True
067015,C449,TE,CELLINO ATTANASIO,2,2,405.0,605.0,505.0,1.4,2.0,1.7,20252,True
097043,E581,LC,LIERNA,2,2,1075.0,1550.0,1312.5,4.1,6.0,5.02,20252,True
109031,G516,FM,PETRITOLI,3,3,575.0,825.0,700.0,2.35,3.35,2.85,20252,True
016001,A057,BG,ADRARA SAN MARTINO,3,3,730.0,875.0,795.0,3.8,4.4,4.1,20252,True
051011,C318,AR,CASTIGLION FIBOCCHI,2,2,825.0,1225.0,1025.0,2.9,4.15,3.52,20252,True
055030,I381,TR,SAN VENANZO,2,2,575.0,875.0,725.0,3.0,4.85,3.92,20252,True
034008,B408,PR,CALESTANO,3,3,550.0,660.0,610.0,1.5,2.05,1.77,20252,True
102034,H941,VV,SAN GREGORIO D'IPPONA,2,2,290.0,395.0,342.5,1.25,1.65,1.45,20252,True
091010,A948,NU,BOLOTANA,2,1,310.0,410.0,360.0,1.0,1.5,1.25,20252,True
034004,A788,PR,BERCETO,2,2,362.5,497.5,430.0,1.2,1.8,1.5,20252,True
002017,B046,VC,BORGO VERCELLI,2,1,645.0,930.0,787.5,2.4,3.7,3.05,20252,True
066056,F595,AQ,MONTEREALE,3,3,400.0,600.0,500.0,1.45,1.95,1.7,20252,True
071001,A015,FG,ACCADIA,2,1,400.0,550.0,475.0,1.4,2.0,1.7,20252,True
062004,A330,BN,APOLLOSA,4,4,550.0,700.0,625.0,2.6,3.7,3.12,20252,True
030122,L246,UD,TORREANO,2,2,510.0,765.0,637.5,2.4,3.5,2.95,20252,True
019012,B650,CR,CAPERGNANICA,2,2,550.0,800.0,675.0,3.5,5.0,4.25,20252,True
097070,H063,LC,PRIMALUNA,3,3,825.0,1075.0,950.0,3.05,4.0,3.52,20252,True
023067,H608,VR,ROVERE' VERONESE,3,3,570.0,820.0,695.0,,,,20252,True
016199,I629,BG,SERINA,2,1,795.0,990.0,892.5,2.8,4.05,3.42,20252,True
018043,C484,PV,CERANOVA,2,1,790.0,930.0,860.0,,,,20252,True
078034,C430,CS,CELICO,2,2,430.0,620.0,525.0,1.7,2.5,2.1,20252,True
004113,E809,CN,MAGLIANO ALFIERI,3,3,770.0,1150.0,960.0,2.9,3.85,3.38,20252,True
004185,H377,CN,ROBILANTE,3,3,665.0,960.0,812.5,2.4,3.4,2.9,20252,True
069085,I335,CH,SANT'EUSANIO DEL SANGRO,2,2,490.0,730.0,610.0,2.25,3.35,2.8,20252,True
058067,F730,RM,MORICONE,3,2,650.0,950.0,800.0,3.0,4.5,3.75,20252,True
080008,A780,RC,BENESTARE,3,3,385.0,560.0,472.5,1.3,1.7,1.5,20252,True
067020,C972,TE,CONTROGUERRA,3,3,435.0,650.0,542.5,1.5,2.2,1.85,20252,True
043002,A329,MC,APIRO,2,2,562.5,810.0,686.25,2.0,2.95,2.48,20252,True
064026,C576,AV,CESINALI,4,4,532.5,670.0,601.25,2.25,2.75,2.5,20252,True
079096,D546,CZ,PIANOPOLI,3,3,415.0,510.0,462.5,1.35,1.7,1.52,20252,True
003114,G349,NO,PARUZZARO,4,2,945.0,1375.0,1160.0,2.85,4.05,3.45,20252,True
062053,G827,BN,PONTE,2,2,575.0,800.0,675.0,2.7,4.05,3.38,20252,True
079143,I937,CZ,STALETTI',3,3,730.0,1030.0,880.0,3.7,4.7,4.2,20252,True
030131,L743,UD,VENZONE,4,3,575.0,860.0,717.5,2.0,3.0,2.5,20252,True
030031,D085,UD,COSEANO,2,2,620.0,890.0,755.0,2.35,3.5,2.92,20252,True
022095,E178,TN,GRIGNO,4,2,1000.0,1150.0,1075.0,2.5,3.0,2.75,20252,True
001032,B024,TO,BORGONE SUSA,2,1,495.0,740.0,617.5,3.9,5.8,4.85,20252,True
056017,C269,VT,CASTEL SANT'ELIA,3,2,625.0,950.0,787.5,3.2,4.3,3.75,20252,True
071039,G604,FG,PIETRAMONTECORVINO,3,2,325.0,450.0,387.5,1.55,2.25,1.9,20252,True
025051,I392,BL,SAN VITO DI CADORE,2,2,2875.0,3850.0,3362.5,7.2,9.2,8.2,20252,True
097090,L866,LC,VIGANO',2,1,775.0,1050.0,912.5,2.6,3.7,3.15,20252,True
070008,B528,CB,CAMPODIPIETRA,2,2,450.0,675.0,562.5,2.2,3.3,2.75,20252,True
012080,E104,VA,GORNATE-OLONA,3,2,900.0,1150.0,1025.0,3.2,4.75,3.98,20252,True
075013,B690,LE,CAPRARICA DI LECCE,4,4,440.0,590.0,532.5,1.8,2.4,2.15,20252,True
041027,F310,PU,MOMBAROCCIO,4,3,635.0,855.0,745.0,2.2,2.9,2.55,20252,True
021092,I687,BZ,SESTO .SEXTEN.,3,3,2600.0,4400.0,3500.0,7.6,14.6,11.1,20252,True
007008,A108,AO,AYMAVILLES,3,3,1150.0,1550.0,1350.0,3.1,4.3,3.67,20252,True
001065,C048,TO,CASTAGNOLE PIEMONTE,2,1,670.0,1000.0,835.0,3.45,5.15,4.3,20252,True
103044,F146,VB,MERGOZZO,4,4,800.0,1150.0,975.0,2.9,4.2,3.55,20252,True
076010,A615,PZ,BARAGIANO,3,3,362.5,432.5,395.0,1.25,1.7,1.48,20252,True
111097,L966,SU,VILLAMAR,2,1,500.0,650.0,575.0,1.85,2.4,2.12,20252,True
101024,I494,KR,SCANDALE,2,1,500.0,580.0,540.0,1.4,1.7,1.55,20252,True
010040,F858,GE,NE,2,2,710.0,1050.0,880.0,3.8,5.6,4.7,20252,True
077023,H591,MT,ROTONDELLA,5,5,400.0,600.0,500.0,1.2,1.7,1.45,20252,True
004114,E808,CN,MAGLIANO ALPI,2,2,715.0,1040.0,877.5,2.7,3.6,3.15,20252,True
083054,F359,ME,MONFORTE SAN GIORGIO,3,2,640.0,950.0,795.0,1.9,2.75,2.33,20252,True
012114,G907,VA,PORTO VALTRAVAGLIA,3,2,1200.0,1450.0,1325.0,4.0,5.8,4.9,20252,True
090080,L088,SS,TELTI,2,1,550.0,810.0,680.0,2.3,3.35,2.83,20252,True
060018,B919,FR,CASALVIERI,2,2,430.0,600.0,515.0,,,,20252,True
097068,G485,LC,PESCATE,2,2,940.0,1200.0,1070.0,3.5,4.7,4.1,20252,True
013068,C724,CO,CIRIMIDO,2,1,1150.0,1300.0,1225.0,3.6,4.7,4.15,20252,True
060082,L598,FR,VALLECORSA,3,3,365.0,500.0,432.5,,,,20252,True
028006,A438,PD,ARRE,3,1,810.0,930.0,870.0,2.9,3.3,3.1,20252,True
030071,G300,UD,PALUZZA,2,2,570.0,850.0,710.0,2.1,3.1,2.6,20252,True
024005,A236,VI,ALTISSIMO,3,2,820.0,920.0,870.0,,,,20252,True
017031,B365,BS,CAINO,2,1,980.0,1250.0,1115.0,3.7,4.7,4.2,20252,True
098025,D159,LO,CRESPIATICA,2,2,780.0,1040.0,910.0,3.9,4.6,4.25,20252,True
065010,A484,SA,ATENA LUCANA,3,3,500.0,640.0,570.0,1.9,2.6,2.25,20252,True
019107,L258,CR,TORRE DE' PICENARDI,3,3,425.0,575.0,500.0,2.5,3.5,3.0,20252,True
077024,H687,MT,SALANDRA,4,4,370.0,550.0,460.0,1.2,1.8,1.5,20252,True
060089,L905,FR,VILLA SANTA LUCIA,3,3,420.0,580.0,500.0,,,,20252,True
091002,A454,NU,ARZANA,2,1,460.0,670.0,565.0,1.3,2.0,1.65,20252,True
078030,C301,CS,CASTIGLIONE COSENTINO,4,4,520.0,760.0,640.0,2.0,2.8,2.4,20252,True
084013,C341,AG,CASTROFILIPPO,3,3,220.0,330.0,275.0,1.0,1.5,1.25,20252,True
019058,F434,CR,MONTE CREMASCO,2,2,650.0,850.0,750.0,3.0,4.0,3.5,20252,True
042033,G003,AN,OFFAGNA,2,2,730.0,1010.0,870.0,2.25,3.1,2.68,20252,True
032005,I715,TS,SGONICO,2,2,1200.0,1550.0,1375.0,4.3,5.9,5.1,20252,True
065040,C485,SA,CERASO,3,3,560.0,710.0,635.0,1.5,1.9,1.7,20252,True
022127,F920,TN,NOGAREDO,4,3,1700.0,1900.0,1800.0,,,,20252,True
037013,C075,BO,CASTEL D'AIANO,2,2,500.0,775.0,637.5,2.2,3.5,2.85,20252,True
055009,C117,TR,CASTEL GIORGIO,2,2,550.0,850.0,700.0,2.85,5.2,4.03,20252,True
014049,G576,SO,PIATEDA,4,4,775.0,1025.0,925.0,2.6,3.35,3.0,20252,True
003121,G809,NO,POMBIA,3,2,785.0,1175.0,980.0,2.55,3.8,3.17,20252,True
087036,H154,CT,RADDUSA,2,2,195.0,290.0,242.5,0.8,1.1,0.95,20252,True
022191,L097,TN,TENNO,5,4,1575.0,1775.0,1650.0,,,,20252,True
045013,G746,MS,PODENZANA,3,3,715.0,1025.0,870.0,3.5,5.25,4.38,20252,True
042005,A769,AN,BELVEDERE OSTRENSE,2,2,430.0,590.0,510.0,1.45,1.95,1.7,20252,True
006068,D528,AL,FELIZZANO,2,1,460.0,690.0,575.0,2.2,3.3,2.75,20252,True
004165,G561,CN,PIANFEI,2,2,670.0,950.0,810.0,2.5,3.5,3.0,20252,True
019088,H767,CR,SAN BASSANO,2,2,400.0,600.0,500.0,2.5,3.5,3.0,20252,True
042041,H979,AN,SAN MARCELLO,2,2,575.0,770.0,672.5,2.2,3.1,2.65,20252,True
108002,A096,MB,AICURZIO,2,1,1125.0,1375.0,1250.0,4.75,6.5,5.62,20252,True
030005,A447,UD,ARTA TERME,2,2,625.0,935.0,780.0,2.75,4.1,3.42,20252,True
020010,B901,MN,CASALMORO,2,2,400.0,525.0,462.5,2.65,3.5,3.08,20252,True
098017,C394,LO,CAVENAGO D'ADDA,2,2,825.0,1200.0,1012.5,4.15,5.2,4.67,20252,True
111052,G207,SU,PABILLONIS,2,1,475.0,650.0,562.5,1.75,2.4,2.08,20252,True
069068,G799,CH,POLLUTRI,2,2,490.0,730.0,610.0,2.25,3.35,2.8,20252,True
090072,L180,SS,TISSI,2,1,700.0,1000.0,850.0,2.9,4.15,3.52,20252,True
111047,F983,SU,NURAMINIS,2,1,575.0,775.0,675.0,2.25,2.85,2.55,20252,True
065121,H977,SA,SAN MANGO PIEMONTE,3,3,780.0,1050.0,920.0,2.2,3.3,2.75,20252,True
001027,A941,TO,BOLLENGO,2,1,385.0,575.0,480.0,2.95,4.4,3.67,20252,True
062019,C280,BN,CASTELVENERE,2,2,550.0,725.0,637.5,2.7,3.75,3.23,20252,True
016154,G233,BG,PAGAZZANO,3,1,690.0,830.0,760.0,3.6,4.45,4.03,20252,True
012117,H723,VA,SALTRIO,3,2,995.0,1275.0,1135.0,3.35,4.95,4.15,20252,True
009025,C729,SV,CISANO SUL NEVA,4,3,975.0,1450.0,1212.5,3.5,4.4,3.88,20252,True
006180,L887,AL,VIGNOLE BORBERA,2,2,430.0,640.0,535.0,2.35,3.5,2.92,20252,True
069101,L964,CH,VILLAMAGNA,3,3,455.0,675.0,565.0,2.0,3.0,2.5,20252,True
061097,L591,CE,VALLE DI MADDALONI,4,3,400.0,600.0,500.0,1.1,1.6,1.35,20252,True
078155,M202,CS,ZUMPANO,3,3,510.0,710.0,610.0,1.9,2.5,2.2,20252,True
041008,B636,PU,CANTIANO,4,4,550.0,790.0,670.0,2.4,2.8,2.6,20252,True
062025,C846,BN,COLLE SANNITA,2,2,500.0,750.0,625.0,2.4,3.6,3.0,20252,True
028102,L937,PD,VILLA ESTENSE,2,2,880.0,950.0,915.0,3.5,4.2,3.85,20252,True
046023,G582,LU,PIAZZA AL SERCHIO,2,2,560.0,840.0,700.0,1.65,2.35,2.0,20252,True
097074,I243,LC,SANTA MARIA HOE',2,2,875.0,1150.0,1012.5,3.05,4.25,3.65,20252,True
083003,A201,ME,ALI' TERME,2,2,930.0,1300.0,1115.0,3.7,5.0,4.35,20252,True
020025,D959,MN,GAZZUOLO,3,3,375.0,525.0,450.0,2.4,3.5,2.95,20252,True
033001,A067,PC,AGAZZANO,2,2,525.0,760.0,642.5,1.7,2.45,2.08,20252,True
062024,C719,BN,CIRCELLO,2,2,500.0,675.0,587.5,2.35,3.5,2.92,20252,True
080036,D975,RC,GERACE,3,3,442.5,630.0,536.25,1.65,2.4,2.02,20252,True
069055,F582,CH,MONTEODORISIO,2,2,490.0,730.0,610.0,2.25,3.35,2.8,20252,True
096050,G974,BI,PRAY,2,2,300.0,427.5,363.75,2.0,2.75,2.38,20252,True
065018,B266,SA,BUONABITACOLO,3,3,500.0,625.0,562.5,1.5,1.85,1.67,20252,True
004132,F358,CN,MONFORTE D'ALBA,2,2,800.0,1200.0,1000.0,2.8,3.8,3.3,20252,True
095046,A368,OR,SAN NICOLO' D'ARCIDANO,2,2,295.0,440.0,367.5,1.3,1.85,1.58,20252,True
021114,L971,BZ,VILLANDRO .VILLANDERS.,3,2,1700.0,2100.0,1900.0,4.35,5.7,5.03,20252,True
003023,B016,NO,BORGOLAVEZZARO,3,2,870.0,1250.0,1060.0,2.5,3.5,3.0,20252,True
070055,G910,CB,PORTOCANNONE,2,2,310.0,460.0,385.0,1.75,2.55,2.15,20252,True
094038,G954,IS,POZZILLI,3,3,380.0,565.0,472.5,,,,20252,True
065035,C262,SA,CASTEL SAN LORENZO,2,2,512.5,700.0,606.25,1.5,1.95,1.73,20252,True
056031,E330,VT,ISCHIA DI CASTRO,3,2,450.0,725.0,587.5,2.6,3.6,3.1,20252,True
010064,L507,GE,USCIO,2,2,750.0,1050.0,900.0,3.6,5.3,4.45,20252,True
023009,A964,VR,BONAVIGO,3,3,600.0,890.0,745.0,,,,20252,True
004176,H068,CN,PRIOCCA,2,2,670.0,990.0,830.0,2.8,3.8,3.3,20252,True
076083,G614,PZ,SATRIANO DI LUCANIA,3,3,317.5,405.0,361.25,1.05,1.5,1.27,20252,True
028095,L497,PD,URBANA,3,1,880.0,950.0,915.0,3.7,4.5,4.1,20252,True
096087,M414,BI,QUAREGNA CERRETO,3,2,320.0,435.0,377.5,2.1,2.7,2.4,20252,True
111007,B274,SU,BURCEI,2,1,475.0,650.0,562.5,1.6,2.1,1.85,20252,True
060054,G662,FR,PIGNATARO INTERAMNA,3,3,390.0,540.0,465.0,,,,20252,True
060070,I408,FR,SAN VITTORE DEL LAZIO,3,3,450.0,610.0,530.0,,,,20252,True
082047,F184,PA,MEZZOJUSO,2,2,315.0,470.0,392.5,1.2,1.4,1.3,20252,True
065081,G011,SA,OGLIASTRO CILENTO,2,2,750.0,1050.0,900.0,1.85,2.7,2.28,20252,True
049011,E931,LI,MARCIANA MARINA,3,3,2650.0,3900.0,3275.0,9.9,14.7,12.3,20252,True
078153,L747,CS,VERBICARO,2,2,380.0,470.0,425.0,1.6,2.1,1.85,20252,True
062054,G848,BN,PONTELANDOLFO,2,2,525.0,725.0,625.0,2.6,3.9,3.25,20252,True
021035,D923,BZ,GARGAZZONE .GARGAZON.,3,3,1900.0,2400.0,2150.0,5.5,8.0,6.75,20252,True
060041,E057,FR,GIULIANO DI ROMA,3,3,365.0,500.0,432.5,,,,20252,True
005066,F316,AT,MOMBERCELLI,2,2,435.0,650.0,542.5,2.2,3.1,2.65,20252,True
022188,L089,TN,TELVE,2,1,1200.0,1400.0,1300.0,3.5,4.0,3.75,20252,True
037010,B572,BO,CAMUGNANO,2,2,715.0,1090.0,902.5,3.0,4.25,3.62,20252,True
080092,I956,RC,STILO,4,4,370.0,530.0,450.0,1.2,1.8,1.5,20252,True
047023,M376,PT,ABETONE CUTIGLIANO,4,4,900.0,1300.0,1100.0,4.0,5.5,4.75,20252,True
004062,C504,CN,CERESOLE ALBA,2,2,695.0,1020.0,857.5,2.8,3.8,3.3,20252,True
021054,F766,BZ,MOSO IN PASSIRIA .MOOS IN PASSEIER.,2,2,1700.0,2100.0,1900.0,4.65,5.7,5.17,20252,True
056043,G571,VT,PIANSANO,2,1,450.0,700.0,575.0,2.6,3.6,3.1,20252,True
096046,G798,BI,POLLONE,2,2,372.5,550.0,461.25,2.45,3.4,2.92,20252,True
008029,D318,IM,DOLCEACQUA,5,5,900.0,1250.0,1075.0,4.2,5.7,4.95,20252,True
080051,F301,RC,MOLOCHIO,4,4,310.0,450.0,380.0,1.25,1.6,1.43,20252,True
066068,G484,AQ,PESCASSEROLI,2,2,990.0,1450.0,1220.0,2.55,3.8,3.17,20252,True
060073,I716,FR,SGURGOLA,4,4,312.5,440.0,376.25,,,,20252,True
060012,A502,FR,AUSONIA,3,3,295.0,410.0,352.5,,,,20252,True
022136,G419,TN,PEIO,5,4,1400.0,1500.0,1450.0,4.7,6.3,5.5,20252,True
089008,D540,SR,FERLA,2,2,350.0,510.0,430.0,1.3,1.9,1.6,20252,True
052021,G602,SI,PIENZA,4,4,1100.0,1500.0,1300.0,3.3,4.8,4.05,20252,True
099026,I201,RN,SANT'AGATA FELTRIA,4,3,745.0,1015.0,880.0,2.7,3.7,3.2,20252,True
064116,L739,AV,VENTICANO,4,4,445.0,520.0,482.5,1.8,2.2,2.0,20252,True
046006,B557,LU,CAMPORGIANO,2,2,525.0,785.0,655.0,1.85,2.75,2.3,20252,True
078062,E407,CS,LAGO,2,2,345.0,465.0,405.0,1.55,2.15,1.85,20252,True
022238,M352,TN,BORGO CHIESE,6,3,1200.0,1400.0,1300.0,2.8,3.3,3.05,20252,True
090056,G450,SS,PERFUGAS,2,1,465.0,665.0,565.0,1.95,2.75,2.35,20252,True
076092,L357,PZ,TRECCHINA,3,3,320.0,415.0,365.0,1.1,1.6,1.35,20252,True
010039,F682,GE,MONTOGGIO,3,3,437.5,650.0,543.75,2.65,3.9,3.27,20252,True
008056,I365,IM,SANTO STEFANO AL MARE,3,2,2025.0,2950.0,2487.5,9.4,13.95,11.68,20252,True
003158,L808,NO,VESPOLATE,2,1,690.0,1010.0,850.0,2.1,2.95,2.52,20252,True
029050,L985,RO,VILLANOVA DEL GHEBBO,2,2,675.0,925.0,800.0,2.0,2.8,2.4,20252,True
030097,H533,UD,RONCHIS,2,2,590.0,855.0,722.5,2.3,3.45,2.88,20252,True
075080,I950,LE,STERNATIA,2,2,415.0,610.0,512.5,1.8,2.2,2.0,20252,True
017079,E010,BS,GIANICO,3,2,725.0,960.0,842.5,2.15,3.35,2.75,20252,True
016211,L073,BG,TAVERNOLA BERGAMASCA,3,2,890.0,1100.0,995.0,4.3,5.9,5.1,20252,True
014070,L392,SO,TRESIVIO,4,4,775.0,1000.0,875.0,2.7,3.5,3.05,20252,True
025063,L590,BL,VALLE DI CADORE,3,3,1025.0,1325.0,1175.0,3.2,4.0,3.6,20252,True
083016,C347,ME,CASTROREALE,3,3,397.5,580.0,488.75,1.35,1.95,1.65,20252,True
064084,I034,AV,SAN MICHELE DI SERINO,3,3,475.0,595.0,535.0,2.0,2.45,2.23,20252,True
111033,E252,SU,GUASILA,2,1,500.0,625.0,562.5,1.65,2.25,1.95,20252,True
078019,A973,CS,BONIFATI,3,3,560.0,810.0,685.0,2.5,3.5,3.0,20252,True
003065,D492,NO,FARA NOVARESE,3,2,860.0,1250.0,1055.0,2.5,3.5,3.0,20252,True
057033,E535,RI,LEONESSA,4,2,600.0,900.0,750.0,,,,20252,True
096032,F042,BI,MASSERANO,2,2,302.5,420.0,361.25,2.0,2.7,2.35,20252,True
094030,F601,IS,MONTERODUNI,3,2,340.0,510.0,425.0,,,,20252,True
016197,I597,BG,SELVINO,2,1,975.0,1150.0,1062.5,3.3,4.25,3.78,20252,True
004085,D412,CN,ENVIE,2,2,670.0,965.0,817.5,2.8,3.8,3.3,20252,True
091033,E323,NU,IRGOLI,2,1,520.0,670.0,595.0,0.8,1.2,1.0,20252,True
075054,F916,LE,NOCIGLIA,2,2,440.0,495.0,467.5,1.4,1.6,1.5,20252,True
012142,M339,VA,MACCAGNO CON PINO E VEDDASCA,5,4,950.0,1400.0,1175.0,3.65,5.35,4.5,20252,True
063015,B740,NA,CARBONARA DI NOLA,2,2,650.0,1000.0,825.0,2.2,3.3,2.75,20252,True
065047,C984,SA,CORBARA,2,2,620.0,865.0,742.5,1.35,1.95,1.65,20252,True
079146,L070,CZ,TAVERNA,4,4,570.0,720.0,645.0,2.1,2.85,2.48,20252,True
083063,G036,ME,OLIVERI,2,2,850.0,1250.0,1050.0,2.4,3.5,2.95,20252,True
006012,A689,AL,BASALUZZO,2,2,560.0,840.0,700.0,2.7,4.0,3.35,20252,True
101007,C725,KR,CIRO',2,1,435.0,550.0,492.5,1.2,1.5,1.35,20252,True
075045,F117,LE,MELPIGNANO,2,2,360.0,465.0,412.5,1.3,1.5,1.4,20252,True
094050,I682,IS,SESTO CAMPANO,2,2,320.0,480.0,400.0,,,,20252,True
087040,H805,CT,SAN CONO,3,3,245.0,360.0,302.5,0.9,1.25,1.08,20252,True
014010,B255,SO,BUGLIO IN MONTE,5,4,750.0,950.0,850.0,2.4,3.1,2.7,20252,True
025008,B375,BL,CALALZO DI CADORE,2,2,1050.0,1250.0,1150.0,3.0,4.0,3.5,20252,True
056056,L713,VT,VEJANO,2,1,600.0,850.0,725.0,2.6,3.6,3.1,20252,True
020064,L015,MN,SUSTINENTE,2,2,375.0,500.0,437.5,2.4,3.25,2.83,20252,True
024002,A154,VI,ALBETTONE,3,3,700.0,850.0,775.0,,,,20252,True
012011,A819,VA,BESANO,3,2,1100.0,1375.0,1237.5,3.75,5.5,4.62,20252,True
018083,E662,PV,LOMELLO,2,1,880.0,1100.0,990.0,2.0,2.5,2.25,20252,True
079095,G518,CZ,PETRONA',3,3,470.0,570.0,520.0,1.5,1.9,1.7,20252,True
064041,E397,AV,LACEDONIA,3,3,355.0,440.0,397.5,1.55,2.0,1.77,20252,True
001055,B705,TO,CAPRIE,2,1,755.0,1130.0,942.5,3.55,5.3,4.42,20252,True
041047,G551,PU,PIANDIMELETO,2,2,630.0,810.0,720.0,2.4,3.1,2.75,20252,True
054041,G618,PG,PIETRALUNGA,2,2,420.0,580.0,500.0,1.45,2.05,1.75,20252,True
012059,D199,VA,CUGLIATE-FABIASCO,3,2,1075.0,1325.0,1200.0,3.5,5.15,4.32,20252,True
097040,E305,LC,INTROBIO,2,1,1025.0,1275.0,1150.0,3.9,5.0,4.45,20252,True
062046,G243,BN,PAGO VEIANO,2,2,450.0,625.0,537.5,2.25,3.25,2.75,20252,True
017024,B100,BS,BOVEGNO,3,2,740.0,910.0,825.0,2.6,3.3,2.95,20252,True
017063,D064,BS,CORTENO GOLGI,4,2,805.0,1065.0,935.0,2.55,3.55,3.05,20252,True
004144,F743,CN,MOROZZO,2,2,690.0,1000.0,845.0,2.5,3.5,3.0,20252,True
109004,B534,FM,CAMPOFILONE,4,4,785.0,1100.0,942.5,3.15,4.7,3.93,20252,True
096007,B229,BI,BRUSNENGO,2,1,385.0,552.5,468.75,2.45,3.3,2.88,20252,True
025019,D470,BL,FALCADE,3,3,1400.0,1750.0,1575.0,4.7,7.1,5.9,20252,True
095049,I374,OR,SANTU LUSSURGIU,2,2,340.0,500.0,420.0,1.2,1.7,1.45,20252,True
076002,A020,PZ,ACERENZA,3,3,320.0,392.5,356.25,1.05,1.45,1.25,20252,True
022035,B419,TN,CALLIANO,4,1,1800.0,2200.0,2000.0,,,,20252,True
015022,A820,MI,BESATE,2,1,850.0,1150.0,1000.0,3.6,5.1,4.35,20252,True
001102,D524,TO,FELETTO,2,1,485.0,730.0,607.5,2.9,4.35,3.62,20252,True
109022,F614,FM,MONTERUBBIANO,3,3,575.0,810.0,692.5,2.35,3.25,2.8,20252,True
019054,E380,CR,IZANO,2,2,450.0,700.0,575.0,3.0,4.0,3.5,20252,True
065098,G796,SA,POLLICA,7,7,870.0,1150.0,1010.0,2.9,4.2,3.55,20252,True
078116,H841,CS,SAN FILI,3,3,570.0,700.0,635.0,2.0,2.7,2.35,20252,True
090078,L989,SS,VILLANOVA MONTELEONE,2,1,500.0,700.0,600.0,2.1,2.9,2.5,20252,True
067018,C311,TE,COLLEDARA,2,2,430.0,645.0,537.5,1.45,2.15,1.8,20252,True
018168,L593,PV,VALLE LOMELLINA,2,1,780.0,920.0,850.0,,,,20252,True
037026,D668,BO,FONTANELICE,2,2,650.0,900.0,775.0,4.0,6.0,5.0,20252,True
091042,E700,NU,LOTZORAI,3,1,670.0,820.0,745.0,1.6,2.2,1.9,20252,True
060009,A421,FR,ARNARA,3,3,365.0,500.0,432.5,,,,20252,True
056047,H969,VT,SAN LORENZO NUOVO,2,1,750.0,1100.0,925.0,3.0,4.3,3.65,20252,True
084037,I185,AG,SANTA ELISABETTA,3,3,220.0,330.0,275.0,1.0,1.5,1.25,20252,True
044036,F501,AP,MONTEFIORE DELL'ASO,2,2,575.0,825.0,700.0,2.35,3.35,2.85,20252,True
060075,I973,FR,STRANGOLAGALLI,3,3,400.0,570.0,485.0,,,,20252,True
022213,L769,TN,VERMIGLIO,3,2,1500.0,1700.0,1600.0,4.1,5.1,4.6,20252,True
084002,A181,AG,ALESSANDRIA DELLA ROCCA,3,2,270.0,405.0,337.5,1.1,1.65,1.38,20252,True
084024,F414,AG,MONTALLEGRO,3,2,240.0,360.0,300.0,1.0,1.5,1.25,20252,True
080023,B766,RC,CARERI,4,4,385.0,540.0,462.5,1.4,2.0,1.7,20252,True
015082,C908,MI,COLTURANO,3,2,1125.0,1450.0,1287.5,3.7,5.1,4.4,20252,True
095062,I791,OR,SOLARUSSA,2,2,375.0,560.0,467.5,1.7,2.5,2.1,20252,True
001077,C624,TO,CHIAVERANO,3,2,340.0,500.0,420.0,2.3,3.4,2.85,20252,True
004100,E182,CN,GRINZANE CAVOUR,2,2,780.0,1150.0,965.0,2.5,3.6,3.05,20252,True
064070,G370,AV,PATERNOPOLI,3,3,380.0,497.5,438.75,1.75,2.15,1.95,20252,True
083017,C568,ME,CESARO',2,2,397.5,580.0,488.75,1.35,1.95,1.65,20252,True
017058,C883,BS,COLLIO,2,1,780.0,1100.0,940.0,2.9,3.8,3.35,20252,True
102043,I945,VV,STEFANACONI,2,2,290.0,370.0,330.0,1.2,1.55,1.38,20252,True
102009,D364,VV,DRAPIA,4,4,412.5,542.5,477.5,1.55,2.05,1.8,20252,True
009005,A226,SV,ALTARE,3,1,380.0,570.0,475.0,1.5,2.0,1.75,20252,True
078067,E677,CS,LONGOBARDI,3,3,450.0,630.0,540.0,1.75,2.4,2.08,20252,True
013126,E569,CO,LEZZENO,2,2,1025.0,1425.0,1225.0,3.5,5.05,4.28,20252,True
001222,H498,TO,ROLETTO,5,2,650.0,980.0,815.0,3.5,5.2,4.35,20252,True
095059,I743,OR,SIMAXIS,2,2,340.0,500.0,420.0,1.2,1.7,1.45,20252,True
091103,M285,NU,CARDEDU,3,3,570.0,840.0,705.0,2.0,2.9,2.45,20252,True
056029,E128,VT,GRAFFIGNANO,3,3,550.0,850.0,700.0,2.4,3.4,2.9,20252,True
006095,F281,AL,MOLARE,2,2,470.0,705.0,587.5,2.25,3.35,2.8,20252,True
067013,C316,TE,CASTIGLIONE MESSER RAIMONDO,3,3,435.0,640.0,537.5,1.4,2.05,1.73,20252,True
023032,D419,VR,ERBE',2,1,600.0,890.0,745.0,,,,20252,True
016174,H020,BG,PREDORE,2,2,990.0,1200.0,1095.0,5.6,6.9,6.25,20252,True
031021,I082,GO,SAN PIER D'ISONZO,3,3,580.0,695.0,637.5,2.5,3.4,3.0,20252,True
091016,D287,NU,DESULO,2,1,410.0,610.0,510.0,1.3,2.0,1.65,20252,True
065080,F967,SA,NOVI VELIA,2,2,525.0,635.0,580.0,1.4,1.75,1.57,20252,True
040036,H437,FC,ROCCA SAN CASCIANO,2,2,810.0,1100.0,955.0,2.7,3.5,3.1,20252,True
021082,H988,BZ,SAN MARTINO IN BADIA .ST MARTIN IN THURN.,5,4,1750.0,2600.0,2175.0,4.35,7.55,5.95,20252,True
091070,G191,NU,OTTANA,3,1,540.0,690.0,615.0,1.4,2.2,1.8,20252,True
016021,A684,BG,BARZANA,2,1,770.0,900.0,835.0,4.1,5.05,4.57,20252,True
001178,G303,TO,PANCALIERI,2,1,600.0,900.0,750.0,2.7,4.05,3.38,20252,True
028084,I375,PD,SANT'URBANO,3,2,860.0,950.0,905.0,3.2,3.6,3.4,20252,True
001305,M007,TO,VILLAR FOCCHIARDO,2,1,540.0,810.0,675.0,2.8,4.2,3.5,20252,True
019003,A299,CR,ANNICCO,2,2,375.0,575.0,475.0,2.5,3.5,3.0,20252,True
078012,A340,CS,APRIGLIANO,2,2,405.0,540.0,472.5,1.8,2.4,2.1,20252,True
043016,D429,MC,ESANATOGLIA,2,2,562.5,835.0,698.75,2.0,2.95,2.48,20252,True
078133,I309,CS,SANTA SOFIA D'EPIRO,2,2,370.0,465.0,417.5,1.45,2.05,1.75,20252,True
098052,I561,LO,SECUGNAGO,2,2,765.0,1025.0,895.0,3.6,4.55,4.08,20252,True
083047,F147,ME,MERI',2,1,545.0,790.0,667.5,1.9,2.65,2.28,20252,True
065012,A495,SA,AULETTA,2,2,505.0,640.0,572.5,1.45,1.85,1.65,20252,True
013040,B513,CO,CAMPIONE D'ITALIA,3,2,2600.0,3500.0,3050.0,9.75,14.0,11.88,20252,True
004079,D271,CN,DEMONTE,4,4,615.0,890.0,752.5,2.5,3.6,3.05,20252,True
002152,L566,VC,VALDUGGIA,2,1,577.5,870.0,723.75,2.4,3.6,3.0,20252,True
017071,D576,BS,FIESSE,2,1,760.0,1000.0,880.0,2.3,3.6,2.95,20252,True
044032,F415,AP,MONTALTO DELLE MARCHE,3,3,425.0,620.0,522.5,1.7,2.55,2.12,20252,True
062007,A696,BN,BASELICE,2,2,375.0,550.0,462.5,1.7,2.55,2.12,20252,True
017082,E280,BS,IDRO,2,1,930.0,1150.0,1040.0,3.5,4.3,3.9,20252,True
097065,G368,LC,PASTURO,2,2,875.0,1175.0,1025.0,3.1,4.4,3.75,20252,True
080073,H959,RC,SAN LORENZO,3,3,455.0,660.0,557.5,1.7,2.4,2.05,20252,True
003122,H001,NO,PRATO SESIA,4,2,870.0,1300.0,1085.0,2.8,4.2,3.5,20252,True
013134,E679,CO,LONGONE AL SEGRINO,2,1,900.0,1350.0,1125.0,3.25,4.5,3.88,20252,True
073018,F587,TA,MONTEPARANO,3,2,430.0,600.0,515.0,1.9,2.6,2.25,20252,True
102020,E836,VV,MAIERATO,2,2,307.5,437.5,372.5,1.4,1.95,1.68,20252,True
098042,G107,LO,ORIO LITTA,2,2,715.0,990.0,852.5,3.95,5.05,4.5,20252,True
064014,B374,AV,CALABRITTO,4,4,380.0,475.0,427.5,1.5,1.9,1.7,20252,True
028031,C713,PD,CINTO EUGANEO,3,3,900.0,1100.0,985.0,3.2,3.8,3.5,20252,True
042026,F453,AN,MONTECAROTTO,2,2,437.5,615.0,526.25,1.55,2.15,1.85,20252,True
003135,I116,NO,SAN PIETRO MOSEZZO,5,4,725.0,1070.0,897.5,2.3,3.4,2.85,20252,True
083057,F400,ME,MONTALBANO ELICONA,2,2,440.0,655.0,547.5,1.45,1.95,1.7,20252,True
064018,B706,AV,CAPRIGLIA IRPINA,3,3,550.0,685.0,617.5,2.1,2.55,2.33,20252,True
005058,E295,AT,INCISA SCAPACCINO,2,2,482.5,690.0,586.25,2.2,3.1,2.65,20252,True
066092,I389,AQ,SAN VINCENZO VALLE ROVETO,2,2,380.0,565.0,472.5,1.0,1.45,1.23,20252,True
001009,A275,TO,ANDEZENO,2,1,770.0,1150.0,960.0,3.6,5.4,4.5,20252,True
034012,D026,PR,CORNIGLIO,4,4,347.5,480.0,413.75,1.1,1.6,1.35,20252,True
069002,A367,CH,ARCHI,3,3,535.0,800.0,667.5,2.45,3.65,3.05,20252,True
064078,H382,AV,ROCCABASCERANA,4,4,415.0,535.0,475.0,1.9,2.35,2.12,20252,True
057066,I959,RI,STIMIGLIANO,3,2,600.0,900.0,750.0,3.0,4.15,3.58,20252,True
075095,M264,LE,SAN CASSIANO,3,2,355.0,465.0,410.0,1.2,1.5,1.35,20252,True
006018,A998,AL,BORGHETTO DI BORBERA,2,2,485.0,725.0,605.0,2.1,3.15,2.62,20252,True
017180,I782,BS,SOIANO DEL LAGO,3,3,1450.0,2050.0,1750.0,4.9,6.9,5.9,20252,True
003103,F859,NO,NEBBIUNO,4,3,745.0,1095.0,920.0,2.65,3.8,3.23,20252,True
091067,G147,NU,ORUNE,2,1,460.0,670.0,565.0,1.2,1.8,1.5,20252,True
103057,H037,VB,PREMOSELLO-CHIOVENDA,4,4,625.0,900.0,762.5,2.6,3.6,3.1,20252,True
024117,L952,VI,VILLAGA,3,2,705.0,835.0,770.0,,,,20252,True
044073,L728,AP,VENAROTTA,2,2,540.0,775.0,657.5,2.15,3.2,2.67,20252,True
016094,D411,BG,ENTRATICO,2,1,850.0,1000.0,925.0,4.2,5.2,4.7,20252,True
019057,E983,CR,MARTIGNANA DI PO,3,3,400.0,550.0,475.0,2.5,3.5,3.0,20252,True
041023,E785,PU,MACERATA FELTRIA,4,4,630.0,840.0,735.0,2.25,3.05,2.65,20252,True
064107,L062,AV,TAURASI,3,3,407.5,507.5,457.5,1.7,2.1,1.9,20252,True
050010,C174,PI,CASTELLINA MARITTIMA,2,2,1100.0,1300.0,1200.0,3.8,5.4,4.6,20252,True
016251,I813,BG,SOLZA,3,1,790.0,995.0,892.5,4.25,5.5,4.88,20252,True
090090,M301,SS,PADRU,2,1,565.0,775.0,670.0,2.35,3.2,2.78,20252,True
017148,G844,BS,PONTE DI LEGNO,5,4,2250.0,3250.0,2850.0,8.2,10.55,9.38,20252,True
036016,D783,MO,FRASSINORO,3,3,540.0,785.0,662.5,2.25,3.15,2.7,20252,True
061084,I247,CE,SANTA MARIA LA FOSSA,2,1,425.0,625.0,525.0,1.2,1.8,1.5,20252,True
050011,C244,PI,CASTELNUOVO DI VAL DI CECINA,2,2,830.0,1100.0,965.0,2.8,3.7,3.25,20252,True
051015,C663,AR,CHIUSI DELLA VERNA,3,3,750.0,1050.0,900.0,2.6,3.7,3.15,20252,True
111018,D430,SU,ESCALAPLANO,2,1,455.0,650.0,552.5,1.15,1.75,1.45,20252,True
082078,L837,PA,VICARI,3,3,335.0,460.0,397.5,1.1,1.4,1.25,20252,True
066048,E307,AQ,INTRODACQUA,2,2,430.0,625.0,527.5,1.6,1.8,1.7,20252,True
005059,E338,AT,ISOLA D'ASTI,2,2,475.0,705.0,590.0,2.1,3.1,2.6,20252,True
062061,H955,BN,SAN LORENZELLO,2,2,575.0,825.0,700.0,2.9,4.3,3.6,20252,True
082068,I534,PA,SCIARA,3,3,285.0,395.0,340.0,0.9,1.3,1.1,20252,True
006075,D813,AL,FRUGAROLO,2,1,500.0,750.0,625.0,2.2,3.3,2.75,20252,True
015061,C033,MI,CASSINETTA DI LUGAGNANO,2,1,1100.0,1450.0,1275.0,4.3,5.6,4.95,20252,True
064012,A975,AV,BONITO,2,2,412.5,517.5,465.0,1.55,2.0,1.77,20252,True
069084,I244,CH,SANTA MARIA IMBARO,2,2,555.0,830.0,692.5,2.5,3.75,3.12,20252,True
020073,M406,MN,BORGOCARBONARA,3,3,300.0,425.0,362.5,1.75,2.4,2.08,20252,True
065102,G976,SA,PRAIANO,3,3,2275.0,3050.0,2662.5,4.35,5.65,5.0,20252,True
035042,L815,RE,VETTO,2,2,390.0,540.0,465.0,1.5,2.05,1.77,20252,True
022244,M358,TN,PORTE DI RENDENA,3,2,1600.0,1950.0,1775.0,5.9,6.5,6.2,20252,True
079072,E925,CZ,MARCELLINARA,3,3,600.0,860.0,730.0,2.1,2.9,2.5,20252,True
017182,L002,BS,SULZANO,3,2,1300.0,1725.0,1512.5,4.1,5.35,4.72,20252,True
016083,D066,BG,CORTENUOVA,2,2,640.0,780.0,705.0,3.2,4.4,3.8,20252,True
019046,D841,CR,GADESCO PIEVE DELMONA,2,2,450.0,600.0,525.0,2.5,3.75,3.12,20252,True
002011,A847,VC,BIANZE',2,1,502.5,735.0,618.75,2.15,3.2,2.67,20252,True
005087,G894,AT,PORTACOMARO,2,2,430.0,640.0,535.0,2.1,3.1,2.6,20252,True
058078,G784,RM,POLI,2,1,625.0,850.0,737.5,2.65,3.75,3.2,20252,True
021096,L106,BZ,TERENTO .TERENTEN.,3,2,1700.0,1950.0,1825.0,4.3,5.25,4.78,20252,True
067002,A270,TE,ANCARANO,3,3,450.0,670.0,560.0,1.5,2.25,1.88,20252,True
021020,A022,BZ,CERMES .TSCHERMS.,3,2,2275.0,2750.0,2512.5,5.9,7.8,6.85,20252,True
022242,M356,TN,CONTA',4,3,1200.0,1450.0,1325.0,3.0,4.1,3.55,20252,True
075033,E061,LE,GIURDIGNANO,2,2,390.0,495.0,442.5,1.6,2.1,1.85,20252,True
022226,M173,TN,ZIANO DI FIEMME,3,1,2200.0,2500.0,2350.0,,,,20252,True
070038,F233,CB,MIRABELLO SANNITICO,2,2,600.0,900.0,750.0,2.4,3.6,3.0,20252,True
040050,L764,FC,VERGHERETO,2,2,800.0,1100.0,950.0,2.7,3.7,3.2,20252,True
001060,B867,TO,CASALBORGONE,2,1,590.0,885.0,737.5,3.3,4.9,4.1,20252,True
018139,I175,PV,SANTA CRISTINA E BISSONE,2,1,840.0,890.0,865.0,,,,20252,True
014032,E090,SO,GORDONA,7,6,600.0,875.0,737.5,2.1,3.15,2.62,20252,True
030067,G198,UD,OVARO,2,2,570.0,850.0,710.0,2.1,3.1,2.6,20252,True
066087,H819,AQ,SAN DEMETRIO NE' VESTINI,2,2,530.0,780.0,655.0,1.6,2.4,2.0,20252,True
031022,I479,GO,SAVOGNA D'ISONZO,3,3,610.0,725.0,667.5,2.8,3.7,3.25,20252,True
098047,H844,LO,SAN FIORANO,2,2,810.0,1050.0,930.0,4.2,5.4,4.8,20252,True
098043,G166,LO,OSPEDALETTO LODIGIANO,2,2,810.0,1050.0,930.0,4.5,5.8,5.15,20252,True
006140,H021,AL,PREDOSA,2,2,510.0,765.0,637.5,2.2,3.3,2.75,20252,True
017203,M070,BS,VISANO,2,1,790.0,1000.0,895.0,2.8,3.6,3.2,20252,True
078036,C489,CS,CERCHIARA DI CALABRIA,3,3,375.0,455.0,415.0,1.5,1.75,1.62,20252,True
064055,F511,AV,MONTEFREDANE,4,4,475.0,580.0,527.5,2.0,2.45,2.23,20252,True
091032,E283,NU,ILBONO,3,2,570.0,745.0,657.5,1.6,2.35,1.98,20252,True
019090,H918,CR,SAN GIOVANNI IN CROCE,2,2,400.0,550.0,475.0,2.5,3.5,3.0,20252,True
017100,E851,BS,MALEGNO,2,1,710.0,970.0,840.0,2.2,3.4,2.8,20252,True
006162,I738,AL,SILVANO D'ORBA,2,2,445.0,665.0,555.0,2.25,3.35,2.8,20252,True
030011,A855,UD,BICINICCO,2,2,650.0,955.0,802.5,2.45,3.65,3.05,20252,True
095041,G384,OR,PAULILATINO,2,2,340.0,500.0,420.0,1.4,2.05,1.73,20252,True
078069,E745,CS,LUNGRO,2,2,325.0,405.0,365.0,1.35,1.75,1.55,20252,True
109035,H182,FM,RAPAGNANO,3,3,515.0,735.0,625.0,2.05,2.85,2.45,20252,True
103003,A409,VB,ARIZZANO,2,2,1125.0,1575.0,1350.0,4.0,5.7,4.85,20252,True
010005,B067,GE,BORZONASCA,2,2,610.0,910.0,760.0,2.95,4.35,3.65,20252,True
021026,D079,BZ,CORVARA IN BADIA .CORVARA.,4,3,3300.0,4400.0,3850.0,8.3,12.8,10.55,20252,True
007043,F367,AO,MONTJOVET,2,2,850.0,1250.0,1050.0,4.15,6.2,5.17,20252,True
017118,F884,BS,NIARDO,3,2,680.0,925.0,802.5,2.1,3.2,2.65,20252,True
083075,H479,ME,RODI' MILICI,2,2,530.0,750.0,640.0,1.4,1.9,1.65,20252,True
097024,C851,LC,COLLE BRIANZA,2,1,925.0,1125.0,1025.0,3.0,4.05,3.52,20252,True
111048,F986,SU,NURRI,3,1,390.0,570.0,480.0,1.3,1.6,1.45,20252,True
061068,H268,CE,RIARDO,2,1,525.0,725.0,625.0,1.85,2.55,2.2,20252,True
001253,I152,TO,SAN SEBASTIANO DA PO,2,1,600.0,885.0,742.5,3.4,5.1,4.25,20252,True
011029,L681,SP,VARESE LIGURE,3,3,725.0,1000.0,862.5,2.25,3.25,2.75,20252,True
014051,G431,SO,POGGIRIDENTI,4,4,850.0,1025.0,937.5,2.7,3.3,3.0,20252,True
001225,H547,TO,RONDISSONE,2,1,670.0,1005.0,837.5,3.5,5.25,4.38,20252,True
109040,L279,FM,TORRE SAN PATRIZIO,2,2,495.0,705.0,600.0,1.9,2.8,2.35,20252,True
078060,E185,CS,GRISOLIA,4,4,495.0,730.0,612.5,1.9,2.6,2.25,20252,True
009055,I453,SV,SASSELLO,7,6,475.0,690.0,582.5,1.95,2.5,2.2,20252,True
043036,G515,MC,PETRIOLO,3,3,670.0,1000.0,835.0,2.7,4.0,3.35,20252,True
024101,I783,VI,SOLAGNA,2,1,660.0,820.0,740.0,,,,20252,True
069030,D494,CH,FARA FILIORUM PETRI,2,2,490.0,730.0,610.0,2.25,3.35,2.8,20252,True
045015,L386,MS,TRESANA,2,2,570.0,850.0,710.0,,,,20252,True
083079,H982,ME,SAN MARCO D'ALUNZIO,2,2,397.5,580.0,488.75,1.8,2.65,2.22,20252,True
030126,L382,UD,TREPPO GRANDE,2,2,600.0,800.0,700.0,2.4,3.4,2.9,20252,True
101004,B857,KR,CASABONA,2,1,390.0,540.0,465.0,1.2,1.6,1.4,20252,True
098051,I362,LO,SANTO STEFANO LODIGIANO,2,2,720.0,1050.0,885.0,3.9,5.2,4.55,20252,True
070011,B858,CB,CASACALENDA,2,2,320.0,480.0,400.0,1.8,2.7,2.25,20252,True
019083,H341,CR,RIVAROLO DEL RE ED UNITI,2,2,400.0,550.0,475.0,2.5,3.5,3.0,20252,True
042031,F745,AN,MORRO D'ALBA,2,2,520.0,710.0,615.0,1.85,2.5,2.17,20252,True
016241,L938,BG,VILLA D'OGNA,2,2,750.0,900.0,825.0,2.75,4.3,3.53,20252,True
057051,G756,RI,POGGIO BUSTONE,2,1,525.0,750.0,637.5,2.65,3.5,3.08,20252,True
001231,H691,TO,SALASSA,3,1,610.0,910.0,760.0,3.1,4.6,3.85,20252,True
096058,H726,BI,SALUSSOLA,2,2,292.5,422.5,357.5,2.0,2.8,2.4,20252,True
041049,G682,PU,PIOBBICO,3,3,515.0,730.0,622.5,2.4,3.4,2.9,20252,True
030137,D700,UD,FORGARIA NEL FRIULI,2,2,440.0,650.0,545.0,1.7,2.5,2.1,20252,True
111050,G122,SU,ORROLI,2,1,410.0,580.0,495.0,1.3,1.8,1.55,20252,True
102040,I854,VV,SORIANO CALABRO,2,2,345.0,435.0,390.0,1.4,1.7,1.55,20252,True
097029,D145,LC,CREMENO,2,1,1050.0,1500.0,1275.0,4.3,5.8,5.05,20252,True
058071,F871,RM,NEROLA,2,1,750.0,1075.0,912.5,2.9,4.25,3.58,20252,True
071015,C198,FG,CASTELLUCCIO DEI SAURI,2,1,600.0,900.0,750.0,1.4,2.0,1.7,20252,True
064095,I357,AV,SANTO STEFANO DEL SOLE,3,3,460.0,590.0,525.0,1.95,2.25,2.1,20252,True
022037,B525,TN,CAMPODENNO,6,5,1200.0,1400.0,1300.0,2.7,3.8,3.25,20252,True
009027,D264,SV,DEGO,2,2,447.5,640.0,543.75,1.35,1.9,1.62,20252,True
007027,D537,AO,FENIS,2,2,820.0,1150.0,985.0,3.0,3.95,3.48,20252,True
051024,F594,AR,MONTERCHI,2,2,725.0,1075.0,900.0,2.65,3.9,3.28,20252,True
072008,A874,BA,BINETTO,4,2,600.0,850.0,725.0,2.0,3.0,2.5,20252,True
006049,C158,AL,CASTELLETTO D'ORBA,2,2,490.0,730.0,610.0,2.15,3.2,2.67,20252,True
064028,C659,AV,CHIUSANO DI SAN DOMENICO,3,3,445.0,535.0,490.0,1.8,2.25,2.02,20252,True
095043,H301,OR,RIOLA SARDO,2,2,390.0,560.0,475.0,1.4,2.05,1.73,20252,True
044064,H390,AP,ROCCAFLUVIONE,3,3,450.0,660.0,555.0,1.8,2.7,2.25,20252,True
025059,L030,BL,TAIBON AGORDINO,3,3,710.0,910.0,810.0,2.55,3.4,2.97,20252,True
093047,L347,PN,TRAVESIO,2,2,500.0,675.0,587.5,2.25,3.25,2.75,20252,True
080095,L673,RC,VARAPODIO,3,3,335.0,475.0,405.0,1.2,1.8,1.5,20252,True
092099,I118,CA,VILLA SAN PIETRO,2,1,1075.0,1475.0,1275.0,3.75,5.0,4.38,20252,True
090081,M214,SS,BADESI,3,2,1300.0,1800.0,1550.0,5.4,7.5,6.45,20252,True
077012,E213,MT,GROTTOLE,5,5,460.0,670.0,560.0,1.1,1.3,1.15,20252,True
006191,M388,AL,CASSANO SPINOLA,3,2,427.5,640.0,533.75,1.7,2.5,2.1,20252,True
058062,F534,RM,MONTELANICO,2,1,675.0,1000.0,837.5,2.8,4.05,3.42,20252,True
095052,I564,OR,SEDILO,2,2,335.0,490.0,412.5,1.2,1.7,1.45,20252,True
048025,E668,FI,LONDA,2,2,675.0,1000.0,837.5,2.45,3.65,3.05,20252,True
001132,E551,TO,LESSOLO,4,2,360.0,540.0,450.0,2.2,3.3,2.75,20252,True
043004,A739,MC,BELFORTE DEL CHIENTI,2,2,550.0,800.0,675.0,2.0,3.0,2.5,20252,True
016168,F941,BG,PONTE NOSSA,2,1,750.0,900.0,825.0,3.4,4.5,3.95,20252,True
028005,A434,PD,ARQUA' PETRARCA,2,1,1100.0,1500.0,1300.0,4.2,6.0,5.1,20252,True
056025,D475,VT,FALERIA,2,2,625.0,925.0,775.0,2.9,3.95,3.42,20252,True
001203,G979,TO,PRALORMO,2,1,630.0,945.0,787.5,3.35,5.05,4.2,20252,True
091083,I730,NU,SILANUS,2,1,490.0,650.0,570.0,1.3,1.9,1.6,20252,True
028052,F092,PD,MEGLIADINO SAN VITALE,3,1,910.0,1050.0,980.0,3.3,3.7,3.5,20252,True
014050,G718,SO,PIURO,5,5,675.0,950.0,812.5,2.25,3.2,2.73,20252,True
003070,D921,NO,GARGALLO,3,2,920.0,1350.0,1135.0,3.0,4.3,3.65,20252,True
061086,I273,CE,SANT'ANGELO D'ALIFE,2,1,450.0,650.0,550.0,1.2,1.8,1.5,20252,True
014046,F956,SO,NOVATE MEZZOLA,3,3,750.0,950.0,850.0,2.5,3.5,2.9,20252,True
061056,G541,CE,PIANA DI MONTE VERNA,3,2,525.0,775.0,650.0,1.55,2.3,1.93,20252,True
006168,I977,AL,STREVI,2,1,520.0,750.0,635.0,1.9,2.8,2.35,20252,True
064109,L214,AV,TORELLA DEI LOMBARDI,2,2,402.5,497.5,450.0,1.6,2.0,1.8,20252,True
021007,A635,BZ,BARBIANO .BARBIAN.,3,3,1900.0,2300.0,2100.0,5.4,7.3,6.3,20252,True
061039,D886,CE,GALLUCCIO,4,3,400.0,600.0,500.0,1.2,1.8,1.5,20252,True
028043,E146,PD,GRANZE,2,1,760.0,900.0,830.0,2.7,3.4,3.05,20252,True
030059,F266,UD,MOGGIO UDINESE,2,2,600.0,875.0,737.5,2.1,3.1,2.6,20252,True
005028,A300,AT,CASTELLO DI ANNONE,2,2,455.0,670.0,562.5,2.1,3.1,2.6,20252,True
054020,D787,PG,FRATTA TODINA,2,2,455.0,600.0,527.5,1.8,2.2,2.0,20252,True
040028,F668,FC,MONTIANO,2,2,1000.0,1300.0,1125.0,3.5,4.4,3.95,20252,True
078087,G110,CS,ORIOLO,2,2,430.0,570.0,500.0,1.85,2.45,2.15,20252,True
006029,B701,AL,CAPRIATA D'ORBA,2,2,540.0,810.0,675.0,2.45,3.65,3.05,20252,True
028049,F013,PD,MASI,2,1,710.0,840.0,775.0,2.7,3.3,3.0,20252,True
021063,G443,BZ,PERCA .PERCHA.,2,2,2200.0,2650.0,2425.0,6.1,8.0,7.05,20252,True
055028,G881,TR,PORANO,3,3,600.0,1000.0,800.0,3.0,5.4,4.2,20252,True
061006,A579,CE,BAIA E LATINA,3,2,425.0,575.0,500.0,1.1,1.65,1.38,20252,True
056016,B735,VT,CARBOGNANO,2,2,550.0,825.0,687.5,2.55,3.4,2.98,20252,True
111017,D344,SU,DONORI,2,1,575.0,775.0,675.0,2.25,2.9,2.58,20252,True
065101,G939,SA,POSTIGLIONE,2,2,545.0,735.0,640.0,1.6,2.1,1.85,20252,True
097052,F561,LC,MONTE MARENZO,3,3,875.0,1075.0,975.0,3.5,4.15,3.8,20252,True
012104,F703,VA,MONVALLE,3,2,975.0,1275.0,1125.0,3.35,4.8,4.08,20252,True
098053,I612,LO,SENNA LODIGIANA,3,3,700.0,975.0,837.5,3.6,4.85,4.22,20252,True
016200,I812,BG,SOLTO COLLINA,3,3,800.0,900.0,850.0,3.8,5.0,4.4,20252,True
042040,H575,AN,ROSORA,3,3,475.0,665.0,570.0,1.55,2.15,1.85,20252,True
010021,D255,GE,DAVAGNA,3,3,460.0,680.0,570.0,2.5,3.65,3.08,20252,True
018109,G342,PV,PARONA,2,1,780.0,920.0,850.0,3.3,3.7,3.5,20252,True
029019,D161,RO,CRESPINO,2,2,655.0,870.0,762.5,2.0,2.6,2.3,20252,True
079080,F432,CZ,MONTAURO,3,3,770.0,890.0,830.0,3.1,3.75,3.42,20252,True
068038,I376,PE,SAN VALENTINO IN ABRUZZO CITERIORE,2,2,410.0,610.0,510.0,1.9,2.85,2.38,20252,True
021113,L915,BZ,VILLABASSA .NIEDERDORF.,3,2,2150.0,2750.0,2450.0,5.4,7.6,6.5,20252,True
041002,A327,PU,APECCHIO,3,3,540.0,770.0,655.0,2.5,3.5,3.0,20252,True
019017,B881,CR,CASALE CREMASCO-VIDOLASCO,2,2,450.0,700.0,575.0,3.0,4.0,3.5,20252,True
001064,C045,TO,CASTAGNETO PO,2,1,635.0,945.0,790.0,3.4,5.05,4.22,20252,True
034035,I803,PR,SOLIGNANO,3,3,425.0,570.0,497.5,1.05,1.55,1.3,20252,True
012101,F134,VA,MERCALLO,3,2,1000.0,1250.0,1125.0,3.5,5.2,4.35,20252,True
056037,F603,VT,MONTE ROMANO,2,1,650.0,900.0,775.0,2.6,3.6,3.1,20252,True
091011,B056,NU,BORORE,2,1,390.0,570.0,480.0,1.2,1.9,1.55,20252,True
030056,E910,UD,MARANO LAGUNARE,4,4,725.0,1025.0,872.5,2.85,4.25,3.55,20252,True
103071,L691,VB,VARZO,3,3,800.0,1150.0,975.0,2.8,4.0,3.4,20252,True
018085,E804,PV,MAGHERNO,2,1,840.0,930.0,885.0,,,,20252,True
046019,F225,LU,MINUCCIANO,3,3,560.0,800.0,680.0,1.65,2.15,1.9,20252,True
022160,H607,TN,ROVERE' DELLA LUNA,3,1,1500.0,1800.0,1650.0,4.0,5.3,4.65,20252,True
060087,L843,FR,VICO NEL LAZIO,4,4,295.0,430.0,363.75,,,,20252,True
018053,C979,PV,COPIANO,2,1,840.0,930.0,885.0,1.3,1.5,1.4,20252,True
018113,G639,PV,PIEVE DEL CAIRO,2,1,780.0,880.0,830.0,2.3,2.7,2.5,20252,True
071052,I193,FG,SANT'AGATA DI PUGLIA,2,1,500.0,750.0,625.0,1.4,2.0,1.7,20252,True
024065,F515,VI,MONTEGALDELLA,2,1,770.0,920.0,845.0,,,,20252,True
001211,H207,TO,REANO,2,1,690.0,1030.0,860.0,3.15,4.7,3.92,20252,True
021050,F118,BZ,MELTINA .MOELTEN.,2,2,1975.0,2350.0,2162.5,5.4,7.4,6.4,20252,True
057049,G498,RI,PESCOROCCHIANO,2,1,375.0,575.0,475.0,2.15,2.9,2.52,20252,True
031005,D504,GO,FARRA D'ISONZO,2,2,610.0,725.0,667.5,2.8,3.7,3.25,20252,True
094021,D715,IS,FORNELLI,2,2,330.0,495.0,412.5,,,,20252,True
009033,E414,SV,LAIGUEGLIA,4,3,3025.0,4300.0,3662.5,9.45,10.8,10.12,20252,True
055006,A490,TR,ATTIGLIANO,2,2,625.0,950.0,787.5,2.9,5.4,4.15,20252,True
065041,C584,SA,CETARA,2,2,2025.0,3025.0,2525.0,4.95,7.15,6.05,20252,True
023008,A837,VR,BEVILACQUA,5,2,600.0,890.0,745.0,,,,20252,True
042020,D965,AN,GENGA,2,2,375.0,540.0,457.5,1.3,1.8,1.55,20252,True
071041,H287,FG,RIGNANO GARGANICO,2,1,400.0,600.0,500.0,1.6,2.4,2.0,20252,True
014034,E201,SO,GROSOTTO,4,4,750.0,950.0,850.0,2.3,2.95,2.62,20252,True
004210,I037,CN,SAN MICHELE MONDOVI',2,2,550.0,790.0,670.0,2.3,3.3,2.8,20252,True
093039,H999,PN,SAN MARTINO AL TAGLIAMENTO,2,2,500.0,700.0,600.0,2.0,3.0,2.5,20252,True
030007,A491,UD,ATTIMIS,2,2,580.0,810.0,695.0,2.2,3.3,2.75,20252,True
007030,E029,AO,GIGNOD,2,2,1100.0,1500.0,1300.0,2.55,3.2,2.88,20252,True
001071,C487,TO,CERCENASCO,2,1,555.0,830.0,692.5,3.2,4.75,3.97,20252,True
018107,G275,PV,PALESTRO,2,1,780.0,880.0,830.0,2.4,2.7,2.55,20252,True
102033,H807,VV,SAN COSTANTINO CALABRO,2,2,315.0,405.0,360.0,1.35,1.7,1.53,20252,True
066093,I501,AQ,SCANNO,2,2,735.0,975.0,855.0,2.35,3.4,2.88,20252,True
058033,C784,RM,CIVITELLA SAN PAOLO,2,1,725.0,1050.0,887.5,4.25,5.5,4.88,20252,True
028097,L805,PD,VESCOVANA,3,3,860.0,1000.0,930.0,3.6,4.3,3.9,20252,True
013009,A319,CO,ANZANO DEL PARCO,2,1,875.0,1250.0,1062.5,3.15,4.2,3.67,20252,True
067009,B640,TE,CANZANO,2,2,410.0,605.0,507.5,1.45,2.1,1.77,20252,True
009016,B409,SV,CALICE LIGURE,6,5,1400.0,2050.0,1725.0,3.5,4.2,3.85,20252,True
076022,C199,PZ,CASTELLUCCIO INFERIORE,3,3,375.0,485.0,430.0,1.25,1.75,1.5,20252,True
045002,A576,MS,BAGNONE,2,2,550.0,825.0,687.5,2.6,3.9,3.25,20252,True
017050,C585,BS,CETO,2,1,690.0,950.0,820.0,2.1,3.3,2.7,20252,True
082062,H428,PA,ROCCAPALUMBA,2,2,370.0,540.0,455.0,1.5,1.8,1.65,20252,True
031025,M043,GO,VILLESSE,2,2,700.0,860.0,777.5,3.15,4.05,3.6,20252,True
061050,E998,CE,MARZANO APPIO,4,3,375.0,550.0,462.5,1.1,1.65,1.38,20252,True
065029,B959,SA,CASELLE IN PITTARI,2,2,575.0,695.0,635.0,1.25,1.7,1.48,20252,True
079034,D049,CZ,CORTALE,2,2,455.0,550.0,502.5,1.65,1.95,1.8,20252,True
060062,H824,FR,SAN DONATO VAL DI COMINO,3,3,430.0,580.0,505.0,,,,20252,True
055014,E045,TR,GIOVE,2,2,600.0,1000.0,800.0,3.0,5.5,4.25,20252,True
021001,A179,BZ,ALDINO .ALDEIN.,3,2,1950.0,2350.0,2150.0,5.3,6.85,6.07,20252,True
004086,D499,CN,FARIGLIANO,2,2,720.0,1055.0,887.5,2.5,3.6,3.05,20252,True
006185,L972,AL,VILLANOVA MONFERRATO,2,2,455.0,675.0,565.0,1.85,2.75,2.3,20252,True
060039,D819,FR,FUMONE,3,3,275.0,410.0,342.5,,,,20252,True
022115,F176,TN,MEZZANO,3,1,1500.0,1700.0,1600.0,5.5,6.0,5.75,20252,True
056013,B663,VT,CAPODIMONTE,3,2,800.0,1200.0,1000.0,3.8,5.0,4.4,20252,True
080056,G277,RC,PALIZZI,5,5,370.0,475.0,422.5,1.2,1.5,1.35,20252,True
017121,G001,BS,ODOLO,3,2,720.0,980.0,850.0,2.2,3.5,2.85,20252,True
082037,D977,PA,GERACI SICULO,3,3,300.0,430.0,365.0,1.3,1.6,1.45,20252,True
001126,E394,TO,LA CASSA,4,3,730.0,1100.0,915.0,3.4,5.0,4.2,20252,True
029032,F095,RO,MELARA,2,2,675.0,925.0,800.0,2.0,2.8,2.4,20252,True
050019,F458,PI,MONTECATINI VAL DI CECINA,2,2,845.0,1150.0,997.5,3.05,4.0,3.52,20252,True
098060,L977,LO,VILLANOVA DEL SILLARO,3,3,930.0,1225.0,1077.5,4.15,5.2,4.67,20252,True
091093,L202,NU,TONARA,2,1,410.0,610.0,510.0,1.0,1.4,1.2,20252,True
020041,G717,MN,PIUBEGA,3,3,400.0,550.0,475.0,2.65,3.65,3.15,20252,True
022235,M349,TN,ALTAVALLE,5,4,1250.0,1450.0,1350.0,2.9,3.5,3.2,20252,True
062035,D784,BN,FRASSO TELESINO,2,2,500.0,650.0,575.0,2.3,3.1,2.7,20252,True
103077,M111,VB,VOGOGNA,4,4,625.0,900.0,762.5,2.6,3.6,3.1,20252,True
068007,B722,PE,CARAMANICO TERME,2,2,500.0,750.0,625.0,2.4,3.55,2.97,20252,True
041009,B816,PU,CARPEGNA,3,3,620.0,880.0,750.0,2.7,3.6,3.15,20252,True
090036,E747,SS,LUOGOSANTO,2,1,525.0,735.0,630.0,2.2,3.05,2.62,20252,True
016150,G108,BG,ORIO AL SERIO,2,2,1100.0,1200.0,1150.0,5.9,6.8,6.35,20252,True
079117,I170,CZ,SANTA CATERINA DELLO IONIO,3,3,550.0,650.0,600.0,2.45,2.85,2.65,20252,True
065149,L274,SA,TORRE ORSAIA,2,2,575.0,675.0,625.0,1.45,1.75,1.6,20252,True
058041,D945,RM,GAVIGNANO,3,2,700.0,1025.0,862.5,2.9,4.25,3.58,20252,True
097078,I996,LC,SUELLO,3,1,975.0,1200.0,1087.5,3.6,4.5,4.05,20252,True
033046,L980,PC,VILLANOVA SULL'ARDA,2,2,540.0,805.0,672.5,1.75,2.6,2.17,20252,True
111011,M288,SU,CASTIADAS,5,4,1100.0,1500.0,1300.0,3.8,5.0,4.4,20252,True
075094,M187,LE,ZOLLINO,2,2,455.0,590.0,522.5,2.0,2.5,2.25,20252,True
102016,D988,VV,GEROCARNE,2,2,317.5,417.5,367.5,1.45,1.75,1.6,20252,True
052010,C661,SI,CHIUSDINO,5,5,580.0,820.0,695.0,1.8,2.6,2.2,20252,True
055012,D538,TR,FERENTILLO,2,2,575.0,850.0,712.5,2.7,5.0,3.85,20252,True
001135,E660,TO,LOMBARDORE,2,1,635.0,955.0,795.0,3.2,4.8,4.0,20252,True
016067,C410,BG,CAZZANO SANT'ANDREA,3,1,750.0,900.0,825.0,3.1,4.45,3.78,20252,True
081023,M081,TP,VITA,2,1,325.0,450.0,387.5,1.2,1.55,1.38,20252,True
024022,B511,VI,CAMPIGLIA DEI BERICI,2,2,795.0,920.0,857.5,,,,20252,True
064072,G611,AV,PIETRADEFUSI,2,2,415.0,507.5,461.25,1.75,2.1,1.93,20252,True
019022,B900,CR,CASALMORANO,2,2,400.0,600.0,500.0,2.5,3.5,3.0,20252,True
062050,G494,BN,PESCO SANNITA,2,2,575.0,775.0,675.0,2.65,3.85,3.25,20252,True
018087,E999,PV,MARZANO,2,1,790.0,930.0,860.0,,,,20252,True
022155,H517,TN,ROMENO,4,3,1200.0,1300.0,1250.0,2.9,3.9,3.4,20252,True
080003,A303,RC,ANOIA,4,4,370.0,550.0,460.0,1.4,1.8,1.6,20252,True
055015,E241,TR,GUARDEA,2,2,600.0,1000.0,800.0,3.0,4.7,3.85,20252,True
030106,I405,UD,SAN VITO DI FAGAGNA,2,2,620.0,890.0,755.0,2.45,3.65,3.05,20252,True
070075,I618,CB,SEPINO,2,2,280.0,420.0,350.0,1.6,2.4,2.0,20252,True
017003,A082,BS,AGNOSINE,2,1,720.0,910.0,815.0,2.2,3.2,2.7,20252,True
062021,C359,BN,CAUTANO,2,2,575.0,800.0,687.5,2.65,3.9,3.27,20252,True
018009,A690,PV,BASCAPE',2,1,800.0,960.0,880.0,2.0,2.4,2.2,20252,True
018100,F701,PV,MONTU' BECCARIA,2,1,820.0,910.0,865.0,,,,20252,True
016161,G418,BG,PEIA,2,1,750.0,900.0,825.0,2.8,4.35,3.58,20252,True
076094,L532,PZ,VAGLIO BASILICATA,3,3,340.0,425.0,382.5,1.15,1.55,1.35,20252,True
013248,I162,CO,SAN SIRO,2,1,750.0,1050.0,900.0,2.35,3.35,2.85,20252,True
062062,H967,BN,SAN LORENZO MAGGIORE,2,2,500.0,675.0,587.5,2.3,3.4,2.85,20252,True
102001,A043,VV,ACQUARO,3,3,345.0,435.0,390.0,1.5,1.8,1.65,20252,True
076033,D696,PZ,FORENZA,2,2,335.0,387.5,361.25,1.2,1.45,1.32,20252,True
058066,F692,RM,MONTORIO ROMANO,2,1,650.0,950.0,800.0,3.15,4.65,3.9,20252,True
014043,F153,SO,MESE,3,3,800.0,1050.0,925.0,2.6,3.5,3.05,20252,True
091064,G120,NU,OROTELLI,2,1,570.0,670.0,620.0,1.3,1.8,1.55,20252,True
111028,E022,SU,GIBA,3,2,550.0,775.0,662.5,2.0,2.75,2.38,20252,True
001242,H862,TO,SAN GERMANO CHISONE,2,1,470.0,705.0,587.5,2.7,4.05,3.38,20252,True
044005,A335,AP,APPIGNANO DEL TRONTO,2,2,475.0,690.0,582.5,1.9,2.7,2.3,20252,True
096019,C819,BI,COGGIOLA,2,2,287.5,385.0,336.25,1.85,2.35,2.1,20252,True
021084,I065,BZ,SAN PANCRAZIO .ST PANKRAZ.,3,2,1550.0,2000.0,1775.0,4.9,5.45,5.18,20252,True
046010,C303,LU,CASTIGLIONE DI GARFAGNANA,3,3,550.0,815.0,682.5,1.7,2.5,2.1,20252,True
098036,E994,LO,MARUDO,2,2,1000.0,1250.0,1125.0,4.4,5.6,5.0,20252,True
082052,G263,PA,PALAZZO ADRIANO,2,2,380.0,560.0,470.0,1.3,1.7,1.5,20252,True
111039,E877,SU,MANDAS,2,1,450.0,625.0,537.5,1.65,2.25,1.95,20252,True
019110,L426,CR,TRIGOLO,2,2,400.0,600.0,500.0,2.5,3.5,3.0,20252,True
102010,D453,VV,FABRIZIA,2,2,315.0,390.0,352.5,1.3,1.6,1.45,20252,True
017111,F532,BS,MONTE ISOLA,3,2,1325.0,1725.0,1525.0,4.2,5.45,4.83,20252,True
036032,G789,MO,POLINAGO,2,2,465.0,690.0,577.5,1.95,2.8,2.38,20252,True
025045,H938,BL,SAN GREGORIO NELLE ALPI,3,3,685.0,810.0,747.5,2.1,3.0,2.5,20252,True
020059,I005,MN,SAN MARTINO DALL'ARGINE,2,2,375.0,525.0,450.0,2.4,3.5,2.95,20252,True
055002,A207,TR,ALLERONA,3,3,600.0,900.0,750.0,2.7,4.0,3.35,20252,True
031001,B712,GO,CAPRIVA DEL FRIULI,2,2,610.0,725.0,667.5,2.8,3.7,3.25,20252,True
040011,D357,FC,DOVADOLA,2,2,800.0,1100.0,950.0,2.7,3.7,3.2,20252,True
006017,A889,AL,BISTAGNO,2,2,520.0,780.0,650.0,2.7,4.0,3.35,20252,True
098045,G096,LO,PIEVE FISSIRAGA,3,3,930.0,1300.0,1115.0,4.15,5.5,4.83,20252,True
019051,E217,CR,GRUMELLO CREMONESE ED UNITI,2,2,450.0,600.0,525.0,2.5,3.75,3.12,20252,True
079099,G734,CZ,PLATANIA,3,3,390.0,515.0,451.25,1.5,1.8,1.65,20252,True
065147,L212,SA,TORCHIARA,2,2,525.0,635.0,580.0,1.35,1.75,1.55,20252,True
022231,M345,TN,SAN LORENZO DORSINO,4,3,1200.0,1300.0,1250.0,,,,20252,True
062028,D386,BN,DURAZZANO,3,3,600.0,900.0,750.0,3.0,4.5,3.75,20252,True
064067,G165,AV,OSPEDALETTO D'ALPINOLO,3,3,600.0,730.0,665.0,2.3,2.9,2.6,20252,True
076058,G496,PZ,PESCOPAGANO,2,2,322.5,377.5,350.0,1.0,1.3,1.15,20252,True
097028,D143,LC,CREMELLA,2,1,900.0,1150.0,1025.0,3.2,4.2,3.7,20252,True
078093,G331,CS,PARENTI,3,3,342.5,497.5,420.0,1.5,2.2,1.85,20252,True
005013,B376,AT,CALAMANDRANA,2,2,477.5,715.0,596.25,2.2,3.1,2.65,20252,True
078125,I060,CS,SAN NICOLA ARCELLA,2,2,780.0,1100.0,940.0,3.2,4.6,3.9,20252,True
089003,B237,SR,BUCCHERI,2,2,345.0,510.0,427.5,1.2,1.6,1.4,20252,True
019020,B891,CR,CASALETTO VAPRIO,2,2,500.0,700.0,600.0,3.0,4.0,3.5,20252,True
003088,E803,NO,MAGGIORA,2,2,520.0,770.0,645.0,1.8,2.6,2.2,20252,True
004194,H472,CN,RODDI,2,2,770.0,1150.0,960.0,2.5,3.5,3.0,20252,True
005108,L168,AT,TIGLIOLE,3,3,420.0,620.0,520.0,2.1,3.1,2.6,20252,True
004091,D752,CN,FRABOSA SOTTANA,4,4,445.0,660.0,552.5,2.1,3.15,2.62,20252,True
058070,F865,RM,NEMI,2,1,1100.0,1600.0,1350.0,4.4,6.4,5.4,20252,True
098003,A919,LO,BOFFALORA D'ADDA,2,2,1000.0,1400.0,1200.0,4.7,6.4,5.55,20252,True
021044,E764,BZ,LUSON .LUESEN.,3,2,1650.0,1900.0,1775.0,4.5,5.9,5.2,20252,True
086008,C480,EN,CERAMI,2,1,302.5,447.5,375.0,1.1,1.6,1.35,20252,True
102014,D762,VV,FRANCAVILLA ANGITOLA,2,2,287.5,385.0,336.25,1.35,1.75,1.55,20252,True
094026,E779,IS,MACCHIAGODENA,2,2,330.0,495.0,412.5,,,,20252,True
050030,H319,PI,RIPARBELLA,2,2,1100.0,1650.0,1375.0,4.0,5.3,4.65,20252,True
012008,A619,VA,BARASSO,4,2,1250.0,1650.0,1450.0,4.3,6.25,5.28,20252,True
018185,M152,PV,ZECCONE,2,1,1100.0,1300.0,1200.0,2.5,2.6,2.55,20252,True
061011,B477,CE,CAMIGLIANO,3,2,400.0,600.0,500.0,1.3,1.95,1.62,20252,True
082002,A202,PA,ALIMENA,3,3,325.0,450.0,387.5,1.1,1.4,1.25,20252,True
001221,H386,TO,ROCCA CANAVESE,2,1,495.0,750.0,622.5,3.05,4.6,3.83,20252,True
005001,A072,AT,AGLIANO TERME,2,2,407.5,565.0,486.25,2.15,2.65,2.4,20252,True
067007,A885,TE,BISENTI,2,2,375.0,530.0,452.5,1.25,1.75,1.5,20252,True
022017,A902,TN,BLEGGIO SUPERIORE,4,3,1300.0,1500.0,1400.0,,,,20252,True
020043,G816,MN,POMPONESCO,2,2,375.0,525.0,450.0,2.4,3.4,2.9,20252,True
018115,G671,PV,PINAROLO PO,2,1,750.0,870.0,810.0,,,,20252,True
019079,H276,CR,RICENGO,2,2,600.0,800.0,700.0,3.0,4.0,3.5,20252,True
055008,B446,TR,CALVI DELL'UMBRIA,2,2,600.0,1050.0,825.0,3.0,5.25,4.12,20252,True
012045,C181,VA,CASTELVECCANA,3,2,1200.0,1450.0,1325.0,4.0,5.8,4.9,20252,True
066064,G145,AQ,ORTUCCHIO,2,2,315.0,470.0,392.5,1.25,1.85,1.55,20252,True
016080,C910,BG,COLZATE,2,2,780.0,990.0,885.0,3.0,4.0,3.5,20252,True
078107,H572,CS,ROSETO CAPO SPULICO,3,3,520.0,720.0,620.0,1.8,2.6,2.2,20252,True
075074,I559,LE,SECLI',2,2,390.0,520.0,455.0,1.6,2.0,1.8,20252,True
025047,I088,BL,SAN PIETRO DI CADORE,3,3,915.0,1025.0,970.0,2.7,3.5,3.2,20252,True
061080,I130,CE,SAN POTITO SANNITICO,3,2,450.0,675.0,562.5,1.25,1.85,1.55,20252,True
019037,D151,CR,CREMOSANO,3,2,600.0,800.0,700.0,3.0,4.0,3.5,20252,True
066046,E040,AQ,GIOIA DEI MARSI,2,2,295.0,435.0,365.0,1.25,1.75,1.5,20252,True
019056,E843,CR,MALAGNINO,2,2,550.0,700.0,625.0,3.5,4.5,4.0,20252,True
044029,F044,AP,MASSIGNANO,4,4,760.0,1050.0,905.0,3.1,4.5,3.8,20252,True
001004,A157,TO,ALBIANO D'IVREA,2,1,475.0,705.0,590.0,2.35,3.5,2.92,20252,True
083001,A177,ME,ALCARA LI FUSI,2,2,310.0,460.0,385.0,1.45,2.05,1.75,20252,True
017108,F216,BS,MILZANO,2,1,750.0,980.0,865.0,2.2,3.5,2.85,20252,True
030060,F275,UD,MOIMACCO,2,2,590.0,880.0,735.0,2.2,3.3,2.75,20252,True
018155,L237,PV,TORRAZZA COSTE,2,1,770.0,910.0,840.0,,,,20252,True
078135,I388,CS,SAN VINCENZO LA COSTA,2,2,475.0,680.0,577.5,1.8,2.5,2.15,20252,True
069096,L363,CH,TREGLIO,2,2,555.0,830.0,692.5,2.5,3.75,3.12,20252,True
017026,B120,BS,BRANDICO,2,1,830.0,1200.0,1015.0,2.8,3.9,3.35,20252,True
013052,B974,CO,CASLINO D'ERBA,2,1,800.0,1100.0,950.0,2.5,3.5,3.0,20252,True
004140,F654,CN,MONTEU ROERO,2,2,630.0,900.0,765.0,2.8,3.9,3.35,20252,True
065115,H686,SA,SALENTO,3,3,560.0,710.0,635.0,1.6,1.9,1.75,20252,True
082038,E013,PA,GIARDINELLO,2,2,345.0,500.0,422.5,1.1,1.5,1.3,20252,True
064039,E214,AV,GROTTOLELLA,3,3,510.0,635.0,572.5,2.15,2.5,2.33,20252,True
055024,G189,TR,OTRICOLI,3,3,600.0,900.0,750.0,3.0,4.5,3.75,20252,True
064003,A284,AV,ANDRETTA,2,2,390.0,480.0,435.0,1.55,1.9,1.73,20252,True
004189,H395,CN,ROCCA DE' BALDI,3,3,670.0,980.0,825.0,2.5,3.6,3.05,20252,True
006163,I798,AL,SOLERO,2,1,480.0,720.0,600.0,2.1,3.1,2.6,20252,True
093026,F089,PN,MEDUNO,2,2,500.0,675.0,587.5,2.0,3.0,2.5,20252,True
016071,C506,BG,CERETE,2,2,700.0,830.0,750.0,2.8,4.0,3.4,20252,True
079048,D544,CZ,FEROLETO ANTICO,9,9,427.5,525.0,476.25,1.5,1.9,1.7,20252,True
003091,E907,NO,MARANO TICINO,3,1,700.0,1035.0,867.5,2.3,3.3,2.8,20252,True
068018,D394,PE,ELICE,2,2,395.0,590.0,492.5,1.75,2.6,2.17,20252,True
076015,B440,PZ,CALVELLO,3,3,335.0,425.0,380.0,1.1,1.55,1.33,20252,True
069037,D803,CH,FRISA,3,3,455.0,675.0,565.0,2.05,3.0,2.52,20252,True
078063,E417,CS,LAINO BORGO,2,2,275.0,380.0,327.5,1.15,1.65,1.4,20252,True
103068,L450,VB,TRONTANO,2,2,650.0,950.0,800.0,2.8,3.8,3.3,20252,True
066009,A667,AQ,BARISCIANO,3,3,355.0,530.0,442.5,1.2,1.8,1.5,20252,True
061008,B361,CE,CAIANELLO,2,2,525.0,760.0,642.5,1.55,2.3,1.93,20252,True
042011,C152,AN,CASTELLEONE DI SUASA,2,2,477.5,680.0,578.75,1.6,2.05,1.85,20252,True
017044,C330,BS,CASTO,2,1,720.0,980.0,850.0,2.2,3.6,2.9,20252,True
078020,B270,CS,BUONVICINO,2,2,370.0,495.0,432.5,1.55,2.25,1.9,20252,True
098039,F149,LO,MERLINO,2,2,920.0,1225.0,1072.5,4.15,5.2,4.67,20252,True
091072,G445,NU,PERDASDEFOGU,2,1,450.0,620.0,535.0,1.1,1.6,1.35,20252,True
022234,M365,TN,PIEVE DI BONO-PREZZO,5,4,1200.0,1400.0,1300.0,2.8,3.0,2.9,20252,True
050034,I217,PI,SANTA LUCE,2,2,990.0,1150.0,1070.0,3.4,4.4,3.9,20252,True
031010,E952,GO,MARIANO DEL FRIULI,3,3,580.0,695.0,637.5,2.5,3.4,3.0,20252,True
020056,H870,MN,SAN GIACOMO DELLE SEGNATE,2,2,325.0,450.0,387.5,2.0,2.95,2.47,20252,True
078054,D614,CS,FIRMO,2,2,325.0,405.0,365.0,1.5,1.95,1.73,20252,True
062048,G318,BN,PAOLISI,2,2,475.0,650.0,562.5,2.2,3.25,2.73,20252,True
111087,I797,SU,SOLEMINIS,2,1,675.0,900.0,787.5,2.5,3.3,2.9,20252,True
022011,A730,TN,BEDOLLO,5,5,1250.0,1400.0,1325.0,3.2,4.0,3.6,20252,True
030015,B483,UD,CAMINO AL TAGLIAMENTO,2,2,640.0,940.0,790.0,2.35,3.5,2.92,20252,True
022038,B577,TN,CANAL SAN BOVO,5,3,1300.0,1500.0,1400.0,4.0,5.0,4.5,20252,True
078057,D774,CS,FRASCINETO,2,2,325.0,455.0,390.0,1.65,2.3,1.98,20252,True
090089,M290,SS,STINTINO,5,5,1375.0,1900.0,1637.5,5.7,7.9,6.8,20252,True
111015,D333,SU,DOMUS DE MARIA,4,1,1050.0,1450.0,1250.0,4.0,5.15,4.58,20252,True
083094,I492,ME,SCALETTA ZANCLEA,2,1,705.0,1050.0,877.5,2.55,3.7,3.12,20252,True
006192,M397,AL,ALLUVIONI PIOVERA,3,2,570.0,735.0,652.5,1.9,2.7,2.3,20252,True
028029,C057,PD,CASTELBALDO,2,1,725.0,840.0,782.5,2.5,3.25,2.88,20252,True
001109,D805,TO,FRONT,2,1,530.0,795.0,662.5,3.75,5.65,4.7,20252,True
080089,I753,RC,SINOPOLI,3,3,340.0,495.0,417.5,1.2,1.6,1.4,20252,True
064023,C105,AV,CASTELFRANCI,2,2,402.5,497.5,450.0,1.6,2.05,1.83,20252,True
024039,D407,VI,ENEGO,2,2,560.0,710.0,635.0,,,,20252,True
017090,E652,BS,LODRINO,2,1,770.0,980.0,875.0,2.9,3.6,3.25,20252,True
064076,H097,AV,QUADRELLE,2,2,515.0,650.0,582.5,2.1,2.5,2.3,20252,True
102008,D303,VV,DINAMI,4,4,340.0,430.0,385.0,1.4,1.75,1.57,20252,True
067033,G437,TE,PENNA SANT'ANDREA,3,3,430.0,640.0,535.0,1.45,2.1,1.77,20252,True
078075,E888,CS,MANGONE,3,3,405.0,590.0,497.5,1.6,2.35,1.98,20252,True
075060,G378,LE,PATU',3,3,370.0,540.0,455.0,1.4,2.0,1.7,20252,True
022005,A274,TN,ANDALO,2,2,2050.0,2500.0,2275.0,6.5,8.5,7.5,20252,True
014015,C325,SO,CASTIONE ANDEVENNO,5,4,700.0,900.0,800.0,2.3,3.0,2.65,20252,True
015112,E258,MI,GUDO VISCONTI,2,1,1100.0,1400.0,1250.0,4.0,5.3,4.65,20252,True
010013,C302,GE,CASTIGLIONE CHIAVARESE,4,4,815.0,1200.0,1007.5,3.1,4.55,3.82,20252,True
098013,C228,LO,CASTELNUOVO BOCCA D'ADDA,2,2,690.0,990.0,840.0,4.0,5.3,4.65,20252,True
004104,E406,CN,LAGNASCO,2,2,720.0,1075.0,897.5,2.5,3.6,3.05,20252,True
004155,G114,CN,ORMEA,6,6,510.0,760.0,635.0,3.1,4.0,3.55,20252,True
023079,I414,VR,SAN ZENO DI MONTAGNA,2,2,1200.0,1750.0,1475.0,,,,20252,True
079118,I266,CZ,SANT'ANDREA APOSTOLO DELLO IONIO,3,3,570.0,670.0,620.0,2.65,3.0,2.82,20252,True
102050,M204,VV,ZUNGRI,2,2,305.0,397.5,351.25,1.2,1.6,1.4,20252,True
014004,A337,SO,APRICA,3,2,1650.0,1975.0,1812.5,5.25,6.4,5.82,20252,True
016177,H091,BG,PUMENENGO,2,2,620.0,755.0,687.5,3.15,4.15,3.65,20252,True
101020,I026,KR,SAN MAURO MARCHESATO,2,1,370.0,450.0,410.0,1.0,1.2,1.1,20252,True
018189,M167,PV,ZERBOLO',2,1,790.0,1100.0,945.0,,,,20252,True
065091,G447,SA,PERDIFUMO,3,3,560.0,710.0,635.0,1.6,1.9,1.75,20252,True
003001,A088,NO,AGRATE CONTURBIA,4,2,695.0,1035.0,865.0,2.35,3.45,2.9,20252,True
006013,A708,AL,BASSIGNANA,2,2,495.0,660.0,577.5,1.65,2.45,2.05,20252,True
029014,C461,RO,CENESELLI,2,2,675.0,925.0,800.0,2.0,2.8,2.4,20252,True
082039,E055,PA,GIULIANA,2,2,290.0,430.0,360.0,1.0,1.3,1.15,20252,True
052023,H153,SI,RADDA IN CHIANTI,2,2,1300.0,1950.0,1625.0,4.1,6.05,5.08,20252,True
098059,L572,LO,VALERA FRATTA,2,2,920.0,1175.0,1047.5,4.15,5.2,4.67,20252,True
004247,M015,CN,VILLAR SAN COSTANZO,3,3,680.0,1000.0,840.0,2.5,3.6,3.05,20252,True
024003,A220,VI,ALONTE,4,1,770.0,870.0,820.0,,,,20252,True
030128,L438,UD,TRIVIGNANO UDINESE,2,2,640.0,940.0,790.0,2.35,3.5,2.92,20252,True
068026,F908,PE,NOCCIANO,2,2,415.0,620.0,517.5,2.0,2.95,2.47,20252,True
009045,G144,SV,ORTOVERO,3,2,1250.0,1600.0,1425.0,3.75,4.25,4.0,20252,True
060002,A054,FR,ACUTO,3,3,285.0,410.0,347.5,,,,20252,True
029011,C122,RO,CASTELGUGLIELMO,2,2,640.0,885.0,762.5,2.0,2.6,2.3,20252,True
109032,G873,FM,PONZANO DI FERMO,3,3,600.0,835.0,717.5,2.4,3.35,2.88,20252,True
096056,H662,BI,SAGLIANO MICCA,3,2,250.0,355.0,302.5,1.7,2.4,2.05,20252,True
101022,I308,KR,SANTA SEVERINA,3,2,540.0,630.0,585.0,1.4,2.0,1.7,20252,True
069092,L224,CH,TORNARECCIO,2,2,362.5,540.0,451.25,1.45,2.15,1.8,20252,True
012019,B150,VA,BRENTA,3,2,1100.0,1325.0,1212.5,3.7,5.35,4.53,20252,True
076028,C619,PZ,CHIAROMONTE,3,3,365.0,415.0,390.0,1.3,1.6,1.45,20252,True
012063,D239,VA,CUVIO,2,1,975.0,1275.0,1125.0,3.8,5.2,4.5,20252,True
061033,D361,CE,DRAGONI,4,2,500.0,700.0,600.0,1.3,1.95,1.62,20252,True
065069,F278,SA,MOIO DELLA CIVITELLA,2,2,525.0,635.0,580.0,1.5,1.85,1.68,20252,True
031014,F767,GO,MOSSA,2,2,610.0,725.0,667.5,2.8,3.7,3.25,20252,True
023066,H610,VR,ROVEREDO DI GUA',2,1,600.0,890.0,745.0,,,,20252,True
002164,M028,VC,VILLATA,2,1,537.5,795.0,666.25,2.25,3.45,2.85,20252,True
085014,H245,CL,RESUTTANO,2,2,230.0,340.0,285.0,1.0,1.5,1.25,20252,True
079056,D932,CZ,GASPERINA,3,3,500.0,600.0,550.0,2.25,2.55,2.4,20252,True
001266,I702,TO,SETTIMO VITTONE,2,1,420.0,630.0,525.0,2.55,3.75,3.15,20252,True
093030,G680,PN,PINZANO AL TAGLIAMENTO,3,3,450.0,650.0,550.0,2.0,3.0,2.5,20252,True
064077,H128,AV,QUINDICI,3,3,397.5,510.0,453.75,1.9,2.25,2.07,20252,True
075008,A572,LE,BAGNOLO DEL SALENTO,2,2,345.0,405.0,375.0,1.4,1.8,1.6,20252,True
103015,B463,VB,CAMBIASCA,2,2,800.0,1200.0,1000.0,3.2,4.6,3.9,20252,True
070030,E381,CB,JELSI,2,2,280.0,420.0,350.0,1.55,2.3,1.93,20252,True
064048,F110,AV,MELITO IRPINO,2,2,377.5,465.0,421.25,1.6,2.0,1.8,20252,True
093012,C385,PN,CAVASSO NUOVO,2,2,500.0,700.0,600.0,2.0,3.0,2.5,20252,True
054033,F685,PG,MONTONE,3,3,380.0,570.0,475.0,1.4,2.1,1.75,20252,True
018146,I447,PV,SARTIRANA LOMELLINA,2,1,780.0,880.0,830.0,,,,20252,True
052018,F676,SI,MONTICIANO,2,2,690.0,970.0,830.0,2.2,3.2,2.7,20252,True
004187,H385,CN,ROCCABRUNA,2,2,720.0,1050.0,885.0,2.5,3.6,3.05,20252,True
001021,A625,TO,BARBANIA,2,1,490.0,735.0,612.5,2.95,4.4,3.67,20252,True
060067,I302,FR,SANT'APOLLINARE,3,3,295.0,410.0,352.5,,,,20252,True
043006,B398,MC,CALDAROLA,2,2,475.0,725.0,600.0,2.0,3.1,2.55,20252,True
001076,C610,TO,CHIANOCCO,2,1,595.0,890.0,742.5,2.75,4.1,3.42,20252,True
013032,B218,CO,BRUNATE,2,1,1250.0,1800.0,1525.0,4.8,7.1,5.95,20252,True
003055,D162,NO,CRESSA,2,1,830.0,1200.0,1015.0,2.4,3.5,2.95,20252,True
031020,H964,GO,SAN LORENZO ISONTINO,3,3,610.0,725.0,667.5,2.8,3.7,3.25,20252,True
079018,B758,CZ,CARDINALE,3,3,477.5,575.0,526.25,1.7,2.1,1.9,20252,True
006076,D814,AL,FUBINE MONFERRATO,2,2,495.0,735.0,615.0,2.4,3.6,3.0,20252,True
093020,D487,PN,FANNA,2,2,500.0,700.0,600.0,2.0,3.0,2.5,20252,True
084022,E714,AG,LUCCA SICULA,3,3,210.0,310.0,260.0,1.0,1.5,1.25,20252,True
057010,B631,RI,CANTALUPO IN SABINA,2,1,600.0,900.0,750.0,3.0,4.15,3.58,20252,True
071042,H467,FG,ROCCHETTA SANT'ANTONIO,2,1,350.0,500.0,425.0,1.4,2.0,1.7,20252,True
078145,L055,CS,TARSIA,2,2,380.0,470.0,425.0,1.45,1.95,1.7,20252,True
005089,H219,AT,REFRANCORE,2,2,355.0,527.5,441.25,1.9,2.3,2.1,20252,True
076008,A604,PZ,BALVANO,2,2,335.0,420.0,377.5,1.15,1.6,1.38,20252,True
078128,I165,CS,SAN SOSTI,2,2,330.0,420.0,375.0,1.3,1.85,1.57,20252,True
055013,D570,TR,FICULLE,2,2,600.0,950.0,775.0,3.0,5.3,4.15,20252,True
109013,F428,FM,MONTAPPONE,3,3,475.0,690.0,582.5,1.85,2.7,2.27,20252,True
075012,B616,LE,CANNOLE,2,2,395.0,465.0,430.0,1.8,2.2,2.0,20252,True
061073,H165,CE,RUVIANO,3,2,500.0,750.0,625.0,1.4,2.1,1.75,20252,True
022203,L322,TN,TRAMBILENO,5,5,1300.0,1500.0,1400.0,4.0,4.5,4.25,20252,True
058002,A084,RM,AGOSTA,3,2,600.0,850.0,725.0,2.3,3.3,2.8,20252,True
078061,E242,CS,GUARDIA PIEMONTESE,3,3,475.0,610.0,542.5,1.95,2.7,2.33,20252,True
077001,A017,MT,ACCETTURA,3,3,380.0,570.0,475.0,1.3,2.0,1.65,20252,True
018005,A387,PV,ARENA PO,2,1,820.0,1100.0,960.0,1.9,2.2,2.05,20252,True
009017,B416,SV,CALIZZANO,3,3,442.5,625.0,528.75,1.45,2.15,1.8,20252,True
023024,C412,VR,CAZZANO DI TRAMIGNA,2,2,720.0,1050.0,885.0,,,,20252,True
062034,D756,BN,FRAGNETO MONFORTE,2,2,575.0,775.0,675.0,2.4,3.5,2.95,20252,True
022247,M361,TN,TRE VILLE,8,5,1250.0,1350.0,1300.0,3.0,4.0,3.5,20252,True
003040,B897,NO,CASALINO,2,1,710.0,1030.0,870.0,2.25,3.15,2.7,20252,True
018052,C958,PV,CONFIENZA,2,1,730.0,780.0,755.0,,,,20252,True
069073,H424,CH,ROCCAMONTEPIANO,2,2,440.0,650.0,545.0,2.05,3.05,2.55,20252,True
019034,D141,CR,CREDERA RUBBIANO,2,2,450.0,700.0,575.0,3.0,4.0,3.5,20252,True
007049,G794,AO,POLLEIN,3,2,1050.0,1500.0,1275.0,3.65,5.4,4.53,20252,True
052027,H790,SI,SAN CASCIANO DEI BAGNI,5,5,730.0,1000.0,865.0,2.4,3.3,2.85,20252,True
068014,C779,PE,CIVITELLA CASANOVA,2,2,375.0,555.0,465.0,1.8,2.7,2.25,20252,True
079092,G439,CZ,PENTONE,3,3,455.0,595.0,525.0,1.5,2.1,1.8,20252,True
084008,B460,AG,CAMASTRA,3,3,200.0,300.0,250.0,0.8,1.2,1.0,20252,True
065070,F426,SA,MONTANO ANTILIA,2,2,525.0,635.0,580.0,1.25,1.6,1.43,20252,True
005053,D554,AT,FERRERE,2,2,455.0,650.0,552.5,2.0,2.8,2.4,20252,True
001218,H344,TO,RIVAROSSA,2,1,560.0,840.0,700.0,3.0,4.5,3.75,20252,True
095053,I605,OR,SENEGHE,2,2,335.0,490.0,412.5,1.25,1.8,1.52,20252,True
025065,L890,BL,VIGO DI CADORE,3,3,950.0,1125.0,1037.5,2.85,3.75,3.3,20252,True
093052,M265,PN,VAJONT,2,1,600.0,800.0,700.0,2.5,3.7,3.1,20252,True
005121,M302,AT,MONTIGLIO MONFERRATO,5,5,390.0,580.0,485.0,2.1,2.5,2.3,20252,True
056009,A955,VT,BOMARZO,3,2,550.0,850.0,700.0,2.6,3.6,3.1,20252,True
070021,C875,CB,COLLETORTO,2,2,340.0,510.0,425.0,1.7,2.55,2.12,20252,True
064040,E245,AV,GUARDIA LOMBARDI,2,2,390.0,475.0,432.5,1.6,2.05,1.83,20252,True
018095,F440,PV,MONTEBELLO DELLA BATTAGLIA,2,1,770.0,910.0,840.0,,,,20252,True
083039,E571,ME,LIBRIZZI,3,3,342.5,490.0,416.25,1.4,2.0,1.7,20252,True
001235,H753,TO,SAMONE,2,1,455.0,680.0,567.5,2.45,3.65,3.05,20252,True
096028,E130,BI,GRAGLIA,2,2,275.0,392.5,333.75,1.85,2.7,2.27,20252,True
030082,H014,UD,PRECENICCO,2,2,600.0,900.0,750.0,2.4,3.6,3.0,20252,True
018121,H246,PV,RETORBIDO,2,1,770.0,910.0,840.0,,,,20252,True
022002,A158,TN,ALBIANO,4,2,1200.0,1500.0,1350.0,4.0,4.5,4.25,20252,True
090008,A781,SS,BENETUTTI,2,1,425.0,635.0,530.0,1.8,2.65,2.22,20252,True
070049,G086,CB,ORATINO,3,3,520.0,780.0,650.0,2.35,3.5,2.92,20252,True
073023,H409,TA,ROCCAFORZATA,2,1,550.0,800.0,675.0,2.25,3.1,2.67,20252,True
001061,B953,TO,CASCINETTE D'IVREA,2,1,530.0,790.0,660.0,3.25,4.8,4.03,20252,True
096042,G521,BI,PETTINENGO,5,3,245.0,342.5,293.75,1.6,2.25,1.92,20252,True
029026,D942,RO,GAVELLO,2,2,655.0,870.0,762.5,2.0,2.6,2.3,20252,True
002131,H861,VC,SAN GERMANO VERCELLESE,2,1,577.5,860.0,718.75,2.25,3.35,2.8,20252,True
018140,I203,PV,SANTA GIULETTA,3,2,740.0,890.0,815.0,,,,20252,True
004110,E597,CN,LIMONE PIEMONTE,8,8,1150.0,1700.0,1425.0,3.85,5.7,4.78,20252,True
095035,F980,OR,NURACHI,2,2,380.0,540.0,460.0,1.25,1.8,1.52,20252,True
111095,L613,SU,VALLERMOSA,2,1,475.0,650.0,562.5,1.75,2.5,2.12,20252,True
007007,A094,AO,AYAS,5,5,2175.0,3125.0,2650.0,5.7,8.2,6.95,20252,True
066084,H434,AQ,ROCCARASO,2,2,1525.0,2250.0,1887.5,4.65,6.45,5.55,20252,True
091084,I748,NU,SINDIA,2,1,400.0,600.0,500.0,1.2,1.9,1.55,20252,True
022200,L200,TN,TON,4,3,1200.0,1400.0,1300.0,3.0,4.1,3.55,20252,True
016167,G774,BG,POGNANO,3,1,750.0,875.0,812.5,3.75,4.75,4.25,20252,True
007021,C821,AO,COGNE,4,4,1800.0,2500.0,2150.0,4.4,6.5,5.45,20252,True
095082,E400,OR,LACONI,2,1,450.0,670.0,560.0,1.6,2.2,1.9,20252,True
111038,E742,SU,LUNAMATRONA,2,1,475.0,625.0,550.0,1.65,2.25,1.95,20252,True
095031,F840,OR,NARBOLIA,3,3,380.0,570.0,475.0,1.5,2.0,1.75,20252,True
001043,B284,TO,BUSANO,2,1,590.0,870.0,730.0,3.1,4.6,3.85,20252,True
016116,E106,BG,GORNO,2,2,700.0,830.0,750.0,3.3,4.3,3.85,20252,True
041058,I344,PU,SANT'IPPOLITO,3,3,640.0,910.0,775.0,2.5,3.55,3.02,20252,True
017198,L816,BS,VEZZA D'OGLIO,2,1,1250.0,1775.0,1512.5,3.8,5.4,4.6,20252,True
062047,G311,BN,PANNARANO,2,2,550.0,775.0,662.5,2.95,4.15,3.55,20252,True
098011,B961,LO,CASELLE LANDI,2,2,720.0,990.0,855.0,4.3,5.3,4.8,20252,True
060080,L398,FR,TREVI NEL LAZIO,3,3,330.0,455.0,392.5,,,,20252,True
016243,M050,BG,VILMINORE DI SCALVE,2,1,750.0,950.0,850.0,2.75,4.2,3.48,20252,True
083093,I477,ME,SAVOCA,2,2,470.0,700.0,585.0,1.6,2.4,2.0,20252,True
020062,I662,MN,SERRAVALLE A PO,3,3,350.0,475.0,412.5,2.25,3.05,2.65,20252,True
082008,A719,PA,BAUCINA,2,2,290.0,415.0,352.5,1.0,1.2,1.1,20252,True
062039,F113,BN,MELIZZANO,2,2,600.0,750.0,675.0,2.65,3.6,3.12,20252,True
090082,M259,SS,VIDDALBA,2,1,600.0,875.0,737.5,2.5,3.6,3.05,20252,True
022210,L588,TN,VALLARSA,2,1,1300.0,1500.0,1400.0,3.8,4.5,4.15,20252,True
078013,A762,CS,BELMONTE CALABRO,3,3,440.0,610.0,525.0,1.65,2.3,1.98,20252,True
094010,C246,IS,CASTELPETROSO,3,3,400.0,600.0,500.0,,,,20252,True
013089,D329,CO,DOMASO,2,1,875.0,1275.0,1075.0,2.8,4.0,3.4,20252,True
006149,H569,AL,ROSIGNANO MONFERRATO,2,2,430.0,565.0,497.5,1.15,1.7,1.43,20252,True
018169,L617,PV,VALLE SALIMBENE,3,2,860.0,945.0,902.5,,,,20252,True
078002,A041,CS,ACQUAPPESA,2,2,600.0,810.0,705.0,2.55,3.6,3.08,20252,True
071014,B917,FG,CASALVECCHIO DI PUGLIA,3,2,300.0,450.0,375.0,1.2,1.7,1.45,20252,True
019069,G483,CR,PESCAROLO ED UNITI,2,2,400.0,600.0,500.0,2.5,4.0,3.25,20252,True
022150,H146,TN,RABBI,5,4,1425.0,1600.0,1512.5,4.1,5.7,4.9,20252,True
017001,A034,BS,ACQUAFREDDA,2,1,830.0,1000.0,915.0,2.2,3.4,2.8,20252,True
062010,B239,BN,BUCCIANO,2,2,525.0,700.0,612.5,2.7,3.85,3.27,20252,True
013152,F305,CO,MOLTRASIO,3,3,1100.0,1600.0,1350.0,4.0,5.4,4.85,20252,True
006169,L027,AL,TAGLIOLO MONFERRATO,2,1,620.0,760.0,690.0,2.1,2.7,2.4,20252,True
062005,A431,BN,ARPAIA,2,2,525.0,700.0,612.5,2.4,3.3,2.85,20252,True
090002,A115,SS,ALA' DEI SARDI,2,1,460.0,655.0,557.5,1.95,2.8,2.38,20252,True
111069,I271,SU,SANT'ANDREA FRIUS,2,1,475.0,600.0,537.5,1.6,2.1,1.85,20252,True
065155,L656,SA,VALVA,2,2,505.0,605.0,555.0,1.25,1.7,1.48,20252,True
017016,A816,BS,BERZO DEMO,2,1,730.0,920.0,825.0,2.2,3.2,2.7,20252,True
065038,C444,SA,CELLE DI BULGHERIA,2,2,525.0,635.0,580.0,1.25,1.7,1.48,20252,True
102012,D589,VV,FILANDARI,3,3,400.0,560.0,480.0,1.6,2.2,1.9,20252,True
091041,E647,NU,LODE',3,1,345.0,515.0,430.0,1.55,2.2,1.88,20252,True
022074,D273,TN,DENNO,2,1,1200.0,1450.0,1325.0,3.0,4.1,3.55,20252,True
018027,B587,PV,CANDIA LOMELLINA,2,1,780.0,880.0,830.0,,,,20252,True
021073,H284,BZ,RIFIANO .RIFFIAN.,3,2,2000.0,2550.0,2275.0,5.1,7.05,6.08,20252,True
019100,I906,CR,SPINADESCO,2,2,400.0,600.0,500.0,2.5,4.0,3.25,20252,True
098024,D068,LO,CORTE PALASIO,3,3,780.0,1045.0,912.5,3.9,4.6,4.25,20252,True
065030,C069,SA,CASTELCIVITA,2,2,505.0,610.0,557.5,1.25,1.7,1.48,20252,True
012052,C796,VA,CLIVIO,3,2,995.0,1275.0,1135.0,3.35,4.95,4.15,20252,True
078082,F519,CS,MONTEGIORDANO,3,3,450.0,610.0,530.0,1.9,2.55,2.23,20252,True
079017,B717,CZ,CARAFFA DI CATANZARO,3,3,500.0,650.0,575.0,1.8,2.35,2.08,20252,True
004168,G683,CN,PIOBESI D'ALBA,2,2,620.0,890.0,755.0,2.8,3.8,3.3,20252,True
098058,L469,LO,TURANO LODIGIANO,2,2,880.0,1050.0,965.0,4.2,4.7,4.45,20252,True
090042,F721,SS,MORES,2,1,475.0,650.0,562.5,2.0,2.7,2.35,20252,True
075082,L010,LE,SURANO,3,2,355.0,465.0,410.0,1.2,1.5,1.35,20252,True
001040,B232,TO,BRUZOLO,2,1,660.0,985.0,822.5,3.4,5.1,4.25,20252,True
062014,B542,BN,CAMPOLI DEL MONTE TABURNO,2,2,550.0,725.0,637.5,2.55,3.7,3.12,20252,True
076037,E221,PZ,GRUMENTO NOVA,2,2,340.0,427.5,383.75,1.15,1.6,1.38,20252,True
029035,G525,RO,PETTORAZZA GRIMANI,2,2,635.0,850.0,742.5,2.0,2.6,2.3,20252,True
111086,I765,SU,SIURGUS DONIGALA,2,1,475.0,600.0,537.5,1.65,2.25,1.95,20252,True
067016,C517,TE,CERMIGNANO,2,2,335.0,500.0,417.5,1.15,1.65,1.4,20252,True
006142,H121,AL,QUATTORDIO,2,2,620.0,755.0,687.5,2.05,2.7,2.38,20252,True
103026,D177,VB,CRODO,3,3,675.0,950.0,812.5,2.5,3.5,3.0,20252,True
057021,C876,RI,COLLEVECCHIO,2,1,350.0,550.0,450.0,3.1,4.5,3.8,20252,True
062041,F287,BN,MOLINARA,2,2,550.0,750.0,650.0,2.5,3.5,3.0,20252,True
011024,H304,SP,RIOMAGGIORE,3,3,3050.0,4550.0,3800.0,9.5,13.25,11.38,20252,True
017053,C685,BS,CIGOLE,2,1,760.0,1050.0,905.0,2.2,3.2,2.7,20252,True
018118,G895,PV,PORTALBERA,2,1,790.0,940.0,865.0,,,,20252,True
024094,I117,VI,SAN PIETRO MUSSOLINO,3,1,820.0,920.0,870.0,,,,20252,True
025030,E622,BL,LIVINALLONGO DEL COL DI LANA,4,4,1525.0,1675.0,1600.0,4.35,5.0,4.67,20252,True
064068,G242,AV,PAGO DEL VALLO DI LAURO,2,2,500.0,640.0,570.0,2.25,2.65,2.45,20252,True
064031,D331,AV,DOMICELLA,4,4,530.0,610.0,570.0,1.95,2.3,2.12,20252,True
060027,C836,FR,COLFELICE,3,3,450.0,610.0,530.0,,,,20252,True
017064,D082,BS,CORZANO,3,2,860.0,1200.0,1030.0,2.9,4.0,3.45,20252,True
069020,C298,CH,CASTIGLIONE MESSER MARINO,2,2,362.5,540.0,451.25,1.45,2.15,1.8,20252,True
096053,H538,BI,RONCO BIELLESE,2,2,245.0,345.0,295.0,1.6,2.3,1.95,20252,True
019006,A972,CR,BONEMERSE,2,2,550.0,750.0,650.0,3.5,4.5,4.0,20252,True
096021,D165,BI,CREVACUORE,3,1,327.5,472.5,400.0,2.05,2.85,2.45,20252,True
018071,D980,PV,GERENZAGO,2,1,890.0,980.0,935.0,2.0,2.5,2.25,20252,True
001081,C655,TO,CHIUSA DI SAN MICHELE,2,1,605.0,905.0,755.0,3.0,4.45,3.73,20252,True
019075,G651,CR,PIEVE SAN GIACOMO,2,2,400.0,600.0,500.0,2.5,3.5,3.0,20252,True
001088,C801,TO,COASSOLO TORINESE,2,1,405.0,610.0,507.5,2.55,3.85,3.2,20252,True
070074,I320,CB,SANT'ELIA A PIANISI,2,2,280.0,420.0,350.0,1.55,2.3,1.93,20252,True
099031,I460,RN,SASSOFELTRIO,4,4,745.0,1050.0,897.5,2.75,3.8,3.28,20252,True
012027,B326,VA,CADEGLIANO-VICONAGO,3,2,1025.0,1275.0,1150.0,3.5,5.15,4.33,20252,True
102049,M143,VV,ZAMBRONE,3,3,675.0,895.0,785.0,2.65,3.55,3.1,20252,True
017153,H043,BS,PRESEGLIE,2,1,780.0,980.0,880.0,2.2,3.5,2.85,20252,True
001039,B225,TO,BRUSASCO,2,1,485.0,725.0,605.0,3.2,4.8,4.0,20252,True
006051,C162,AL,CASTELLETTO MONFERRATO,2,2,460.0,690.0,575.0,2.4,3.55,2.97,20252,True
030189,I421,UD,SAPPADA,3,3,1450.0,1775.0,1587.5,3.9,5.05,4.4,20252,True
029034,G323,RO,PAPOZZE,2,2,640.0,850.0,745.0,2.0,2.6,2.3,20252,True
006147,H414,AL,ROCCA GRIMALDA,2,1,620.0,900.0,760.0,2.4,3.5,2.95,20252,True
018181,M079,PV,VISTARINO,2,1,840.0,930.0,885.0,,,,20252,True
017177,I607,BS,SENIGA,2,1,800.0,1150.0,975.0,2.8,3.7,3.25,20252,True
021095,I948,BZ,STELVIO .STILFS.,3,3,1900.0,2300.0,2100.0,4.6,5.8,5.2,20252,True
071062,M132,FG,VOLTURINO,2,1,400.0,500.0,450.0,1.4,2.0,1.7,20252,True
055018,F462,TR,MONTECCHIO,2,2,600.0,850.0,725.0,3.0,5.0,4.0,20252,True
020012,B911,MN,CASALROMANO,3,3,400.0,525.0,462.5,2.65,3.5,3.08,20252,True
075041,E984,LE,MARTIGNANO,2,2,355.0,465.0,410.0,1.2,1.5,1.35,20252,True
017185,L169,BS,TIGNALE,2,1,1250.0,1800.0,1525.0,3.75,5.3,4.53,20252,True
017193,L626,BS,VALLIO TERME,2,1,870.0,1150.0,1010.0,3.1,3.9,3.5,20252,True
001262,I539,TO,SCIOLZE,2,1,595.0,890.0,742.5,3.1,4.65,3.88,20252,True
025058,I673,BL,SOVRAMONTE,4,4,585.0,730.0,657.5,2.2,3.15,2.67,20252,True
098062,M393,LO,CASTELGERUNDO,3,3,670.0,970.0,820.0,3.45,4.4,3.92,20252,True
066082,H402,AQ,ROCCA DI MEZZO,3,3,950.0,1350.0,1150.0,3.05,4.55,3.8,20252,True
083085,I215,ME,SANT'ALESSIO SICULO,2,1,1025.0,1525.0,1275.0,3.65,5.25,4.45,20252,True
004118,E945,CN,MARGARITA,2,2,730.0,1075.0,902.5,2.5,3.5,3.0,20252,True
022128,F929,TN,NOMI,3,1,1600.0,2000.0,1800.0,,,,20252,True
017128,G179,BS,OSSIMO,2,1,690.0,950.0,820.0,2.1,3.3,2.7,20252,True
021117,E491,BZ,LA VALLE .WENGEN.,3,2,1800.0,2150.0,1975.0,4.5,5.8,5.15,20252,True
018092,F175,PV,MEZZANINO,2,1,770.0,910.0,840.0,1.9,2.2,2.05,20252,True
021088,I593,BZ,SELVA DEI MOLINI .MUEHLWALD.,3,3,1600.0,2000.0,1800.0,4.0,5.0,4.5,20252,True
080032,D545,RC,FEROLETO DELLA CHIESA,4,4,330.0,445.0,387.5,1.1,1.6,1.35,20252,True
001134,E635,TO,LOCANA,2,1,440.0,660.0,550.0,2.3,3.45,2.88,20252,True
010034,F173,GE,MEZZANEGO,2,2,770.0,1150.0,960.0,3.4,5.0,4.2,20252,True
022172,I576,TN,SEGONZANO,4,3,1300.0,1500.0,1400.0,3.5,4.5,4.0,20252,True
019050,E193,CR,GRONTARDO,2,2,400.0,600.0,500.0,2.5,3.5,3.0,20252,True
053012,E348,GR,ISOLA DEL GIGLIO,5,5,2000.0,2800.0,2400.0,6.2,8.9,7.55,20252,True
022171,I554,TN,SCURELLE,3,1,1100.0,1300.0,1200.0,3.0,4.0,3.5,20252,True
066033,C492,AQ,CERCHIO,2,2,375.0,560.0,467.5,1.3,1.85,1.55,20252,True
020029,E818,MN,MAGNACAVALLO,2,2,300.0,425.0,362.5,1.75,2.4,2.08,20252,True
078134,I359,CS,SANTO STEFANO DI ROGLIANO,3,3,395.0,580.0,487.5,1.9,2.55,2.23,20252,True
065152,L377,SA,TRENTINARA,2,2,510.0,615.0,562.5,1.35,1.75,1.55,20252,True
101001,A772,KR,BELVEDERE DI SPINELLO,2,1,370.0,530.0,450.0,1.1,1.6,1.35,20252,True
030076,G831,UD,PONTEBBA,2,2,600.0,875.0,737.5,2.1,3.1,2.6,20252,True
001250,I090,TO,SAN PIETRO VAL LEMINA,2,1,660.0,985.0,822.5,3.15,4.65,3.9,20252,True
013024,A898,CO,BIZZARONE,2,1,1050.0,1350.0,1200.0,3.3,4.8,4.05,20252,True
016109,D906,BG,GANDOSSO,2,1,850.0,950.0,900.0,4.25,5.0,4.62,20252,True
011019,F609,SP,MONTEROSSO AL MARE,3,3,2600.0,3550.0,3075.0,6.0,9.0,7.5,20252,True
010031,E737,GE,LUMARZO,2,2,540.0,800.0,670.0,2.8,4.1,3.45,20252,True
018129,H527,PV,RONCARO,2,1,760.0,890.0,825.0,,,,20252,True
065084,G063,SA,OMIGNANO,3,3,560.0,780.0,670.0,1.7,2.1,1.9,20252,True
003120,G775,NO,POGNO,3,2,885.0,1300.0,1092.5,2.85,4.1,3.47,20252,True
080064,H265,RC,RIACE,4,4,390.0,565.0,477.5,1.25,1.75,1.5,20252,True
065125,I089,SA,SAN PIETRO AL TANAGRO,2,2,520.0,640.0,580.0,2.0,2.6,2.3,20252,True
017141,G529,BS,PEZZAZE,3,1,710.0,980.0,845.0,2.2,3.5,2.85,20252,True
065107,H412,SA,ROCCAGLORIOSA,2,2,525.0,635.0,580.0,1.25,1.65,1.45,20252,True
029023,D776,RO,FRASSINELLE POLESINE,2,2,655.0,870.0,762.5,2.0,2.6,2.3,20252,True
029007,B069,RO,BOSARO,2,2,630.0,875.0,752.5,2.0,2.8,2.4,20252,True
018077,E310,PV,INVERNO E MONTELEONE,3,2,840.0,955.0,897.5,,,,20252,True
076041,E482,PZ,LAURENZANA,3,3,335.0,410.0,372.5,1.15,1.5,1.33,20252,True
067042,L207,TE,TORANO NUOVO,2,2,465.0,695.0,580.0,1.6,2.35,1.98,20252,True
046034,L913,LU,VILLA BASILICA,3,3,525.0,775.0,650.0,1.6,2.35,1.98,20252,True
022032,B389,TN,CALCERANICA AL LAGO,3,1,1950.0,2200.0,2075.0,5.5,6.0,5.75,20252,True
010027,E341,GE,ISOLA DEL CANTONE,2,2,450.0,670.0,560.0,2.6,3.8,3.2,20252,True
023010,B070,VR,BOSCHI SANT'ANNA,2,1,600.0,890.0,745.0,,,,20252,True
056022,C780,VT,CIVITELLA D'AGLIANO,3,2,600.0,900.0,750.0,2.4,3.4,2.9,20252,True
005042,C807,AT,COCCONATO,2,2,492.5,725.0,608.75,2.1,3.1,2.6,20252,True
063029,C929,NA,COMIZIANO,2,2,615.0,950.0,782.5,2.05,3.2,2.62,20252,True
085008,E953,CL,MARIANOPOLI,2,2,230.0,340.0,285.0,1.0,1.5,1.25,20252,True
064118,L973,AV,VILLANOVA DEL BATTISTA,2,2,372.5,455.0,413.75,1.55,2.0,1.77,20252,True
016162,G564,BG,PIANICO,2,2,850.0,1000.0,925.0,2.8,4.0,3.4,20252,True
006144,H334,AL,RIVALTA BORMIDA,2,2,565.0,740.0,652.5,1.85,2.5,2.17,20252,True
002007,A466,VC,ASIGLIANO VERCELLESE,2,1,527.5,780.0,653.75,2.15,3.3,2.72,20252,True
031003,D312,GO,DOBERDO' DEL LAGO,2,2,580.0,695.0,637.5,2.6,3.4,3.0,20252,True
094031,G486,IS,PESCHE,3,3,330.0,495.0,412.5,,,,20252,True
069098,L526,CH,VACRI,2,2,455.0,675.0,565.0,2.05,3.0,2.52,20252,True
001290,L698,TO,VAUDA CANAVESE,2,1,495.0,735.0,615.0,2.65,3.9,3.27,20252,True
060016,B543,FR,CAMPOLI APPENNINO,2,2,410.0,600.0,505.0,,,,20252,True
097014,B763,LC,CARENNO,2,2,875.0,1100.0,987.5,3.55,4.4,3.97,20252,True
102018,E389,VV,JOPPOLO,6,6,390.0,547.5,468.75,1.55,2.25,1.9,20252,True
018030,B741,PV,CARBONARA AL TICINO,2,1,860.0,980.0,920.0,,,,20252,True
025012,C630,BL,CHIES D'ALPAGO,3,3,535.0,685.0,610.0,2.05,2.6,2.33,20252,True
070050,G257,CB,PALATA,2,2,280.0,420.0,350.0,1.55,2.3,1.93,20252,True
014048,G572,SO,PIANTEDO,4,4,725.0,975.0,850.0,2.4,3.2,2.8,20252,True
091086,I851,NU,SORGONO,2,1,480.0,670.0,575.0,1.1,1.6,1.35,20252,True
090075,L464,SS,TULA,2,1,495.0,725.0,610.0,2.1,3.0,2.55,20252,True
004045,B894,CN,CASALGRASSO,2,2,745.0,1100.0,922.5,2.7,3.6,3.15,20252,True
079122,I393,CZ,SAN VITO SULLO IONIO,2,2,520.0,630.0,575.0,2.1,2.4,2.25,20252,True
071021,C633,FG,CHIEUTI,3,2,525.0,750.0,637.5,1.4,2.1,1.75,20252,True
076067,H312,PZ,RIPACANDIDA,4,4,302.5,357.5,330.0,1.15,1.45,1.3,20252,True
022179,I899,TN,SPIAZZO,3,1,1800.0,2100.0,1950.0,4.5,5.0,4.75,20252,True
025060,L040,BL,TAMBRE,5,5,760.0,910.0,835.0,2.5,2.9,2.7,20252,True
023013,B152,VR,BRENTINO BELLUNO,4,4,740.0,1100.0,920.0,,,,20252,True
059002,A707,LT,BASSIANO,2,2,580.0,870.0,725.0,3.3,4.6,3.95,20252,True
003060,D309,NO,DIVIGNANO,2,1,705.0,1030.0,867.5,2.3,3.3,2.8,20252,True
022180,I924,TN,SPORMAGGIORE,2,1,1400.0,1700.0,1550.0,4.0,4.5,4.25,20252,True
102015,D767,VV,FRANCICA,2,2,330.0,450.0,390.0,1.3,1.8,1.55,20252,True
062011,B267,BN,BUONALBERGO,2,2,500.0,700.0,600.0,2.35,3.45,2.9,20252,True
009030,D927,SV,GARLENDA,3,2,1425.0,2025.0,1725.0,4.45,4.85,4.65,20252,True
057031,E160,RI,GRECCIO,3,2,600.0,850.0,725.0,2.95,4.0,3.47,20252,True
098044,G171,LO,OSSAGO LODIGIANO,2,2,1000.0,1250.0,1125.0,4.4,5.6,5.0,20252,True
022033,B400,TN,CALDES,3,2,1150.0,1350.0,1250.0,2.95,4.1,3.53,20252,True
001129,E484,TO,LAURIANO,2,1,560.0,840.0,700.0,3.1,4.7,3.9,20252,True
109010,E807,FM,MAGLIANO DI TENNA,2,2,497.5,725.0,611.25,2.1,2.9,2.5,20252,True
103042,F010,VB,MASERA,2,2,725.0,1075.0,900.0,2.8,3.9,3.35,20252,True
065075,F618,SA,MONTE SAN GIACOMO,2,2,475.0,570.0,522.5,1.35,1.7,1.52,20252,True
022169,I411,TN,SANZENO,3,2,1250.0,1450.0,1350.0,3.2,4.3,3.75,20252,True
004115,E887,CN,MANGO,2,2,650.0,950.0,800.0,2.7,3.7,3.2,20252,True
017089,E596,BS,LIMONE SUL GARDA,3,2,2275.0,2975.0,2625.0,8.25,10.9,9.58,20252,True
069065,G441,CH,PERANO,3,3,535.0,800.0,667.5,2.45,3.65,3.05,20252,True
061065,H045,CE,PRESENZANO,3,2,450.0,650.0,550.0,1.3,1.95,1.62,20252,True
082077,L740,PA,VENTIMIGLIA DI SICILIA,4,4,282.5,412.5,347.5,0.95,1.25,1.1,20252,True
096080,M098,BI,VIVERONE,2,2,327.5,462.5,395.0,2.15,2.95,2.55,20252,True
014023,C903,SO,COLORINA,4,4,600.0,800.0,700.0,2.2,2.9,2.55,20252,True
011028,E070,SP,SESTA GODANO,2,2,550.0,825.0,687.5,3.0,4.0,3.5,20252,True
103053,G600,VB,PIEDIMULERA,4,4,650.0,950.0,800.0,2.6,3.8,3.2,20252,True
021091,I604,BZ,SENALES .SCHNALS.,2,2,1800.0,2200.0,2000.0,4.6,5.5,5.05,20252,True
093050,M096,PN,VIVARO,2,2,500.0,700.0,600.0,2.0,3.0,2.5,20252,True
060081,L437,FR,TRIVIGLIANO,3,3,275.0,410.0,342.5,,,,20252,True
095015,A960,OR,BONARCADO,2,2,290.0,425.0,357.5,1.05,1.55,1.3,20252,True
004049,C165,CN,CASTELLETTO STURA,2,2,745.0,1100.0,922.5,2.5,3.6,3.05,20252,True
102023,F607,VV,MONTEROSSO CALABRO,2,2,277.5,347.5,312.5,1.3,1.55,1.43,20252,True
091071,G201,NU,OVODDA,2,1,430.0,620.0,525.0,1.3,1.6,1.45,20252,True
064108,L102,AV,TEORA,2,2,395.0,480.0,437.5,1.6,2.05,1.83,20252,True
090085,M276,SS,SANT'ANTONIO DI GALLURA,2,1,500.0,700.0,600.0,2.1,2.9,2.5,20252,True
019077,B914,CR,POZZAGLIO ED UNITI,2,2,400.0,600.0,500.0,2.5,3.75,3.12,20252,True
025033,E708,BL,LOZZO DI CADORE,2,2,960.0,1150.0,1055.0,3.0,4.0,3.5,20252,True
111022,D827,SU,FURTEI,2,1,500.0,650.0,575.0,1.75,2.4,2.08,20252,True
091098,L489,NU,ULASSAI,2,1,460.0,620.0,540.0,1.1,1.6,1.35,20252,True
054029,F456,PG,MONTE CASTELLO DI VIBIO,2,2,480.0,690.0,585.0,1.7,2.4,2.05,20252,True
024001,A093,VI,AGUGLIARO,2,2,795.0,925.0,860.0,,,,20252,True
090001,A069,SS,AGGIUS,2,1,475.0,675.0,575.0,2.0,2.8,2.4,20252,True
064004,A347,AV,AQUILONIA,2,2,400.0,480.0,440.0,1.4,1.8,1.6,20252,True
090025,C613,SS,CHIARAMONTI,2,1,465.0,670.0,567.5,1.95,2.8,2.38,20252,True
091047,F073,NU,MEANA SARDO,2,1,400.0,600.0,500.0,1.2,1.9,1.55,20252,True
001170,G010,TO,OGLIANICO,3,1,565.0,845.0,705.0,2.8,4.15,3.47,20252,True
028062,G534,PD,PIACENZA D'ADIGE,2,2,810.0,900.0,855.0,3.0,3.5,3.25,20252,True
103011,A834,VB,BEURA-CARDEZZA,4,4,700.0,1000.0,850.0,2.8,3.8,3.3,20252,True
005096,H468,AT,ROCCHETTA TANARO,2,2,390.0,580.0,485.0,2.1,2.5,2.3,20252,True
060090,I364,FR,VILLA SANTO STEFANO,2,2,377.5,540.0,458.75,,,,20252,True
051007,B693,AR,CAPRESE MICHELANGELO,2,2,650.0,935.0,792.5,2.35,3.45,2.9,20252,True
093002,A354,PN,ARBA,3,3,500.0,675.0,587.5,2.25,3.25,2.75,20252,True
097007,A687,LC,BARZIO,2,2,1025.0,1400.0,1212.5,4.3,5.8,5.05,20252,True
007037,E371,AO,ISSOGNE,3,3,890.0,1200.0,1045.0,2.2,2.7,2.45,20252,True
095072,M030,OR,VILLAURBANA,2,2,335.0,490.0,412.5,1.25,1.8,1.52,20252,True
022232,M343,TN,VALDAONE,4,3,1200.0,1500.0,1350.0,2.8,3.0,2.9,20252,True
033020,D555,PC,FERRIERE,2,2,450.0,660.0,555.0,1.45,2.15,1.8,20252,True
064047,E997,AV,MARZANO DI NOLA,2,2,545.0,680.0,612.5,2.05,2.55,2.3,20252,True
003116,G520,NO,PETTENASCO,6,5,920.0,1375.0,1147.5,3.8,5.4,4.6,20252,True
064087,I163,AV,SAN SOSSIO BARONIA,2,2,377.5,455.0,416.25,1.6,1.95,1.77,20252,True
011007,B214,SP,BRUGNATO,2,2,725.0,1025.0,875.0,3.25,4.5,3.88,20252,True
006073,D780,AL,FRASSINETO PO,2,2,550.0,685.0,617.5,1.55,2.15,1.85,20252,True
078073,E872,CS,MALVITO,2,2,330.0,470.0,400.0,1.45,2.15,1.8,20252,True
099006,F346,RN,MONDAINO,2,2,950.0,1300.0,1125.0,4.0,5.4,4.7,20252,True
081017,H688,TP,SALAPARUTA,2,1,180.0,270.0,225.0,0.8,1.2,1.0,20252,True
004237,L729,CN,VENASCA,4,4,590.0,865.0,727.5,2.5,3.6,3.05,20252,True
018026,B567,PV,CAMPOSPINOSO ALBAREDO,2,1,730.0,770.0,750.0,,,,20252,True
055016,E729,TR,LUGNANO IN TEVERINA,2,2,550.0,850.0,700.0,3.0,4.7,3.85,20252,True
014013,B993,SO,CASPOGGIO,4,3,1350.0,1600.0,1450.0,4.4,5.4,4.75,20252,True
095039,G286,OR,PALMAS ARBOREA,2,2,340.0,500.0,420.0,1.35,1.95,1.65,20252,True
019103,I935,CR,STAGNO LOMBARDO,2,2,425.0,600.0,512.5,2.5,3.75,3.12,20252,True
019048,D993,CR,GERRE DE' CAPRIOLI,2,2,450.0,650.0,550.0,2.5,3.5,3.0,20252,True
002079,F342,VC,MONCRIVELLO,2,1,532.5,790.0,661.25,2.15,3.2,2.67,20252,True
003139,I767,NO,SIZZANO,3,2,895.0,1300.0,1097.5,2.65,3.7,3.17,20252,True
064106,L061,AV,TAURANO,2,2,485.0,590.0,537.5,1.9,2.3,2.1,20252,True
053005,C147,GR,CASTELL'AZZARA,2,2,420.0,610.0,515.0,1.6,2.0,1.8,20252,True
083035,E233,ME,GUALTIERI SICAMINO',2,2,470.0,700.0,585.0,1.8,2.4,2.05,20252,True
006141,H104,AL,QUARGNENTO,2,2,620.0,830.0,725.0,2.15,3.0,2.58,20252,True
006193,M420,AL,LU E CUCCARO MONFERRATO,3,2,585.0,695.0,640.0,2.0,2.5,2.25,20252,True
064024,C283,AV,CASTELVETERE SUL CALORE,2,2,412.5,510.0,461.25,1.9,2.25,2.07,20252,True
022089,D714,TN,FORNACE,3,1,1450.0,1650.0,1550.0,3.5,4.5,4.0,20252,True
091077,I448,NU,SARULE,2,1,480.0,620.0,550.0,1.3,1.8,1.55,20252,True
060049,G500,FR,PESCOSOLIDO,3,3,430.0,580.0,505.0,,,,20252,True
011012,D265,SP,DEIVA MARINA,5,5,1600.0,2350.0,1975.0,5.0,6.75,5.75,20252,True
055021,F543,TR,MONTELEONE D'ORVIETO,2,2,600.0,850.0,725.0,3.0,4.75,3.88,20252,True
096037,F776,BI,MOTTALCIATA,2,2,327.5,472.5,400.0,2.25,3.05,2.65,20252,True
012141,H872,VA,SANGIANO,3,2,975.0,1250.0,1112.5,3.4,4.75,4.08,20252,True
004214,I372,CN,SANTO STEFANO ROERO,2,2,620.0,890.0,755.0,2.8,3.8,3.3,20252,True
022120,F307,TN,MOLVENO,2,1,2350.0,2900.0,2625.0,8.0,11.0,9.5,20252,True
047018,H744,PT,SAMBUCA PISTOIESE,2,2,750.0,1000.0,850.0,2.8,3.6,3.2,20252,True
076004,A321,PZ,ANZI,3,3,330.0,415.0,372.5,1.1,1.5,1.3,20252,True
060042,E236,FR,GUARCINO,4,4,315.0,460.0,387.5,,,,20252,True
079115,I095,CZ,SAN PIETRO APOSTOLO,2,2,470.0,595.0,532.5,1.65,2.0,1.83,20252,True
078131,I192,CS,SANT'AGATA DI ESARO,2,2,330.0,470.0,400.0,1.45,2.15,1.8,20252,True
041025,F135,PU,MERCATELLO SUL METAURO,2,2,510.0,670.0,590.0,2.3,3.3,2.8,20252,True
066050,E505,AQ,LECCE NEI MARSI,2,2,315.0,457.5,386.25,1.35,1.65,1.52,20252,True
015165,G206,MI,OZZERO,2,1,950.0,1300.0,1125.0,4.1,5.6,4.85,20252,True
064086,I129,AV,SAN POTITO ULTRA,2,2,517.5,655.0,586.25,2.25,2.7,2.47,20252,True
064020,B866,AV,CASALBORE,2,2,377.5,447.5,412.5,1.6,2.05,1.83,20252,True
087046,I216,CT,SANT'ALFIO,3,3,310.0,430.0,360.0,1.1,1.5,1.25,20252,True
066002,A100,AQ,AIELLI,3,3,375.0,555.0,465.0,1.35,1.8,1.58,20252,True
012102,F154,VA,MESENZANA,3,2,950.0,1225.0,1087.5,3.25,4.7,3.97,20252,True
080077,I139,RC,SAN ROBERTO,3,3,390.0,550.0,470.0,1.3,1.8,1.55,20252,True
007074,L981,AO,VILLENEUVE,3,3,1050.0,1450.0,1250.0,2.5,3.4,2.95,20252,True
067014,C322,TE,CASTILENTI,2,2,420.0,625.0,522.5,1.4,2.05,1.73,20252,True
050016,E413,PI,LAJATICO,2,2,880.0,1100.0,990.0,3.25,4.25,3.75,20252,True
013006,A224,CO,ALSERIO,2,1,825.0,1225.0,1025.0,2.9,4.1,3.5,20252,True
037014,C086,BO,CASTEL DEL RIO,2,2,700.0,925.0,812.5,,,,20252,True
018049,C684,PV,CIGOGNOLA,2,1,820.0,960.0,890.0,,,,20252,True
066071,G524,AQ,PETTORANO SUL GIZIO,3,3,275.0,410.0,342.5,0.85,1.2,1.02,20252,True
001294,L787,TO,VERRUA SAVOIA,2,1,445.0,670.0,557.5,2.25,3.35,2.8,20252,True
078023,B500,CS,CAMPANA,2,2,320.0,455.0,387.5,1.5,2.15,1.82,20252,True
064042,E448,AV,LAPIO,2,2,430.0,532.5,481.25,1.65,2.05,1.85,20252,True
061023,B494,CE,CASTEL CAMPAGNANO,3,2,500.0,725.0,612.5,1.3,1.95,1.62,20252,True
062075,L185,BN,TOCCO CAUDIO,2,2,525.0,775.0,650.0,2.4,3.55,2.98,20252,True
056026,D503,VT,FARNESE,3,2,540.0,800.0,670.0,2.6,3.6,3.1,20252,True
111060,H739,SU,SAMATZAI,2,1,450.0,625.0,537.5,1.75,2.35,2.05,20252,True
082065,I028,PA,SAN MAURO CASTELVERDE,3,3,280.0,392.5,336.25,0.9,1.25,1.07,20252,True
076054,F866,PZ,NEMOLI,3,3,345.0,445.0,395.0,1.05,1.5,1.27,20252,True
065126,I143,SA,SAN RUFO,2,2,500.0,640.0,570.0,2.0,2.3,2.15,20252,True
075067,H757,LE,SANARICA,2,2,415.0,465.0,440.0,1.6,2.1,1.85,20252,True
018029,B613,PV,CANNETO PAVESE,2,1,750.0,820.0,785.0,,,,20252,True
050012,C609,PI,CHIANNI,2,2,810.0,1100.0,955.0,2.4,3.6,3.0,20252,True
012093,E769,VA,LUVINATE,4,2,1225.0,1625.0,1425.0,4.25,6.25,5.25,20252,True
111043,F822,SU,MUSEI,2,1,525.0,675.0,600.0,1.95,2.5,2.23,20252,True
024112,L554,VI,VALDASTICO,2,1,710.0,870.0,790.0,,,,20252,True
017019,A878,BS,BIONE,2,2,660.0,860.0,760.0,2.05,2.6,2.32,20252,True
006123,G204,AL,OZZANO MONFERRATO,2,1,420.0,620.0,520.0,1.4,2.1,1.75,20252,True
013193,H094,CO,PUSIANO,3,1,1000.0,1350.0,1175.0,3.55,4.5,4.03,20252,True
007072,L783,AO,VERRAYES,2,2,910.0,1250.0,1080.0,2.5,3.15,2.83,20252,True
025010,C458,BL,CENCENIGHE AGORDINO,3,3,810.0,1000.0,905.0,3.3,3.85,3.58,20252,True
007060,H671,AO,SAINT-MARCEL,2,2,900.0,1350.0,1125.0,2.55,3.6,3.08,20252,True
078080,F370,CS,MONGRASSANO,3,3,380.0,510.0,445.0,1.55,2.25,1.9,20252,True
021075,H475,BZ,RODENGO .RODENECK.,3,2,1700.0,2000.0,1850.0,4.4,5.85,5.12,20252,True
076081,I426,PZ,SARCONI,2,2,335.0,425.0,380.0,1.1,1.55,1.33,20252,True
003069,D911,NO,GARBAGNA NOVARESE,2,1,900.0,1300.0,1100.0,2.6,3.7,3.15,20252,True
012044,C273,VA,CASTELSEPRIO,3,2,1015.0,1275.0,1145.0,3.4,5.05,4.22,20252,True
068019,D501,PE,FARINDOLA,2,2,365.0,545.0,455.0,1.85,2.75,2.3,20252,True
079003,A255,CZ,AMARONI,2,2,460.0,585.0,522.5,1.65,2.0,1.83,20252,True
006011,A605,AL,BALZOLA,2,2,517.5,690.0,603.75,1.5,2.15,1.82,20252,True
041022,E743,PU,LUNANO,3,2,685.0,920.0,802.5,2.6,3.5,3.05,20252,True
075058,G285,LE,PALMARIGGI,2,2,390.0,495.0,442.5,1.6,2.1,1.85,20252,True
082042,E337,PA,ISNELLO,3,2,310.0,440.0,375.0,1.0,1.4,1.2,20252,True
046027,I142,LU,SAN ROMANO IN GARFAGNANA,3,3,565.0,795.0,680.0,1.6,2.3,1.95,20252,True
025044,H379,BL,ROCCA PIETORE,3,3,1225.0,1425.0,1325.0,3.2,3.9,3.6,20252,True
022102,E492,TN,LAVARONE,4,3,1700.0,1900.0,1800.0,,,,20252,True
066054,F022,AQ,MASSA D'ALBE,2,2,395.0,590.0,492.5,1.4,2.05,1.73,20252,True
017176,I588,BS,SELLERO,2,1,710.0,970.0,840.0,2.2,3.4,2.8,20252,True
006173,L165,AL,TICINETO,2,2,390.0,580.0,485.0,1.7,2.45,2.08,20252,True
062017,C245,BN,CASTELPAGANO,2,2,425.0,600.0,512.5,2.05,3.05,2.55,20252,True
016236,L865,BG,VIGANO SAN MARTINO,2,1,750.0,850.0,800.0,3.9,4.8,4.35,20252,True
034046,L689,PR,VARSI,2,2,267.5,355.0,311.25,1.0,1.2,1.1,20252,True
016025,A815,BG,BERZO SAN FERMO,2,1,650.0,800.0,725.0,3.6,4.9,4.25,20252,True
006091,F015,AL,MASIO,2,2,620.0,755.0,687.5,2.05,2.7,2.38,20252,True
003077,E143,NO,GRANOZZO CON MONTICELLO,2,1,690.0,1010.0,850.0,2.1,2.95,2.52,20252,True
017097,E787,BS,MACLODIO,2,1,970.0,1200.0,1085.0,3.2,4.0,3.6,20252,True
064030,C976,AV,CONZA DELLA CAMPANIA,2,2,415.0,510.0,462.5,1.5,1.8,1.65,20252,True
060030,C998,FR,CORENO AUSONIO,2,2,310.0,410.0,360.0,,,,20252,True
062031,D650,BN,FOIANO DI VAL FORTORE,2,2,475.0,650.0,562.5,2.3,3.2,2.75,20252,True
005040,C739,AT,CISTERNA D'ASTI,2,2,410.0,610.0,510.0,1.9,2.6,2.25,20252,True
014036,E443,SO,LANZADA,4,4,1100.0,1350.0,1225.0,3.95,4.75,4.38,20252,True
061061,G849,CE,PONTELATONE,3,2,475.0,700.0,587.5,1.4,2.1,1.75,20252,True
022048,C194,TN,CASTELLO TESINO,3,1,1400.0,1700.0,1550.0,2.4,3.4,2.9,20252,True
019065,G222,CR,PADERNO PONCHIELLI,2,2,400.0,600.0,500.0,2.5,3.75,3.12,20252,True
096063,I847,BI,SORDEVOLO,2,2,290.0,415.0,352.5,2.0,2.7,2.35,20252,True
024120,M170,VI,ZERMEGHEDO,4,4,710.0,870.0,790.0,,,,20252,True
017200,L923,BS,VILLACHIARA,2,1,740.0,1000.0,870.0,2.2,3.4,2.8,20252,True
042004,A626,AN,BARBARA,2,2,505.0,715.0,610.0,1.7,2.1,1.9,20252,True
001049,B512,TO,CAMPIGLIONE FENILE,2,1,570.0,850.0,710.0,2.5,3.6,3.05,20252,True
006127,G367,AL,PASTURANA,2,1,640.0,960.0,800.0,2.0,2.9,2.45,20252,True
098034,E840,LO,MAIRAGO,3,3,950.0,1250.0,1100.0,4.2,4.8,4.5,20252,True
001144,E941,TO,MARENTINO,2,1,585.0,880.0,732.5,2.9,4.35,3.62,20252,True
111049,F991,SU,NUXIS,2,1,450.0,600.0,525.0,1.75,2.5,2.12,20252,True
090087,M284,SS,SANTA MARIA COGHINAS,2,1,535.0,765.0,650.0,2.25,3.2,2.73,20252,True
012037,B921,VA,CASALZUIGNO,3,2,1015.0,1300.0,1157.5,3.4,5.0,4.2,20252,True
008030,D319,IM,DOLCEDO,5,5,1200.0,1800.0,1500.0,3.4,5.0,4.2,20252,True
001150,F140,TO,MERCENASCO,2,1,450.0,675.0,562.5,3.1,4.65,3.88,20252,True
016097,D491,BG,FARA OLIVANA CON SOLA,3,2,700.0,930.0,815.0,3.7,4.6,4.15,20252,True
079110,H976,CZ,SAN MANGO D'AQUINO,3,3,470.0,580.0,525.0,1.65,2.0,1.83,20252,True
003018,A844,NO,BIANDRATE,3,2,765.0,1120.0,942.5,2.45,3.4,2.92,20252,True
003021,A929,NO,BOGOGNO,4,1,795.0,1170.0,982.5,2.6,3.8,3.2,20252,True
018016,B028,PV,BORGO PRIOLO,3,2,770.0,960.0,865.0,,,,20252,True
068017,D201,PE,CUGNOLI,2,2,385.0,570.0,477.5,1.85,2.75,2.3,20252,True
098027,D868,LO,GALGAGNANO,2,2,875.0,1100.0,987.5,4.0,4.95,4.47,20252,True
076078,I157,PZ,SAN SEVERINO LUCANO,2,2,322.5,397.5,360.0,1.05,1.4,1.23,20252,True
090029,D637,SS,FLORINAS,2,1,475.0,700.0,587.5,2.0,2.95,2.47,20252,True
023056,G297,VR,PALU',2,1,600.0,890.0,745.0,,,,20252,True
007004,A424,AO,ARNAD,2,2,960.0,1250.0,1105.0,2.6,3.2,2.9,20252,True
024020,B441,VI,CALVENE,2,1,710.0,820.0,765.0,,,,20252,True
016065,C337,BG,CASTRO,2,1,925.0,1100.0,1012.5,4.55,6.7,5.62,20252,True
002093,G528,VC,PEZZANA,2,1,610.0,895.0,752.5,2.25,3.45,2.85,20252,True
012131,L577,VA,VALGANNA,4,3,1000.0,1250.0,1125.0,3.5,5.2,4.35,20252,True
016179,H177,BG,RANZANICO,2,2,800.0,900.0,850.0,4.2,5.1,4.65,20252,True
001041,B278,TO,BURIASCO,2,1,620.0,930.0,775.0,3.1,4.6,3.85,20252,True
063040,E620,NA,LIVERI,2,1,575.0,885.0,730.0,1.95,2.95,2.45,20252,True
036014,D617,MO,FIUMALBO,2,2,850.0,1250.0,1050.0,3.2,4.6,3.9,20252,True
019089,H815,CR,SAN DANIELE PO,2,2,400.0,600.0,500.0,2.5,3.5,3.0,20252,True
101027,L802,KR,VERZINO,2,1,370.0,490.0,430.0,1.1,1.5,1.3,20252,True
016221,C789,BG,UBIALE CLANEZZO,2,1,665.0,755.0,710.0,3.5,4.0,3.75,20252,True
076047,F006,PZ,MASCHITO,2,2,307.5,385.0,346.25,1.1,1.55,1.33,20252,True
064089,I264,AV,SANT'ANDREA DI CONZA,2,2,390.0,475.0,432.5,1.5,1.95,1.73,20252,True
006059,C531,AL,CERRINA MONFERRATO,2,1,400.0,600.0,500.0,1.6,2.4,2.0,20252,True
033019,D502,PC,FARINI,2,2,435.0,635.0,535.0,1.4,2.05,1.73,20252,True
030035,D408,UD,ENEMONZO,2,2,570.0,850.0,710.0,2.1,3.1,2.6,20252,True
062042,F494,BN,MONTEFALCONE DI VAL FORTORE,2,2,425.0,625.0,525.0,2.25,3.35,2.8,20252,True
008042,G632,IM,PIEVE DI TECO,4,4,675.0,925.0,800.0,3.5,4.45,4.05,20252,True
064105,L004,AV,SUMMONTE,3,3,545.0,695.0,620.0,2.15,2.5,2.33,20252,True
055003,A242,TR,ALVIANO,3,3,550.0,825.0,700.0,2.6,4.0,3.38,20252,True
057067,L046,RI,TARANO,2,2,700.0,950.0,825.0,3.2,3.6,3.4,20252,True
069031,D495,CH,FARA SAN MARTINO,2,2,362.5,540.0,451.25,1.45,2.15,1.8,20252,True
094044,I189,IS,SANT'AGAPITO,3,3,340.0,510.0,425.0,,,,20252,True
004128,F330,CN,MONASTEROLO DI SAVIGLIANO,2,2,770.0,1150.0,960.0,2.7,3.6,3.15,20252,True
013058,C206,CO,CASTELMARTE,2,1,800.0,1200.0,1000.0,1.9,2.8,2.35,20252,True
056028,E126,VT,GRADOLI,3,2,625.0,950.0,787.5,3.0,4.3,3.65,20252,True
006020,B037,AL,BORGO SAN MARTINO,2,1,430.0,620.0,525.0,1.3,1.9,1.6,20252,True
101002,B319,KR,CACCURI,2,1,380.0,530.0,455.0,1.1,1.6,1.35,20252,True
019033,D057,CR,CORTE DE' FRATI,2,2,400.0,600.0,500.0,2.5,3.5,3.0,20252,True
043019,D628,MC,FIUMINATA,3,3,450.0,675.0,562.5,1.8,2.6,2.2,20252,True
070025,D896,CB,GAMBATESA,2,2,310.0,460.0,385.0,1.6,2.35,1.98,20252,True
083042,E674,ME,LONGI,2,2,325.0,485.0,405.0,1.0,1.4,1.2,20252,True
103016,B610,VB,CANNERO RIVIERA,3,2,1400.0,1975.0,1687.5,4.9,6.9,5.9,20252,True
071013,B904,FG,CASALNUOVO MONTEROTARO,2,1,300.0,450.0,375.0,1.2,1.8,1.5,20252,True
102042,I905,VV,SPILINGA,2,2,295.0,365.0,330.0,1.25,1.5,1.38,20252,True
079063,E328,CZ,ISCA SULLO IONIO,3,3,540.0,640.0,590.0,2.5,2.9,2.7,20252,True
004126,F326,CN,MONASTERO DI VASCO,2,2,690.0,1025.0,857.5,2.45,3.6,3.02,20252,True
001196,G719,TO,PIVERONE,3,1,300.0,450.0,375.0,1.9,2.8,2.35,20252,True
058095,H942,RM,SAN GREGORIO DA SASSOLA,2,1,550.0,825.0,687.5,2.15,3.05,2.6,20252,True
006133,G858,AL,PONTESTURA,2,1,430.0,620.0,525.0,1.3,1.9,1.6,20252,True
083056,F395,ME,MONTAGNAREALE,3,3,430.0,630.0,530.0,1.5,2.0,1.75,20252,True
043048,I286,MC,SANT'ANGELO IN PONTANO,3,3,500.0,750.0,625.0,2.0,3.1,2.55,20252,True
083020,D569,ME,FICARRA,2,2,377.5,550.0,463.75,1.5,2.0,1.75,20252,True
097060,G040,LC,OLIVETO LARIO,3,3,950.0,1225.0,1087.5,3.4,4.55,3.95,20252,True
003047,C378,NO,CAVALLIRIO,3,2,850.0,1225.0,1037.5,2.65,3.8,3.23,20252,True
003052,C926,NO,COMIGNAGO,3,1,940.0,1400.0,1170.0,2.9,4.2,3.55,20252,True
082033,C968,PA,CONTESSA ENTELLINA,3,3,290.0,425.0,357.5,1.2,1.4,1.3,20252,True
006109,F707,AL,MORANO SUL PO,2,1,475.0,670.0,572.5,1.7,2.3,2.0,20252,True
061014,B704,CE,CAPRIATI A VOLTURNO,2,1,425.0,600.0,512.5,1.2,1.8,1.5,20252,True
006113,F814,AL,MURISENGO MONFERRATO,2,2,380.0,570.0,475.0,2.0,3.0,2.5,20252,True
095051,I503,OR,SCANO DI MONTIFERRO,2,2,300.0,450.0,375.0,1.2,1.75,1.48,20252,True
030112,L018,UD,SUTRIO,2,2,590.0,860.0,725.0,2.2,3.2,2.7,20252,True
056019,C446,VT,CELLENO,2,1,600.0,900.0,750.0,2.6,3.6,3.1,20252,True
080035,D864,RC,GALATRO,3,3,332.5,475.0,403.75,1.15,1.6,1.38,20252,True
070065,H867,CB,SAN GIACOMO DEGLI SCHIAVONI,2,2,450.0,670.0,560.0,2.3,3.4,2.85,20252,True
006037,B870,AL,CASAL CERMELLI,2,2,587.5,775.0,681.25,1.85,2.6,2.23,20252,True
083034,E142,ME,GRANITI,2,2,495.0,730.0,612.5,1.6,2.3,1.95,20252,True
006122,G199,AL,OVIGLIO,2,2,550.0,705.0,627.5,1.8,2.25,2.02,20252,True
016195,I530,BG,SCHILPARIO,2,1,850.0,1050.0,950.0,3.25,4.45,3.85,20252,True
054046,I522,PG,SCHEGGIA E PASCELUPO,3,3,385.0,485.0,435.0,1.4,1.95,1.68,20252,True
076051,F568,PZ,MONTEMILONE,3,3,310.0,400.0,355.0,1.2,1.7,1.45,20252,True
030105,I404,UD,SAN VITO AL TORRE,2,2,575.0,835.0,705.0,2.45,3.65,3.05,20252,True
058010,A446,RM,ARSOLI,2,1,600.0,875.0,737.5,2.25,3.25,2.75,20252,True
041018,D808,PU,FRONTONE,3,3,527.5,735.0,631.25,2.1,2.95,2.52,20252,True
019092,I497,CR,SCANDOLARA RAVARA,2,2,375.0,500.0,437.5,2.25,3.25,2.75,20252,True
016164,G579,BG,PIAZZA BREMBANA,2,1,900.0,1100.0,1000.0,5.0,6.3,5.65,20252,True
022182,I949,TN,STENICO,6,4,1250.0,1350.0,1300.0,,,,20252,True
001283,L538,TO,VAIE,2,1,575.0,860.0,717.5,3.4,5.1,4.25,20252,True
007034,E273,AO,HONE,2,2,790.0,1050.0,920.0,2.3,2.8,2.55,20252,True
001205,G986,TO,PRAROSTINO,2,1,580.0,870.0,725.0,2.45,3.65,3.05,20252,True
078118,H881,CS,SAN GIORGIO ALBANESE,2,2,370.0,465.0,417.5,1.55,2.05,1.8,20252,True
025003,A206,BL,ALLEGHE,3,3,1525.0,1800.0,1662.5,4.75,6.15,5.45,20252,True
078059,E180,CS,GRIMALDI,2,2,465.0,600.0,532.5,2.0,2.65,2.33,20252,True
022097,E288,TN,IMER,4,1,1400.0,1650.0,1525.0,3.5,4.5,4.0,20252,True
083036,E374,ME,ITALA,3,3,675.0,1005.0,840.0,2.25,3.15,2.7,20252,True
066065,G200,AQ,OVINDOLI,2,2,880.0,1275.0,1077.5,2.9,4.15,3.52,20252,True
103062,I249,VB,SANTA MARIA MAGGIORE,4,4,900.0,1350.0,1125.0,3.4,4.9,4.15,20252,True
001311,M071,TO,VISCHE,2,1,455.0,680.0,567.5,2.2,3.3,2.75,20252,True
078021,B424,CS,CALOPEZZATI,3,3,495.0,650.0,572.5,1.7,2.3,2.0,20252,True
019010,B484,CR,CAMISANO,2,2,550.0,700.0,625.0,3.5,4.5,4.0,20252,True
018175,L788,PV,VERRUA PO,2,1,770.0,910.0,840.0,,,,20252,True
058001,A062,RM,AFFILE,2,1,600.0,875.0,737.5,2.4,3.4,2.9,20252,True
058052,E813,RM,MAGLIANO ROMANO,2,1,700.0,1025.0,862.5,3.25,4.75,4.0,20252,True
008054,H957,IM,SAN LORENZO AL MARE,4,4,1900.0,2700.0,2300.0,8.4,11.25,9.88,20252,True
029005,A574,RO,BAGNOLO DI PO,2,2,655.0,870.0,762.5,2.0,2.6,2.3,20252,True
064064,F762,AV,MOSCHIANO,3,3,450.0,570.0,510.0,1.9,2.4,2.15,20252,True
001014,A525,TO,AZEGLIO,2,1,395.0,590.0,492.5,2.55,3.8,3.17,20252,True
078052,D473,CS,FALCONARA ALBANESE,3,3,440.0,610.0,525.0,1.6,2.2,1.9,20252,True
060084,L614,FR,VALLEROTONDA,3,3,390.0,580.0,485.0,,,,20252,True
021002,A286,BZ,ANDRIANO .ANDRIAN.,3,2,2200.0,2600.0,2400.0,6.0,7.55,6.78,20252,True
094007,B810,IS,CAROVILLI,2,2,320.0,480.0,400.0,,,,20252,True
077030,D513,MT,VALSINNI,3,3,365.0,480.0,422.5,1.1,1.6,1.35,20252,True
103041,E853,VB,MALESCO,4,4,850.0,1250.0,1050.0,3.2,4.6,3.9,20252,True
054059,L653,PG,VALTOPINA,2,2,390.0,540.0,465.0,1.5,2.1,1.8,20252,True
006092,F096,AL,MELAZZO,2,2,595.0,745.0,670.0,1.9,2.6,2.25,20252,True
006094,F232,AL,MIRABELLO MONFERRATO,2,1,520.0,710.0,615.0,1.7,2.5,2.1,20252,True
070043,F495,CB,MONTEFALCONE NEL SANNIO,2,2,270.0,400.0,335.0,1.5,2.2,1.85,20252,True
020058,H912,MN,SAN GIOVANNI DEL DOSSO,2,2,325.0,450.0,387.5,2.0,2.9,2.45,20252,True
068010,C354,PE,CATIGNANO,2,2,410.0,615.0,512.5,2.0,2.95,2.47,20252,True
005075,F468,AT,MONTECHIARO D'ASTI,2,2,477.5,710.0,593.75,2.1,3.1,2.6,20252,True
016050,B661,BG,CAPIZZONE,2,1,710.0,825.0,767.5,3.6,4.25,3.93,20252,True
094017,C878,IS,COLLI A VOLTURNO,2,2,340.0,510.0,425.0,,,,20252,True
062049,G386,BN,PAUPISI,3,3,500.0,700.0,600.0,2.35,3.45,2.9,20252,True
006153,H878,AL,SAN GIORGIO MONFERRATO,2,1,580.0,860.0,720.0,1.9,2.7,2.3,20252,True
014008,A848,SO,BIANZONE,3,2,725.0,950.0,837.5,2.4,3.25,2.83,20252,True
061035,D709,CE,FORMICOLA,3,2,450.0,675.0,562.5,1.3,1.95,1.62,20252,True
079157,M140,CZ,ZAGARISE,3,3,470.0,595.0,532.5,1.65,1.95,1.8,20252,True
006161,I711,AL,SEZZADIO,2,1,560.0,720.0,640.0,1.5,2.1,1.8,20252,True
079139,I875,CZ,SOVERIA SIMERI,2,2,465.0,585.0,525.0,1.65,2.0,1.83,20252,True
097025,D065,LC,CORTENOVA,3,1,875.0,1175.0,1025.0,3.5,4.7,4.1,20252,True
078004,A102,CS,AIELLO CALABRO,2,2,365.0,485.0,425.0,1.6,2.2,1.9,20252,True
065008,A343,SA,AQUARA,2,2,505.0,640.0,572.5,1.45,1.85,1.65,20252,True
066005,A481,AQ,ATELETA,2,2,615.0,910.0,762.5,1.9,2.7,2.3,20252,True
020048,H218,MN,REDONDESCO,2,2,350.0,500.0,425.0,2.25,3.25,2.75,20252,True
076003,A131,PZ,ALBANO DI LUCANIA,2,2,315.0,390.0,352.5,1.05,1.4,1.23,20252,True
079020,B790,CZ,CARLOPOLI,3,3,570.0,660.0,615.0,1.85,2.15,2.0,20252,True
069040,D996,CH,GESSOPALENA,2,2,362.5,540.0,451.25,1.45,2.15,1.8,20252,True
091039,E644,NU,LOCERI,2,1,350.0,520.0,435.0,1.8,2.6,2.2,20252,True
095027,F208,OR,MILIS,2,2,340.0,490.0,415.0,1.25,1.8,1.52,20252,True
065061,E485,SA,LAURINO,2,2,510.0,615.0,562.5,1.3,1.7,1.5,20252,True
061064,G995,CE,PRATELLA,2,1,425.0,625.0,525.0,1.2,1.8,1.5,20252,True
022168,I354,TN,SANT'ORSOLA TERME,3,2,1375.0,1525.0,1450.0,3.0,3.8,3.4,20252,True
096076,L785,BI,VERRONE,2,1,355.0,492.5,423.75,2.35,3.35,2.85,20252,True
070004,A971,CB,BONEFRO,2,1,315.0,470.0,392.5,1.6,2.35,1.98,20252,True
022051,C380,TN,CAVARENO,3,1,1300.0,1600.0,1450.0,3.4,4.8,4.1,20252,True
019074,G647,CR,PIEVE D'OLMI,2,2,400.0,600.0,500.0,2.5,4.0,3.25,20252,True
051035,I681,AR,SESTINO,2,2,690.0,990.0,840.0,2.35,3.45,2.9,20252,True
065027,B888,SA,CASALETTO SPARTANO,2,2,575.0,695.0,635.0,1.25,1.7,1.48,20252,True
097033,D398,LC,ELLO,2,1,925.0,1100.0,1012.5,3.15,4.25,3.7,20252,True
080022,B756,RC,CARDETO,2,2,410.0,600.0,505.0,1.4,2.0,1.7,20252,True
008014,C143,IM,CASTELLARO,3,3,1150.0,1700.0,1425.0,5.3,7.6,6.45,20252,True
008021,C718,IM,CIPRESSA,5,5,1800.0,2650.0,2225.0,6.4,8.75,7.7,20252,True
012054,C911,VA,COMABBIO,3,2,1075.0,1300.0,1187.5,3.65,5.3,4.47,20252,True
091026,D859,NU,GAIRO,2,2,410.0,610.0,510.0,1.2,1.6,1.4,20252,True
064073,G629,AV,PIETRASTORNINA,2,2,405.0,520.0,462.5,1.8,2.2,2.0,20252,True
008053,H780,IM,SAN BIAGIO DELLA CIMA,4,4,680.0,990.0,835.0,2.85,4.1,3.48,20252,True
001317,M405,TO,VAL DI CHY,4,3,350.0,520.0,435.0,2.2,3.2,2.7,20252,True
083013,C094,ME,CASTEL DI LUCIO,2,2,325.0,485.0,405.0,1.2,1.8,1.5,20252,True
016118,E189,BG,GROMO,2,1,750.0,950.0,850.0,3.2,4.25,3.72,20252,True
050015,E250,PI,GUARDISTALLO,2,1,1200.0,1900.0,1550.0,4.3,6.3,5.3,20252,True
096003,A784,BI,BENNA,3,1,325.0,477.5,401.25,2.15,3.1,2.62,20252,True
014022,C785,SO,CIVO,6,6,700.0,900.0,800.0,2.25,2.95,2.58,20252,True
025027,E490,BL,LA VALLE AGORDINA,2,2,660.0,860.0,760.0,2.3,3.0,2.5,20252,True
004201,H710,CN,SALICETO,2,2,635.0,905.0,770.0,2.7,3.6,3.15,20252,True
090062,H848,SS,AGLIENTU,5,4,1400.0,1850.0,1625.0,5.8,7.7,6.75,20252,True
076069,H426,PZ,ROCCANOVA,2,2,325.0,425.0,375.0,1.1,1.55,1.32,20252,True
067045,L314,TE,TOSSICIA,2,2,390.0,580.0,485.0,1.35,2.0,1.68,20252,True
019001,A039,CR,ACQUANEGRA CREMONESE,2,2,425.0,600.0,512.5,2.5,3.5,3.0,20252,True
068031,G589,PE,PICCIANO,2,2,410.0,615.0,512.5,1.75,2.6,2.17,20252,True
069076,H448,CH,ROCCASPINALVETI,2,2,362.5,540.0,451.25,1.45,2.15,1.8,20252,True
020060,I532,MN,SCHIVENOGLIA,2,2,325.0,475.0,400.0,2.0,3.15,2.58,20252,True
091043,E736,NU,LULA,2,1,390.0,570.0,480.0,1.2,1.9,1.55,20252,True
083046,F066,ME,MAZZARRA' SANT'ANDREA,2,2,500.0,725.0,612.5,1.4,2.0,1.7,20252,True
025023,B574,BL,CANALE D'AGORDO,3,3,980.0,1150.0,1065.0,2.8,3.2,3.0,20252,True
019043,D574,CR,FIESCO,2,2,450.0,700.0,575.0,2.0,3.0,2.5,20252,True
034038,E548,PR,TERENZO,3,3,350.0,485.0,417.5,0.9,1.1,1.0,20252,True
076086,I917,PZ,SPINOSO,2,2,335.0,420.0,377.5,1.1,1.55,1.33,20252,True
065109,H485,SA,ROFRANO,2,2,525.0,665.0,595.0,1.45,1.85,1.65,20252,True
013216,I856,CO,SORICO,4,4,900.0,1200.0,1050.0,4.5,6.0,5.25,20252,True
069095,L291,CH,TORRICELLA PELIGNA,2,2,362.5,540.0,451.25,1.45,2.15,1.8,20252,True
079151,I322,CZ,VALLEFIORITA,2,2,470.0,595.0,532.5,1.65,2.0,1.83,20252,True
085020,L016,CL,SUTERA,2,2,230.0,340.0,285.0,1.0,1.5,1.25,20252,True
052036,L384,SI,TREQUANDA,4,4,795.0,1150.0,972.5,2.65,3.75,3.2,20252,True
005015,B425,AT,CALOSSO,2,2,350.0,515.0,432.5,1.95,2.55,2.25,20252,True
096010,B465,BI,CAMBURZANO,2,1,272.5,387.5,330.0,1.85,2.65,2.25,20252,True
043038,G657,MC,PIEVE TORINA,3,3,350.0,600.0,475.0,1.25,2.1,1.65,20252,True
096082,M196,BI,ZUBIENA,2,2,277.5,395.0,336.25,1.8,2.55,2.17,20252,True
091012,B062,NU,BORTIGALI,2,1,350.0,520.0,435.0,1.2,1.8,1.5,20252,True
003045,C365,NO,CAVAGLIO D'AGOGNA,2,1,670.0,980.0,825.0,2.0,2.85,2.42,20252,True
012103,F526,VA,MONTEGRINO VALTRAVAGLIA,3,2,900.0,1150.0,1025.0,3.15,4.65,3.9,20252,True
029036,G673,RO,PINCARA,2,2,640.0,885.0,762.5,2.0,2.6,2.3,20252,True
002031,B768,VC,CARESANABLOT,2,1,700.0,1040.0,870.0,2.4,3.5,2.95,20252,True
085011,F489,CL,MONTEDORO,2,2,300.0,420.0,360.0,0.9,1.3,1.1,20252,True
029049,L967,RO,VILLAMARZANA,2,2,630.0,875.0,752.5,2.0,2.8,2.4,20252,True
065020,B437,SA,CALVANICO,2,2,690.0,755.0,722.5,1.85,2.3,2.08,20252,True
076001,A013,PZ,ABRIOLA,3,3,285.0,340.0,312.5,0.9,1.1,1.0,20252,True
001050,B588,TO,CANDIA CANAVESE,2,1,535.0,800.0,667.5,2.6,3.8,3.2,20252,True
017181,I831,BS,SONICO,3,2,710.0,970.0,840.0,2.2,3.3,2.75,20252,True
003022,A953,NO,BOLZANO NOVARESE,3,2,985.0,1475.0,1230.0,3.05,4.55,3.8,20252,True
109009,E447,FM,LAPEDONA,2,2,517.5,745.0,631.25,2.05,3.05,2.55,20252,True
103061,H777,VB,SAN BERNARDINO VERBANO,3,3,675.0,1000.0,837.5,2.7,3.8,3.25,20252,True
056006,A706,VT,BASSANO IN TEVERINA,3,2,575.0,875.0,725.0,2.6,3.6,3.1,20252,True
017183,C698,BS,TAVERNOLE SUL MELLA,3,1,710.0,980.0,845.0,2.2,3.5,2.85,20252,True
013234,C936,CO,VALSOLDA,3,1,850.0,1150.0,1000.0,4.0,5.3,4.65,20252,True
071018,C429,FG,CELENZA VALFORTORE,2,1,300.0,450.0,375.0,1.2,1.8,1.5,20252,True
103046,F483,VB,MONTECRESTESE,2,2,650.0,950.0,800.0,2.8,3.8,3.3,20252,True
060047,G362,FR,PASTENA,2,2,377.5,540.0,458.75,,,,20252,True
003097,F188,NO,MEZZOMERICO,2,1,640.0,945.0,792.5,2.15,3.15,2.65,20252,True
005101,I076,AT,SAN PAOLO SOLBRITO,2,2,435.0,645.0,540.0,1.9,2.3,2.1,20252,True
057069,L293,RI,TORRICELLA IN SABINA,2,1,500.0,750.0,625.0,2.8,3.8,3.3,20252,True
090026,C818,SS,CODRONGIANOS,3,1,535.0,785.0,660.0,2.2,3.25,2.73,20252,True
021105,L527,BZ,VADENA .PFATTEN.,2,2,2075.0,2500.0,2287.5,5.65,6.9,6.28,20252,True
053027,F612,GR,MONTEROTONDO MARITTIMO,2,2,600.0,880.0,740.0,2.3,3.3,2.8,20252,True
084043,L944,AG,VILLAFRANCA SICULA,3,3,220.0,330.0,275.0,1.0,1.5,1.25,20252,True
064019,B776,AV,CARIFE,2,2,377.5,455.0,416.25,1.6,1.95,1.77,20252,True
017184,L094,BS,TEMU',4,2,1900.0,2625.0,2262.5,6.65,8.8,7.72,20252,True
040049,L361,FC,TREDOZIO,2,2,860.0,1200.0,1030.0,2.8,3.8,3.3,20252,True
096048,G927,BI,PORTULA,2,2,290.0,400.0,345.0,1.85,2.55,2.2,20252,True
069060,G271,CH,PALENA,2,2,385.0,575.0,480.0,1.8,2.6,2.2,20252,True
060069,I351,FR,SANTOPADRE,2,2,220.0,312.5,266.25,,,,20252,True
008062,L596,IM,VALLEBONA,4,3,1300.0,1775.0,1525.0,5.95,8.0,6.85,20252,True
004042,B755,CN,CARDE',2,2,730.0,1060.0,895.0,2.5,3.6,3.05,20252,True
019031,C703,CR,CINGIA DE' BOTTI,2,2,400.0,600.0,500.0,2.5,3.5,3.0,20252,True
024072,F922,VI,NOGAROLE VICENTINO,2,1,770.0,870.0,820.0,,,,20252,True
006115,F995,AL,OCCIMIANO,2,2,595.0,715.0,655.0,1.8,2.4,2.1,20252,True
064088,I219,AV,SANTA LUCIA DI SERINO,2,2,460.0,570.0,515.0,1.9,2.2,2.05,20252,True
102002,A386,VV,ARENA,2,2,270.0,367.5,318.75,1.1,1.45,1.27,20252,True
001176,G202,TO,OZEGNA,2,1,500.0,750.0,625.0,3.05,4.55,3.8,20252,True
046035,L926,LU,VILLA COLLEMANDINA,3,3,500.0,750.0,625.0,1.4,1.9,1.65,20252,True
030138,M311,UD,CAMPOLONGO TAPOGLIANO,2,2,575.0,835.0,705.0,2.45,3.65,3.05,20252,True
080046,E968,RC,MAROPATI,3,3,380.0,540.0,460.0,1.3,1.9,1.6,20252,True
001137,E683,TO,LORANZE',3,2,400.0,605.0,502.5,2.3,3.4,2.85,20252,True
072034,G769,BA,POGGIORSINI,2,1,410.0,600.0,505.0,1.2,1.7,1.45,20252,True
005014,B418,AT,CALLIANO MONFERRATO,2,2,422.5,630.0,526.25,2.4,3.0,2.7,20252,True
019018,B889,CR,CASALETTO CEREDANO,2,2,450.0,700.0,575.0,3.0,4.0,3.5,20252,True
001173,G151,TO,OSASCO,2,1,660.0,990.0,825.0,3.1,4.7,3.9,20252,True
058008,A370,RM,ARCINAZZO ROMANO,3,2,625.0,875.0,750.0,2.55,3.65,3.1,20252,True
041035,F524,PU,MONTE GRIMANO TERME,2,2,600.0,830.0,715.0,2.2,2.9,2.55,20252,True
022129,F947,TN,NOVALEDO,5,2,1200.0,1475.0,1337.5,2.8,3.8,3.3,20252,True
061063,G991,CE,PRATA SANNITA,3,2,425.0,625.0,525.0,1.2,1.8,1.5,20252,True
058069,F857,RM,NAZZANO,2,1,700.0,1025.0,862.5,3.05,4.4,3.72,20252,True
001301,L982,TO,VILLANOVA CANAVESE,2,1,635.0,950.0,792.5,3.55,5.3,4.42,20252,True
006128,G397,AL,PECETTO DI VALENZA,2,2,542.5,725.0,633.75,1.95,2.6,2.27,20252,True
006188,M120,AL,VOLPEDO,2,2,460.0,690.0,575.0,2.25,3.35,2.8,20252,True
001042,B279,TO,BUROLO,3,1,320.0,480.0,400.0,2.1,3.1,2.6,20252,True
057028,D560,RI,FIAMIGNANO,2,1,450.0,675.0,562.5,2.45,3.15,2.8,20252,True
081016,G767,TP,POGGIOREALE,2,1,185.0,275.0,230.0,1.0,1.4,1.2,20252,True
069010,B620,CH,CANOSA SANNITA,2,2,455.0,675.0,565.0,2.05,3.0,2.52,20252,True
016137,F328,BG,MONASTEROLO DEL CASTELLO,2,1,950.0,1100.0,1025.0,3.95,5.2,4.57,20252,True
070076,I910,CB,SPINETE,2,2,260.0,390.0,325.0,1.5,2.2,1.85,20252,True
069013,B859,CH,CASACANDITELLA,2,2,455.0,675.0,565.0,2.05,3.0,2.52,20252,True
070042,F475,CB,MONTECILFONE,2,2,270.0,400.0,335.0,1.5,2.2,1.85,20252,True
065063,E498,SA,LAVIANO,2,2,505.0,640.0,572.5,1.45,1.85,1.65,20252,True
109036,I315,FM,SANTA VITTORIA IN MATENANO,3,3,485.0,690.0,587.5,1.95,2.95,2.45,20252,True
095004,A180,OR,ALES,3,3,240.0,350.0,295.0,1.0,1.3,1.15,20252,True
030102,H951,UD,SAN LEONARDO,2,2,410.0,610.0,510.0,1.4,2.1,1.75,20252,True
090065,I565,SS,SEDINI,2,1,450.0,675.0,562.5,1.9,2.8,2.35,20252,True
002142,I984,VC,STROPPIANA,2,1,547.5,810.0,678.75,2.25,3.45,2.85,20252,True
082075,L519,PA,USTICA,4,3,930.0,1300.0,1115.0,2.2,2.9,2.55,20252,True
003019,A911,NO,BOCA,3,1,820.0,1200.0,1010.0,2.5,3.6,3.05,20252,True
003112,G134,NO,ORTA SAN GIULIO,5,5,1100.0,1650.0,1375.0,4.0,5.9,4.95,20252,True
017205,M188,BS,ZONE,2,2,975.0,1200.0,1087.5,2.9,3.9,3.4,20252,True
062055,H087,BN,PUGLIANELLO,2,2,525.0,725.0,625.0,2.4,3.6,3.0,20252,True
012116,H174,VA,RANCO,3,2,1250.0,1550.0,1400.0,4.2,6.15,5.18,20252,True
048039,H937,FI,SAN GODENZO,3,3,650.0,950.0,800.0,2.3,3.3,2.8,20252,True
048031,G270,FI,PALAZZUOLO SUL SENIO,2,2,525.0,775.0,650.0,1.8,2.65,2.23,20252,True
001180,G387,TO,PAVAROLO,2,1,570.0,855.0,712.5,3.1,4.65,3.88,20252,True
069071,H184,CH,RAPINO,2,2,440.0,650.0,545.0,2.05,3.05,2.55,20252,True
060066,I265,FR,SANT'ANDREA DEL GARIGLIANO,3,3,270.0,350.0,310.0,,,,20252,True
076009,A612,PZ,BANZI,2,2,282.5,372.5,327.5,1.05,1.5,1.27,20252,True
044021,D691,AP,FORCE,2,2,475.0,690.0,582.5,1.8,2.8,2.3,20252,True
018080,E454,PV,LARDIRAGO,2,1,870.0,940.0,905.0,,,,20252,True
012091,E707,VA,LOZZA,4,2,1125.0,1400.0,1262.5,3.8,5.6,4.7,20252,True
070080,L230,CB,TORO,2,2,300.0,450.0,375.0,1.55,2.3,1.93,20252,True
057070,L286,RI,TORRI IN SABINA,2,1,625.0,850.0,737.5,2.7,3.4,3.05,20252,True
082012,A958,PA,BOMPIETRO,5,5,282.5,402.5,342.5,1.05,1.45,1.25,20252,True
016099,D604,BG,FINO DEL MONTE,2,1,765.0,1005.0,885.0,2.9,4.05,3.47,20252,True
003027,B183,NO,BRIONA,2,1,670.0,980.0,825.0,2.05,2.9,2.48,20252,True
056020,C447,VT,CELLERE,2,1,400.0,600.0,500.0,2.6,3.9,3.25,20252,True
079116,I164,CZ,SAN SOSTENE,3,3,550.0,640.0,595.0,2.45,2.8,2.62,20252,True
009010,A796,SV,BERGEGGI,3,1,2325.0,3375.0,2850.0,6.1,7.35,6.72,20252,True
030039,D630,UD,FLAIBANO,2,2,645.0,945.0,795.0,2.5,3.7,3.1,20252,True
003093,F047,NO,MASSINO VISCONTI,4,3,785.0,1155.0,970.0,2.8,4.0,3.4,20252,True
090045,F976,SS,NULE,2,1,437.5,635.0,536.25,1.85,2.65,2.25,20252,True
001310,M069,TO,VIRLE PIEMONTE,2,1,675.0,1010.0,842.5,2.85,4.3,3.58,20252,True
070005,B295,CB,BUSSO,2,2,340.0,510.0,425.0,1.8,2.65,2.23,20252,True
043014,C886,MC,COLMURANO,3,3,600.0,1050.0,825.0,2.3,3.9,3.1,20252,True
082061,H422,PA,ROCCAMENA,3,3,310.0,460.0,385.0,1.2,1.6,1.4,20252,True
080004,A314,RC,ANTONIMINA,2,2,400.0,590.0,495.0,1.3,1.7,1.5,20252,True
013044,B730,CO,CARATE URIO,2,2,1200.0,1700.0,1450.0,5.15,6.75,5.95,20252,True
018047,C551,PV,CERVESINA,2,1,770.0,870.0,820.0,,,,20252,True
079033,C960,CZ,CONFLENTI,3,3,510.0,610.0,560.0,1.7,2.1,1.9,20252,True
015042,B448,MI,CALVIGNASCO,2,1,900.0,1150.0,1025.0,3.5,5.1,4.3,20252,True
012065,D384,VA,DUMENZA,4,3,810.0,960.0,885.0,2.7,3.9,3.3,20252,True
099004,D961,RN,GEMMANO,3,3,665.0,980.0,822.5,2.0,3.0,2.5,20252,True
057052,G757,RI,POGGIO CATINO,2,1,585.0,800.0,692.5,2.95,3.85,3.4,20252,True
058092,H618,RM,ROVIANO,2,1,600.0,875.0,737.5,2.25,3.15,2.7,20252,True
060078,L243,FR,TORRE CAJETANI,3,3,300.0,435.0,367.5,,,,20252,True
019009,B439,CR,CALVATONE,2,2,400.0,550.0,475.0,2.5,3.5,3.0,20252,True
070024,D737,CB,FOSSALTO,2,2,300.0,450.0,375.0,1.65,2.45,2.05,20252,True
055019,F510,TR,MONTEFRANCO,3,3,600.0,850.0,725.0,2.85,4.75,3.8,20252,True
033028,F724,PC,MORFASSO,2,2,435.0,645.0,540.0,1.45,2.15,1.8,20252,True
001259,I466,TO,SAUZE D'OULX,5,4,1850.0,2750.0,2300.0,6.05,9.0,7.52,20252,True
066062,G102,AQ,ORICOLA,2,2,475.0,710.0,592.5,1.6,2.25,1.93,20252,True
077026,I029,MT,SAN MAURO FORTE,3,3,400.0,550.0,475.0,1.2,1.8,1.5,20252,True
083082,I147,ME,SAN SALVATORE DI FITALIA,2,2,412.5,600.0,506.25,1.7,2.2,1.95,20252,True
056046,H913,VT,VILLA SAN GIOVANNI IN TUSCIA,2,2,575.0,850.0,712.5,2.45,3.4,2.92,20252,True
084039,I290,AG,SANT'ANGELO MUXARO,3,3,160.0,240.0,200.0,0.8,1.2,1.0,20252,True
004239,L771,CN,VERNANTE,3,3,870.0,1300.0,1085.0,3.1,4.0,3.55,20252,True
068013,C771,PE,CIVITAQUANA,3,3,385.0,575.0,480.0,1.95,2.9,2.42,20252,True
022106,E624,TN,LIVO,3,2,1200.0,1300.0,1250.0,3.0,3.8,3.4,20252,True
066057,F732,AQ,MORINO,2,2,365.0,525.0,445.0,1.25,1.5,1.38,20252,True
102026,G335,VV,PARGHELIA,4,4,635.0,875.0,755.0,2.3,3.3,2.8,20252,True
016175,H036,BG,PREMOLO,2,2,700.0,900.0,800.0,3.6,5.0,4.3,20252,True
085022,L959,CL,VILLALBA,2,2,240.0,360.0,300.0,1.0,1.5,1.25,20252,True
022049,C216,TN,CASTELNUOVO,4,1,1250.0,1450.0,1350.0,2.8,3.7,3.25,20252,True
065058,E060,SA,GIUNGANO,2,2,510.0,615.0,562.5,1.35,1.75,1.55,20252,True
005077,F556,AT,MONTEMAGNO MONFERRATO,2,2,355.0,527.5,441.25,1.9,2.3,2.1,20252,True
083062,F951,ME,NOVARA DI SICILIA,3,2,412.5,565.0,488.75,1.8,2.15,1.97,20252,True
013183,G556,CO,PIANELLO DEL LARIO,2,1,800.0,1200.0,1000.0,2.6,3.9,3.25,20252,True
103074,L889,VB,VIGNONE,2,2,800.0,1200.0,1000.0,3.2,4.4,3.8,20252,True
078042,C795,CS,CLETO,2,2,320.0,455.0,387.5,1.4,2.05,1.73,20252,True
058061,F504,RM,MONTEFLAVIO,2,1,675.0,975.0,825.0,2.9,4.25,3.58,20252,True
080082,I341,RC,SANT'ILARIO DELLO IONIO,4,4,415.0,580.0,497.5,1.3,1.8,1.5,20252,True
022190,L096,TN,TENNA,2,1,1850.0,2150.0,2000.0,4.0,5.0,4.5,20252,True
057012,A472,RI,CASPERIA,3,2,630.0,875.0,752.5,2.9,3.75,3.33,20252,True
066013,B358,AQ,CAGNANO AMITERNO,2,2,400.0,600.0,500.0,1.4,1.7,1.55,20252,True
062015,B873,BN,CASALDUNI,2,2,475.0,600.0,537.5,1.9,2.8,2.35,20252,True
034011,C934,PR,COMPIANO,2,2,257.5,330.0,293.75,1.1,1.4,1.25,20252,True
013161,F877,CO,NESSO,2,2,1000.0,1300.0,1150.0,2.9,4.3,3.6,20252,True
083021,D622,ME,FIUMEDINISI,2,2,415.0,620.0,517.5,1.5,2.2,1.85,20252,True
013111,E141,CO,GRANDOLA ED UNITI,3,1,800.0,1200.0,1000.0,3.0,4.5,3.75,20252,True
066070,G493,AQ,PESCOCOSTANZO,2,2,1700.0,2525.0,2112.5,4.4,6.55,5.47,20252,True
065095,G538,SA,PIAGGINE,2,2,470.0,550.0,510.0,1.25,1.5,1.38,20252,True
065036,C306,SA,CASTIGLIONE DEL GENOVESI,2,2,575.0,760.0,667.5,1.35,1.8,1.57,20252,True
022083,D565,TN,FIAVE',2,2,1050.0,1250.0,1150.0,3.5,4.5,4.0,20252,True
019053,E356,CR,ISOLA DOVARESE,2,2,400.0,600.0,500.0,2.5,3.5,3.0,20252,True
029028,E240,RO,GUARDA VENETA,2,2,640.0,885.0,762.5,2.0,2.6,2.3,20252,True
078112,H774,CS,SAN BENEDETTO ULLANO,2,2,335.0,480.0,407.5,1.45,2.15,1.8,20252,True
017047,C417,BS,CEDEGOLO,2,1,750.0,970.0,860.0,2.1,3.5,2.8,20252,True
076030,D414,PZ,EPISCOPIA,3,3,340.0,387.5,363.75,1.15,1.45,1.3,20252,True
076079,I288,PZ,SANT'ANGELO LE FRATTE,2,2,330.0,412.5,371.25,1.1,1.5,1.3,20252,True
018151,I825,PV,SOMMO,2,1,880.0,950.0,915.0,,,,20252,True
079009,A736,CZ,BELCASTRO,3,3,495.0,620.0,557.5,1.85,2.3,2.08,20252,True
078018,A912,CS,BOCCHIGLIERO,2,2,315.0,445.0,380.0,1.45,2.15,1.8,20252,True
071016,C202,FG,CASTELLUCCIO VALMAGGIORE,2,1,300.0,450.0,375.0,1.2,1.8,1.5,20252,True
008017,C559,IM,CERVO,5,5,2200.0,2950.0,2625.0,8.4,12.6,10.5,20252,True
019087,H731,CR,SALVIROLA,2,2,450.0,700.0,575.0,3.0,4.0,3.5,20252,True
094014,C534,IS,CERRO AL VOLTURNO,2,2,305.0,455.0,380.0,,,,20252,True
083090,I328,ME,SAN TEODORO,2,1,342.5,500.0,421.25,1.1,1.65,1.38,20252,True
058080,G874,RM,PONZANO ROMANO,3,1,675.0,975.0,825.0,2.9,4.25,3.58,20252,True
060037,D682,FR,FONTECHIARI,3,3,360.0,510.0,435.0,,,,20252,True
001142,E782,TO,MACELLO,2,1,700.0,1050.0,875.0,3.0,4.5,3.75,20252,True
034026,G255,PR,PALANZANO,2,2,302.5,392.5,347.5,1.0,1.3,1.15,20252,True
111054,G446,SU,PERDAXIUS,2,1,475.0,575.0,525.0,1.6,2.1,1.85,20252,True
029043,H768,RO,SAN BELLINO,2,2,630.0,875.0,752.5,2.0,2.6,2.3,20252,True
018193,M419,PV,COLLI VERDI,6,6,360.0,520.0,440.0,1.7,2.3,2.0,20252,True
065148,L233,SA,TORRACA,2,2,575.0,695.0,635.0,1.25,1.7,1.48,20252,True
070015,C197,CB,CASTELMAURO,2,2,280.0,420.0,350.0,1.55,2.3,1.93,20252,True
022064,C931,TN,COMMEZZADURA,3,2,1500.0,1800.0,1650.0,3.75,4.8,4.28,20252,True
001113,D983,TO,GERMAGNANO,2,1,460.0,690.0,575.0,3.35,5.05,4.2,20252,True
111040,M270,SU,MASAINAS,2,1,550.0,700.0,625.0,1.85,2.35,2.1,20252,True
004010,A589,CN,BALDISSERO D'ALBA,2,2,670.0,975.0,822.5,2.8,3.8,3.3,20252,True
064056,F512,AV,MONTEFUSCO,3,3,415.0,505.0,460.0,1.75,2.15,1.97,20252,True
006158,I432,AL,SAREZZANO,2,2,527.5,750.0,638.75,2.05,2.75,2.4,20252,True
091001,A407,NU,ARITZO,2,1,460.0,690.0,575.0,1.3,2.0,1.65,20252,True
058030,C677,RM,CICILIANO,2,1,625.0,850.0,737.5,2.4,3.4,2.9,20252,True
002090,G266,VC,PALAZZOLO VERCELLESE,2,1,387.5,572.5,480.0,1.9,2.85,2.38,20252,True
010056,I368,GE,SANTO STEFANO D'AVETO,3,3,690.0,1000.0,845.0,2.6,3.8,3.2,20252,True
050006,B878,PI,CASALE MARITTIMO,2,1,1300.0,2000.0,1650.0,,,,20252,True
023029,C943,VR,CONCAMARISE,3,1,600.0,890.0,745.0,,,,20252,True
078094,G372,CS,PATERNO CALABRO,2,2,365.0,455.0,410.0,1.5,2.05,1.77,20252,True
004205,H755,CN,SAMPEYRE,2,2,660.0,970.0,815.0,2.75,3.9,3.33,20252,True
001213,H333,TO,RIVALBA,2,1,600.0,900.0,750.0,3.1,4.6,3.85,20252,True
057015,C268,RI,CASTEL SANT'ANGELO,3,2,530.0,750.0,625.0,2.7,3.2,2.95,20252,True
053017,F677,GR,MONTIERI,2,2,500.0,700.0,600.0,2.6,3.5,3.05,20252,True
091056,G044,NU,OLLOLAI,2,1,410.0,580.0,495.0,1.2,1.9,1.55,20252,True
006187,M077,AL,VISONE,2,2,490.0,730.0,610.0,2.3,3.45,2.88,20252,True
071003,A320,FG,ANZANO DI PUGLIA,3,2,300.0,450.0,375.0,1.1,1.6,1.35,20252,True
065051,D527,SA,FELITTO,2,2,510.0,615.0,562.5,1.35,1.75,1.55,20252,True
066059,F996,AQ,OCRE,2,2,490.0,725.0,607.5,1.5,2.2,1.85,20252,True
062009,A970,BN,BONEA,3,3,550.0,750.0,650.0,2.6,3.6,3.1,20252,True
065042,C676,SA,CICERALE,2,2,525.0,635.0,580.0,1.35,1.75,1.55,20252,True
013098,D462,CO,FAGGETO LARIO,3,2,1200.0,1575.0,1387.5,3.9,5.55,4.72,20252,True
102013,D596,VV,FILOGASO,2,2,287.5,390.0,338.75,1.35,1.75,1.55,20252,True
069042,E056,CH,GIULIANO TEATINO,2,2,455.0,675.0,565.0,2.05,3.0,2.52,20252,True
070053,G609,CB,PIETRACATELLA,2,2,280.0,420.0,350.0,1.55,2.3,1.93,20252,True
061025,C178,CE,CASTELLO DEL MATESE,2,1,425.0,600.0,512.5,1.2,1.8,1.5,20252,True
071017,C222,FG,CASTELNUOVO DELLA DAUNIA,2,1,300.0,450.0,375.0,1.2,1.8,1.5,20252,True
076025,C271,PZ,CASTELSARACENO,2,2,322.5,385.0,353.75,1.1,1.45,1.27,20252,True
008028,D298,IM,DIANO SAN PIETRO,4,4,1200.0,1800.0,1500.0,7.1,9.8,8.45,20252,True
103034,E028,VB,GIGNESE,4,4,1000.0,1500.0,1250.0,3.6,5.0,4.3,20252,True
083067,G522,ME,PETTINEO,2,1,417.5,610.0,513.75,1.95,2.7,2.33,20252,True
078097,G553,CS,PIANE CRATI,3,3,405.0,590.0,497.5,1.7,2.45,2.08,20252,True
004171,G800,CN,POLONGHERA,2,2,715.0,1050.0,882.5,2.9,3.85,3.38,20252,True
069075,H442,CH,ROCCASCALEGNA,2,2,362.5,540.0,451.25,1.45,2.15,1.8,20252,True
005023,C047,AT,CASTAGNOLE MONFERRATO,2,2,422.5,630.0,526.25,2.1,2.8,2.45,20252,True
021032,D731,BZ,FORTEZZA .FRANZENSFESTE.,4,3,1500.0,1800.0,1650.0,3.7,5.2,4.45,20252,True
099030,F478,RN,MONTECOPIOLO,5,5,690.0,940.0,795.0,2.7,3.7,3.2,20252,True
071044,H568,FG,ROSETO VALFORTORE,2,1,300.0,450.0,375.0,1.2,1.8,1.5,20252,True
098022,D028,LO,CORNO GIOVINE,2,2,650.0,950.0,800.0,3.9,5.4,4.65,20252,True
075032,E053,LE,GIUGGIANELLO,2,2,390.0,495.0,442.5,1.6,2.1,1.85,20252,True
003141,I880,NO,SOZZAGO,2,1,720.0,1040.0,880.0,2.25,3.2,2.73,20252,True
066039,C862,AQ,COLLELONGO,2,2,310.0,460.0,385.0,0.9,1.25,1.07,20252,True
064063,F744,AV,MORRA DE SANCTIS,3,3,370.0,450.0,410.0,1.55,1.95,1.75,20252,True
021100,L176,BZ,TIRES .TIERS.,3,2,1925.0,2400.0,2162.5,5.25,7.05,6.15,20252,True
013223,L228,CO,TORNO,2,2,1300.0,1900.0,1600.0,4.5,6.7,5.6,20252,True
054016,D108,PG,COSTACCIARO,2,2,325.0,460.0,392.5,1.15,1.7,1.43,20252,True
041026,F136,PU,MERCATINO CONCA,2,2,580.0,780.0,680.0,2.2,3.0,2.6,20252,True
019032,D056,CR,CORTE DE' CORTESI CON CIGNONE,2,2,400.0,600.0,500.0,2.5,3.5,3.0,20252,True
002054,D281,VC,DESANA,2,1,457.5,685.0,571.25,1.95,2.9,2.42,20252,True
005052,D388,AT,DUSINO SAN MICHELE,2,2,370.0,545.0,457.5,1.9,2.3,2.1,20252,True
103069,L651,VB,VALSTRONA,2,2,625.0,925.0,775.0,2.2,3.0,2.6,20252,True
016235,L827,BG,VIADANICA,2,1,850.0,950.0,900.0,4.0,4.75,4.38,20252,True
052024,H156,SI,RADICOFANI,3,3,770.0,1100.0,935.0,2.5,3.5,3.0,20252,True
061031,C939,CE,CONCA DELLA CAMPANIA,4,3,400.0,600.0,500.0,1.2,1.8,1.5,20252,True
066066,G210,AQ,PACENTRO,2,2,365.0,545.0,455.0,1.55,2.25,1.9,20252,True
060050,G591,FR,PICINISCO,3,3,470.0,650.0,560.0,,,,20252,True
017012,A661,BS,BARGHE,2,1,740.0,930.0,835.0,2.2,3.5,2.85,20252,True
016078,C835,BG,COLERE,2,1,750.0,950.0,850.0,2.6,3.7,3.15,20252,True
018065,D771,PV,FRASCAROLO,2,1,780.0,880.0,830.0,,,,20252,True
065141,I677,SA,SESSA CILENTO,2,2,525.0,635.0,580.0,1.35,1.75,1.55,20252,True
054032,F629,PG,MONTE SANTA MARIA TIBERINA,2,2,390.0,540.0,465.0,1.5,2.1,1.8,20252,True
059020,H076,LT,PROSSEDI,3,3,390.0,570.0,480.0,2.2,3.3,2.75,20252,True
059022,H421,LT,ROCCA MASSIMA,3,3,530.0,760.0,655.0,2.6,3.8,3.2,20252,True
001136,E661,TO,LOMBRIASCO,2,1,550.0,825.0,687.5,3.4,5.05,4.22,20252,True
021102,L444,BZ,TRODENA NEL PARCO NATURALE .TRUDEN IM NATURPA,3,2,1900.0,2250.0,2075.0,4.8,5.7,5.25,20252,True
069102,M022,CH,VILLA SANTA MARIA,3,3,355.0,530.0,442.5,1.4,2.1,1.75,20252,True
094042,H458,IS,ROCCHETTA A VOLTURNO,2,2,325.0,485.0,405.0,,,,20252,True
019073,G603,CR,PIERANICA,2,2,450.0,700.0,575.0,3.0,4.0,3.5,20252,True
007011,B192,AO,BRISSOGNE,3,3,960.0,1400.0,1180.0,2.65,3.75,3.2,20252,True
016208,I986,BG,STROZZA,2,1,725.0,885.0,805.0,3.8,4.6,4.2,20252,True
062056,H227,BN,REINO,2,2,475.0,625.0,550.0,2.3,3.3,2.8,20252,True
016032,B010,BG,BORGO DI TERZO,2,1,800.0,950.0,875.0,3.65,4.8,4.22,20252,True
076018,B580,PZ,CANCELLARA,2,2,302.5,387.5,345.0,1.05,1.45,1.25,20252,True
055020,F513,TR,MONTEGABBIONE,2,2,500.0,800.0,650.0,2.85,4.75,3.8,20252,True
029042,H689,RO,SALARA,2,2,675.0,900.0,787.5,2.0,2.6,2.3,20252,True
014011,B366,SO,CAIOLO,4,4,650.0,850.0,750.0,2.1,2.8,2.45,20252,True
062020,C284,BN,CASTELVETERE IN VAL FORTORE,2,2,475.0,650.0,562.5,2.45,3.5,2.98,20252,True
095011,A621,OR,BARATILI SAN PIETRO,2,2,380.0,540.0,460.0,1.35,1.95,1.65,20252,True
006022,B080,AL,BOSIO,2,2,430.0,645.0,537.5,1.95,2.9,2.42,20252,True
034028,G424,PR,PELLEGRINO PARMENSE,2,2,280.0,377.5,328.75,1.0,1.3,1.15,20252,True
102035,I058,VV,SAN NICOLA DA CRISSA,2,2,280.0,380.0,330.0,1.25,1.6,1.43,20252,True
064110,L272,AV,TORRE LE NOCELLE,2,2,430.0,530.0,480.0,1.7,2.1,1.9,20252,True
083050,F210,ME,MILITELLO ROSMARINO,2,1,510.0,760.0,635.0,1.9,2.55,2.22,20252,True
057060,H354,RI,RIVODUTRI,2,1,400.0,625.0,512.5,2.5,3.25,2.88,20252,True
057041,F541,RI,MONTELEONE SABINO,2,1,525.0,750.0,637.5,2.8,3.4,3.1,20252,True
070061,H589,CB,ROTELLO,2,2,280.0,420.0,350.0,1.55,2.3,1.93,20252,True
006030,B736,AL,CARBONARA SCRIVIA,2,2,470.0,650.0,560.0,1.3,1.9,1.6,20252,True
002058,D676,VC,FONTANETTO PO,2,1,480.0,710.0,595.0,1.95,2.95,2.45,20252,True
109015,F509,FM,MONTEFORTINO,3,3,515.0,750.0,632.5,2.05,3.2,2.62,20252,True
099027,L034,RN,TALAMELLO,3,1,815.0,1040.0,927.5,2.45,3.4,2.92,20252,True
022081,D468,TN,FAI DELLA PAGANELLA,2,1,1900.0,2350.0,2125.0,4.7,5.8,5.25,20252,True
004033,B204,CN,BROSSASCO,2,2,645.0,930.0,787.5,2.6,3.7,3.15,20252,True
111074,I582,SU,SELEGAS,2,1,400.0,550.0,475.0,1.35,1.85,1.6,20252,True
001012,A405,TO,ARIGNANO,2,1,780.0,1170.0,975.0,3.65,5.45,4.55,20252,True
016217,L276,BG,TORRE PALLAVICINA,2,1,700.0,925.0,812.5,3.7,4.35,4.03,20252,True
018062,D552,PV,FERRERA ERBOGNONE,3,1,730.0,830.0,780.0,,,,20252,True
095067,L393,OR,TRESNURAGHES,3,3,450.0,650.0,550.0,1.7,2.5,2.1,20252,True
111005,A681,SU,BARUMINI,2,1,425.0,575.0,500.0,1.65,2.25,1.95,20252,True
080010,A897,RC,BIVONGI,2,2,390.0,575.0,482.5,1.3,1.9,1.6,20252,True
020020,C930,MN,COMMESSAGGIO,2,2,375.0,500.0,437.5,2.4,3.25,2.83,20252,True
103052,G280,VB,PALLANZENO,2,2,600.0,900.0,750.0,2.4,3.6,3.0,20252,True
078117,H877,CS,SANGINETO,3,3,560.0,810.0,685.0,2.55,3.55,3.05,20252,True
076073,H795,PZ,SAN CHIRICO NUOVO,2,2,320.0,400.0,360.0,1.05,1.4,1.23,20252,True
060040,D881,FR,GALLINARO,3,3,360.0,510.0,435.0,,,,20252,True
018106,G194,PV,OTTOBIANO,2,1,730.0,830.0,780.0,2.4,2.7,2.55,20252,True
019047,D966,CR,GENIVOLTA,2,2,400.0,600.0,500.0,2.5,3.5,3.0,20252,True
021036,E069,BZ,GLORENZA .GLURNS.,3,2,1800.0,2150.0,1975.0,4.9,5.85,5.38,20252,True
021049,E981,BZ,MARTELLO .MARTELL.,3,2,1750.0,2075.0,1912.5,4.75,5.6,5.18,20252,True
069066,G724,CH,PIZZOFERRATO,3,3,385.0,570.0,477.5,1.65,2.45,2.05,20252,True
069003,A398,CH,ARI,2,2,455.0,675.0,565.0,2.05,3.0,2.52,20252,True
078022,B426,CS,CALOVETO,2,2,335.0,425.0,380.0,1.5,2.0,1.75,20252,True
069045,E424,CH,LAMA DEI PELIGNI,2,2,362.5,540.0,451.25,1.45,2.15,1.8,20252,True
001306,M013,TO,VILLAR PELLICE,2,1,415.0,620.0,517.5,2.15,3.25,2.7,20252,True
019080,H314,CR,RIPALTA ARPINA,2,2,450.0,700.0,575.0,3.0,4.0,3.5,20252,True
083103,L561,ME,VALDINA,1,1,540.0,800.0,670.0,1.9,2.7,2.3,20252,True
046020,F283,LU,MOLAZZANA,2,2,535.0,800.0,667.5,1.8,2.55,2.17,20252,True
065105,H277,SA,RICIGLIANO,2,2,505.0,610.0,557.5,1.25,1.7,1.48,20252,True
023080,I594,VR,SELVA DI PROGNO,2,2,650.0,940.0,795.0,,,,20252,True
014075,L749,SO,VERCEIA,3,3,725.0,975.0,837.5,2.6,3.65,3.15,20252,True
005007,A588,AT,BALDICHIERI D'ASTI,2,2,480.0,685.0,582.5,2.1,3.1,2.6,20252,True
095017,B281,OR,BUSACHI,2,2,315.0,455.0,385.0,1.2,1.75,1.48,20252,True
080037,E025,RC,GIFFONE,3,3,345.0,490.0,417.5,1.2,1.6,1.4,20252,True
065060,E480,SA,LAUREANA CILENTO,2,2,525.0,635.0,580.0,1.35,1.75,1.55,20252,True
001313,M094,TO,VIU',2,1,430.0,640.0,535.0,2.45,3.7,3.08,20252,True
001318,M415,TO,VALCHIUSA,4,3,320.0,480.0,400.0,2.05,3.1,2.58,20252,True
012082,E292,VA,INARZO,2,1,875.0,1100.0,987.5,3.2,4.7,3.95,20252,True
009036,E860,SV,MALLARE,2,2,460.0,665.0,562.5,1.5,1.9,1.7,20252,True
095074,M153,OR,ZEDDIANI,2,2,295.0,440.0,367.5,1.3,1.85,1.58,20252,True
018090,F170,PV,MEZZANA BIGLI,2,1,730.0,780.0,755.0,,,,20252,True
020046,H129,MN,QUINGENTOLE,2,2,325.0,500.0,412.5,2.15,3.25,2.7,20252,True
064082,H975,AV,SAN MANGO SUL CALORE,2,2,412.5,507.5,460.0,1.7,2.1,1.9,20252,True
078006,A160,CS,ALBIDONA,2,2,350.0,445.0,397.5,1.4,1.95,1.68,20252,True
069004,A402,CH,ARIELLI,2,2,455.0,675.0,565.0,2.05,3.0,2.52,20252,True
011008,B410,SP,CALICE AL CORNOVIGLIO,2,2,550.0,825.0,687.5,3.0,4.25,3.62,20252,True
013107,D974,CO,GERA LARIO,2,1,950.0,1400.0,1175.0,3.0,4.4,3.7,20252,True
007053,H042,AO,PRE'-SAINT-DIDIER,4,4,2550.0,3550.0,3050.0,8.8,13.15,10.97,20252,True
008006,A536,IM,BADALUCCO,3,3,700.0,1000.0,850.0,3.4,5.0,4.2,20252,True
067023,D179,TE,CROGNALETO,3,3,270.0,405.0,337.5,0.9,1.35,1.12,20252,True
095033,F934,OR,NORBELLO,2,2,335.0,500.0,417.5,1.3,1.85,1.58,20252,True
016163,G574,BG,PIARIO,2,1,750.0,900.0,825.0,2.95,4.35,3.65,20252,True
064093,I301,AV,SANTA PAOLINA,2,2,430.0,535.0,482.5,1.8,2.2,2.0,20252,True
006063,D149,AL,CREMOLINO,2,2,625.0,855.0,740.0,2.75,3.2,2.98,20252,True
006077,D835,AL,GABIANO,2,2,510.0,665.0,587.5,1.6,2.2,1.9,20252,True
030021,C389,UD,CAVAZZO CARNICO,2,2,440.0,650.0,545.0,1.5,2.2,1.85,20252,True
078085,F775,CS,MOTTAFOLLONE,2,2,330.0,420.0,375.0,1.3,1.85,1.57,20252,True
009026,D095,SV,COSSERIA,3,2,720.0,1050.0,885.0,1.8,2.25,2.02,20252,True
030041,D719,UD,FORNI DI SOPRA,2,2,650.0,950.0,800.0,2.2,3.3,2.75,20252,True
078016,A842,CS,BIANCHI,2,2,320.0,455.0,387.5,1.4,2.05,1.73,20252,True
018120,H216,PV,REDAVALLE,2,1,870.0,960.0,915.0,,,,20252,True
018039,C184,PV,CASTELLO D'AGOGNA,2,1,730.0,780.0,755.0,,,,20252,True
078115,H825,CS,SAN DONATO DI NINEA,2,2,330.0,470.0,400.0,1.3,1.9,1.6,20252,True
053028,I601,GR,SEMPRONIANO,2,2,540.0,810.0,675.0,2.3,2.7,2.5,20252,True
018038,C157,PV,CASTELLETTO DI BRANDUZZO,2,1,750.0,820.0,785.0,,,,20252,True
070036,E799,CB,MAFALDA,2,2,280.0,420.0,350.0,1.5,2.25,1.88,20252,True
046037,M347,LU,SILLANO GIUNCUGNANO,3,3,525.0,775.0,650.0,1.55,2.3,1.93,20252,True
058044,D978,RM,GERANO,2,1,550.0,800.0,675.0,2.15,3.05,2.6,20252,True
009031,E064,SV,GIUSTENICE,3,2,1175.0,1400.0,1287.5,3.0,4.5,3.75,20252,True
001200,G900,TO,PORTE,2,1,535.0,800.0,667.5,2.9,4.3,3.6,20252,True
015150,D033,MI,MORIMONDO,2,1,950.0,1300.0,1125.0,3.4,4.5,3.95,20252,True
030092,H242,UD,RESIA,2,2,450.0,650.0,550.0,1.7,2.5,2.1,20252,True
044010,B727,AP,CARASSAI,2,2,427.5,630.0,528.75,1.75,2.5,2.12,20252,True
062065,I002,BN,SAN MARTINO SANNITA,2,2,525.0,725.0,625.0,2.6,3.75,3.17,20252,True
066089,I326,AQ,SANTE MARIE,2,2,455.0,670.0,562.5,1.15,1.7,1.43,20252,True
022135,M303,TN,RONZO-CHIENIS,2,1,1400.0,1700.0,1550.0,4.0,5.2,4.6,20252,True
057050,G513,RI,PETRELLA SALTO,4,3,550.0,790.0,670.0,2.4,3.1,2.73,20252,True
004181,H285,CN,RIFREDDO,2,2,565.0,825.0,695.0,2.5,3.6,3.05,20252,True
003153,L668,NO,VAPRIO D'AGOGNA,3,1,665.0,970.0,817.5,2.0,2.85,2.42,20252,True
018136,H885,PV,SAN GIORGIO DI LOMELLINA,2,1,730.0,830.0,780.0,,,,20252,True
076088,L126,PZ,TERRANOVA DI POLLINO,2,2,345.0,402.5,373.75,1.15,1.5,1.32,20252,True
014040,F070,SO,MAZZO DI VALTELLINA,5,5,650.0,850.0,750.0,2.1,2.8,2.45,20252,True
022042,B783,TN,CARISOLO,3,1,2800.0,3200.0,3000.0,,,,20252,True
002171,M398,VC,CELLIO CON BREIA,3,2,480.0,720.0,600.0,2.05,3.05,2.55,20252,True
001210,H127,TO,QUINCINETTO,2,1,405.0,600.0,502.5,2.35,3.45,2.9,20252,True
043052,I661,MC,SERRAVALLE DI CHIENTI,2,2,300.0,525.0,412.5,1.15,2.05,1.6,20252,True
022114,F168,TN,MEZZANA,5,4,1700.0,2000.0,1850.0,5.0,5.8,5.4,20252,True
004196,H474,CN,RODELLO,2,2,650.0,935.0,792.5,2.6,3.8,3.2,20252,True
111073,I570,SU,SEGARIU,2,1,425.0,550.0,487.5,1.6,2.1,1.85,20252,True
096083,M201,BI,ZUMAGLIA,2,1,285.0,410.0,347.5,1.9,2.8,2.35,20252,True
076052,F573,PZ,MONTEMURRO,2,2,335.0,407.5,371.25,1.05,1.45,1.25,20252,True
007057,H497,AO,ROISAN,2,2,1085.0,1475.0,1280.0,2.7,3.45,3.07,20252,True
111081,I706,SU,SEUI,2,1,390.0,580.0,485.0,1.2,1.9,1.55,20252,True
091097,L423,NU,TRIEI,2,1,460.0,620.0,540.0,1.1,1.6,1.35,20252,True
061001,A106,CE,AILANO,2,1,375.0,550.0,462.5,1.2,1.75,1.48,20252,True
002030,B767,VC,CARESANA,2,1,645.0,935.0,790.0,2.4,3.7,3.05,20252,True
078039,C560,CS,CERZETO,2,2,330.0,470.0,400.0,1.45,2.15,1.8,20252,True
001304,M004,TO,VILLAREGGIA,2,1,470.0,705.0,587.5,2.8,4.2,3.5,20252,True
065057,E037,SA,GIOI,2,2,525.0,635.0,580.0,1.5,1.75,1.62,20252,True
036024,F484,MO,MONTECRETO,2,2,740.0,950.0,845.0,2.7,3.5,3.1,20252,True
051003,A541,AR,BADIA TEDALDA,3,3,645.0,935.0,790.0,2.35,3.4,2.88,20252,True
013026,A905,CO,BLEVIO,2,1,1200.0,1750.0,1475.0,4.6,6.75,5.67,20252,True
083015,C210,ME,CASTELMOLA,2,2,1125.0,1600.0,1362.5,2.75,3.8,3.28,20252,True
004169,G697,CN,PIOZZO,2,2,635.0,915.0,775.0,2.5,3.5,3.0,20252,True
091099,L506,NU,URZULEI,2,1,460.0,620.0,540.0,1.1,1.6,1.35,20252,True
064022,C058,AV,CASTEL BARONIA,2,2,362.5,447.5,405.0,1.6,1.95,1.77,20252,True
078099,G622,CS,PIETRAPAOLA,3,3,445.0,540.0,492.5,1.8,2.45,2.12,20252,True
012020,B166,VA,BREZZO DI BEDERO,3,2,1200.0,1450.0,1325.0,4.05,5.8,4.92,20252,True
062018,C250,BN,CASTELPOTO,2,2,575.0,775.0,675.0,2.8,3.85,3.33,20252,True
029025,D855,RO,GAIBA,2,2,675.0,900.0,787.5,2.0,2.6,2.3,20252,True
016149,G075,BG,ONORE,3,1,850.0,1000.0,925.0,2.85,3.75,3.3,20252,True
005100,I017,AT,SAN MARZANO OLIVETO,2,2,440.0,625.0,532.5,2.15,2.85,2.5,20252,True
005003,A312,AT,ANTIGNANO,2,2,360.0,527.5,443.75,1.8,2.5,2.15,20252,True
066012,B256,AQ,BUGNARA,2,2,365.0,525.0,445.0,1.2,1.6,1.4,20252,True
111027,D997,SU,GESTURI,2,1,400.0,550.0,475.0,1.35,1.85,1.6,20252,True
006136,G877,AL,PONZONE,2,2,495.0,740.0,617.5,2.1,3.15,2.62,20252,True
058106,L302,RM,TORRITA TIBERINA,2,1,675.0,1000.0,837.5,2.75,3.9,3.33,20252,True
004233,L558,CN,VALDIERI,4,4,735.0,1075.0,905.0,2.9,3.85,3.38,20252,True
001072,C497,TO,CERES,2,1,350.0,520.0,435.0,2.2,3.25,2.73,20252,True
058027,C518,RM,CERRETO LAZIALE,2,1,575.0,850.0,712.5,2.25,3.25,2.75,20252,True
042024,F145,AN,MERGO,3,3,450.0,625.0,537.5,1.5,2.05,1.77,20252,True
095037,G043,OR,OLLASTRA,2,2,265.0,395.0,330.0,1.05,1.5,1.27,20252,True
057065,I581,RI,SELCI,2,1,510.0,715.0,612.5,2.55,3.3,2.92,20252,True
030054,E847,UD,MALBORGHETTO-VALBRUNA,3,3,700.0,950.0,825.0,2.8,4.1,3.45,20252,True
060057,G935,FR,POSTA FIBRENO,3,3,360.0,510.0,435.0,,,,20252,True
094039,H308,IS,RIONERO SANNITICO,2,2,320.0,480.0,400.0,,,,20252,True
009035,E816,SV,MAGLIOLO,3,3,760.0,1125.0,942.5,2.45,3.2,2.83,20252,True
053025,I571,GR,SEGGIANO,2,2,450.0,660.0,555.0,1.9,2.3,2.1,20252,True
071032,F538,FG,MONTELEONE DI PUGLIA,2,1,400.0,550.0,475.0,1.4,2.0,1.7,20252,True
059023,H444,LT,ROCCASECCA DEI VOLSCI,2,2,470.0,650.0,560.0,2.5,3.7,3.1,20252,True
018141,I213,PV,SANT'ALESSIO CON VIALONE,2,1,790.0,930.0,860.0,,,,20252,True
012022,B191,VA,BRISSAGO-VALTRAVAGLIA,3,2,900.0,1150.0,1025.0,3.2,4.7,3.95,20252,True
003037,B864,NO,CASALBELTRAME,2,1,860.0,1250.0,1055.0,2.5,3.5,3.0,20252,True
078089,G298,CS,PALUDI,2,2,320.0,455.0,387.5,1.4,1.9,1.65,20252,True
098002,A811,LO,BERTONICO,2,2,840.0,1050.0,945.0,4.3,5.3,4.8,20252,True
012071,D871,VA,GALLIATE LOMBARDO,4,2,1075.0,1300.0,1187.5,3.8,5.35,4.58,20252,True
051038,L038,AR,TALLA,2,2,615.0,900.0,757.5,2.2,3.2,2.7,20252,True
004152,F961,CN,NOVELLO,2,2,725.0,1050.0,887.5,2.8,3.9,3.35,20252,True
021112,L745,BZ,VERANO .VOERAN.,3,2,1625.0,2100.0,1862.5,4.1,5.25,4.67,20252,True
065054,D832,SA,FUTANI,2,2,525.0,635.0,580.0,1.25,1.7,1.48,20252,True
001119,E203,TO,GROSSO,2,1,645.0,945.0,795.0,3.15,4.75,3.95,20252,True
034040,L229,PR,TORNOLO,4,4,347.5,465.0,406.25,,,,20252,True
066003,A187,AQ,ALFEDENA,2,2,850.0,1200.0,1025.0,2.3,3.35,2.83,20252,True
080015,B234,RC,BRUZZANO ZEFFIRIO,4,4,405.0,590.0,497.5,1.55,2.2,1.88,20252,True
084019,E390,AG,JOPPOLO GIANCAXIO,3,3,260.0,390.0,325.0,1.0,1.5,1.25,20252,True
003115,G421,NO,PELLA,5,4,1200.0,1750.0,1475.0,3.8,5.3,4.55,20252,True
001263,I692,TO,SESTRIERE,4,3,1475.0,2225.0,1850.0,6.95,10.4,8.68,20252,True
067012,C169,TE,CASTELLI,3,2,335.0,500.0,417.5,1.1,1.65,1.38,20252,True
016146,G050,BG,OLTRE IL COLLE,2,1,735.0,880.0,807.5,3.1,3.9,3.5,20252,True
019044,D710,CR,FORMIGARA,2,2,400.0,600.0,500.0,2.5,3.5,3.0,20252,True
005065,F311,AT,MOMBARUZZO,2,2,410.0,600.0,505.0,2.2,2.9,2.55,20252,True
001198,G805,TO,POMARETTO,2,1,460.0,685.0,572.5,2.55,3.8,3.17,20252,True
018186,M161,PV,ZEME,2,1,780.0,880.0,830.0,,,,20252,True
079068,E806,CZ,MAGISANO,4,4,500.0,595.0,547.5,1.5,1.95,1.73,20252,True
045017,M169,MS,ZERI,2,2,515.0,770.0,642.5,,,,20252,True
012081,E144,VA,GRANTOLA,2,1,1000.0,1250.0,1125.0,3.6,4.9,4.25,20252,True
033003,A823,PC,BESENZONE,2,2,530.0,755.0,642.5,1.7,2.45,2.08,20252,True
011006,A992,SP,BORGHETTO DI VARA,2,2,625.0,925.0,775.0,3.0,3.75,3.38,20252,True
094008,B830,IS,CARPINONE,3,2,300.0,450.0,375.0,,,,20252,True
077006,C888,MT,COLOBRARO,3,3,390.0,480.0,440.0,1.4,2.0,1.75,20252,True
070052,G512,CB,PETRELLA TIFERNINA,2,2,320.0,480.0,400.0,1.75,2.6,2.17,20252,True
062032,D693,BN,FORCHIA,2,2,500.0,725.0,612.5,2.6,3.8,3.2,20252,True
111004,A677,SU,BARRALI,2,1,475.0,625.0,550.0,1.65,2.25,1.95,20252,True
066041,C999,AQ,CORFINIO,2,2,460.0,680.0,570.0,1.6,2.15,1.88,20252,True
099009,F523,RN,MONTEGRIDOLFO,3,3,980.0,1425.0,1202.5,3.75,4.95,4.35,20252,True
066073,G766,AQ,POGGIO PICENZE,2,2,460.0,675.0,567.5,1.4,2.05,1.73,20252,True
111101,L987,SU,VILLANOVAFRANCA,2,1,475.0,600.0,537.5,1.6,2.1,1.85,20252,True
018057,D081,PV,CORVINO SAN QUIRICO,2,1,750.0,910.0,830.0,,,,20252,True
082018,B535,PA,CAMPOFIORITO,2,2,295.0,430.0,362.5,1.0,1.3,1.15,20252,True
010048,H258,GE,REZZOAGLIO,3,3,510.0,760.0,635.0,2.1,3.1,2.6,20252,True
084006,B377,AG,CALAMONACI,3,3,220.0,320.0,270.0,0.9,1.3,1.1,20252,True
013197,H478,CO,RODERO,2,1,935.0,1175.0,1055.0,2.9,4.25,3.58,20252,True
016033,B083,BG,BOSSICO,2,2,640.0,750.0,695.0,3.1,4.0,3.7,20252,True
093015,C790,PN,CLAUT,2,2,500.0,700.0,600.0,2.0,3.0,2.5,20252,True
083023,D661,ME,FONDACHELLI-FANTINA,3,3,385.0,575.0,480.0,1.3,1.85,1.57,20252,True
018184,M150,PV,ZAVATTARELLO,2,1,760.0,830.0,795.0,2.4,2.5,2.45,20252,True
009044,D522,SV,ORCO FEGLINO,2,1,1150.0,1700.0,1425.0,3.7,4.2,3.95,20252,True
013160,F828,CO,MUSSO,2,1,800.0,1200.0,1000.0,2.6,3.9,3.25,20252,True
061066,H202,CE,RAVISCANINA,3,2,425.0,625.0,525.0,1.2,1.8,1.5,20252,True
064096,I471,AV,SAVIGNANO IRPINO,2,2,370.0,445.0,407.5,1.5,1.95,1.73,20252,True
006178,L633,AL,VALMACCA,2,2,487.5,605.0,546.25,1.55,2.0,1.77,20252,True
004151,F895,CN,NIELLA TANARO,2,2,580.0,840.0,710.0,2.5,3.6,3.05,20252,True
096065,I980,BI,STRONA,2,2,315.0,462.5,388.75,2.1,3.0,2.55,20252,True
016223,L544,BG,VALBONDIONE,2,1,800.0,1000.0,900.0,2.75,4.3,3.53,20252,True
021005,A507,BZ,AVELENGO .HAFLING.,2,2,2150.0,2800.0,2475.0,6.25,9.35,7.8,20252,True
001074,C564,TO,CESANA TORINESE,6,5,1400.0,2100.0,1750.0,5.4,8.1,6.75,20252,True
111025,D982,SU,GERGEI,2,1,410.0,610.0,510.0,1.2,1.6,1.4,20252,True
111046,F982,SU,NURALLAO,2,1,390.0,580.0,485.0,1.2,1.9,1.55,20252,True
043057,M078,MC,VISSO,3,3,340.0,565.0,452.5,1.3,2.2,1.75,20252,True
070037,F055,CB,MATRICE,2,2,300.0,450.0,375.0,1.55,2.3,1.93,20252,True
052025,H157,SI,RADICONDOLI,2,2,600.0,900.0,750.0,2.2,3.2,2.7,20252,True
078139,D290,CS,SCIGLIANO,2,2,320.0,455.0,387.5,1.35,2.0,1.68,20252,True
054036,G212,PG,PACIANO,2,2,485.0,645.0,565.0,1.75,2.4,2.08,20252,True
096039,F878,BI,NETRO,2,2,252.5,342.5,297.5,1.6,2.2,1.9,20252,True
041061,I654,PU,SERRA SANT'ABBONDIO,3,3,590.0,790.0,690.0,2.6,3.6,3.1,20252,True
070041,F391,CB,MONTAGANO,2,2,300.0,450.0,375.0,1.75,2.55,2.15,20252,True
017124,G074,BS,ONO SAN PIETRO,2,1,710.0,970.0,840.0,2.2,3.4,2.8,20252,True
078098,G615,CS,PIETRAFITTA,2,2,365.0,485.0,425.0,1.55,2.3,1.93,20252,True
079027,C542,CZ,CERVA,2,2,470.0,570.0,520.0,1.65,2.0,1.83,20252,True
032002,F378,TS,MONRUPINO,2,2,1100.0,1600.0,1350.0,3.7,5.5,4.6,20252,True
005093,H392,AT,ROCCA D'ARAZZO,2,2,362.5,537.5,450.0,1.7,2.0,1.85,20252,True
078088,G129,CS,ORSOMARSO,2,2,330.0,420.0,375.0,1.2,1.7,1.45,20252,True
016205,I916,BG,SPINONE AL LAGO,2,2,940.0,1095.0,1017.5,3.75,4.8,4.28,20252,True
111088,I995,SU,SUELLI,2,1,475.0,600.0,537.5,1.65,2.25,1.95,20252,True
111006,B250,SU,BUGGERRU,2,1,725.0,1000.0,862.5,2.6,3.6,3.1,20252,True
102007,D253,VV,DASA',2,2,312.5,430.0,371.25,1.35,1.75,1.55,20252,True
031011,F081,GO,MEDEA,2,2,550.0,655.0,602.5,2.35,3.1,2.73,20252,True
056004,A628,VT,BARBARANO ROMANO,3,2,550.0,825.0,687.5,2.6,3.6,3.1,20252,True
016107,D903,BG,GANDELLINO,2,1,725.0,1000.0,862.5,2.9,4.3,3.6,20252,True
055026,G432,TR,PENNA IN TEVERINA,2,2,600.0,900.0,750.0,3.0,5.0,4.0,20252,True
031019,H845,GO,SAN FLORIANO DEL COLLIO,2,2,515.0,595.0,555.0,2.25,3.05,2.65,20252,True
005018,B633,AT,CANTARANA,2,2,355.0,527.5,441.25,1.85,2.3,2.08,20252,True
003129,H213,NO,RECETTO,2,1,690.0,1010.0,850.0,2.1,2.95,2.52,20252,True
064120,M203,AV,ZUNGOLI,2,2,377.5,457.5,417.5,1.6,2.0,1.8,20252,True
018051,C813,PV,CODEVILLA,2,1,710.0,800.0,755.0,,,,20252,True
016247,D111,BG,COSTA SERINA,2,1,730.0,885.0,807.5,3.8,4.6,4.2,20252,True
083065,G234,ME,PAGLIARA,3,2,445.0,560.0,502.5,2.0,2.7,2.35,20252,True
001267,I886,TO,SPARONE,2,1,390.0,590.0,490.0,1.8,2.7,2.25,20252,True
018165,L453,PV,TROVO,2,1,890.0,980.0,935.0,2.2,2.4,2.3,20252,True
006040,B902,AL,CASALNOCETO,2,2,685.0,825.0,755.0,2.35,3.05,2.7,20252,True
093011,C217,PN,CASTELNOVO DEL FRIULI,2,2,430.0,600.0,515.0,1.5,2.2,1.85,20252,True
083043,E855,ME,MALFA,3,3,2000.0,2900.0,2450.0,6.6,9.8,8.2,20252,True
076084,H730,PZ,SAVOIA DI LUCANIA,2,2,330.0,412.5,371.25,1.1,1.5,1.3,20252,True
004051,C173,CN,CASTELLINALDO D'ALBA,2,2,600.0,860.0,730.0,2.8,3.8,3.3,20252,True
013192,H074,CO,PROSERPIO,2,1,825.0,1200.0,1012.5,3.0,4.0,3.5,20252,True
101023,I468,KR,SAVELLI,2,1,415.0,480.0,447.5,1.1,1.4,1.25,20252,True
033016,C838,PC,COLI,2,2,445.0,655.0,550.0,1.45,2.15,1.8,20252,True
044016,D096,AP,COSSIGNANO,3,3,475.0,690.0,582.5,1.9,2.7,2.3,20252,True
006179,L881,AL,VIGNALE MONFERRATO,2,2,395.0,590.0,492.5,1.95,2.9,2.42,20252,True
034022,F340,PR,MONCHIO DELLE CORTI,2,2,297.5,377.5,337.5,1.0,1.2,1.1,20252,True
001159,F411,TO,MONTALENGHE,2,1,490.0,735.0,612.5,2.5,3.7,3.1,20252,True
004146,F811,CN,MURELLO,2,2,670.0,960.0,815.0,2.5,3.6,3.05,20252,True
102039,I853,VV,SORIANELLO,2,2,282.5,380.0,331.25,1.15,1.5,1.32,20252,True
082003,A203,PA,ALIMINUSA,2,2,270.0,385.0,327.5,1.0,1.3,1.15,20252,True
065064,E767,SA,LUSTRA,2,2,525.0,665.0,595.0,1.5,1.85,1.68,20252,True
018018,B038,PV,BORGO SAN SIRO,3,2,780.0,880.0,830.0,,,,20252,True
019030,C678,CR,CICOGNOLO,2,2,450.0,600.0,525.0,2.5,3.5,3.0,20252,True
080091,I955,RC,STIGNANO,2,2,362.5,515.0,438.75,1.15,1.6,1.38,20252,True
091003,A492,NU,ATZARA,2,1,490.0,720.0,605.0,1.75,2.45,2.1,20252,True
064016,B590,AV,CANDIDA,2,2,492.5,610.0,551.25,2.1,2.55,2.33,20252,True
008016,C511,IM,CERIANA,3,3,800.0,1200.0,1000.0,4.0,5.8,4.9,20252,True
065026,B868,SA,CASALBUONO,2,2,475.0,605.0,540.0,1.45,1.85,1.65,20252,True
065085,G121,SA,ORRIA,2,2,525.0,635.0,580.0,1.4,1.75,1.57,20252,True
077025,H888,MT,SAN GIORGIO LUCANO,4,4,320.0,480.0,400.0,1.0,1.5,1.25,20252,True
096066,L075,BI,TAVIGLIANO,3,1,340.0,472.5,406.25,2.1,2.85,2.48,20252,True
068003,A945,PE,BOLOGNANO,3,3,385.0,570.0,477.5,1.8,2.65,2.22,20252,True
012023,B219,VA,BRUNELLO,3,2,1000.0,1250.0,1125.0,3.5,5.25,4.38,20252,True
043039,G690,MC,PIORACO,3,3,500.0,750.0,625.0,1.7,2.6,2.17,20252,True
078152,L524,CS,VACCARIZZO ALBANESE,2,2,370.0,465.0,417.5,1.55,2.05,1.8,20252,True
025067,M124,BL,VOLTAGO AGORDINO,3,3,635.0,785.0,710.0,2.3,3.3,2.75,20252,True
007015,C595,AO,CHAMBAVE,2,2,950.0,1250.0,1100.0,2.75,3.4,3.08,20252,True
103006,A534,VB,BACENO,5,5,850.0,1150.0,1000.0,3.0,4.0,3.5,20252,True
004074,D093,CN,COSSANO BELBO,2,2,770.0,1150.0,960.0,2.7,3.6,3.15,20252,True
001096,D197,TO,CUCEGLIO,2,1,455.0,680.0,567.5,2.55,3.85,3.2,20252,True
078071,E835,CS,MAIERA',2,2,360.0,485.0,422.5,1.45,2.1,1.77,20252,True
022131,G173,TN,OSSANA,3,1,1600.0,1800.0,1700.0,5.0,5.8,5.4,20252,True
111055,G669,SU,PIMENTEL,2,1,475.0,600.0,537.5,1.6,2.1,1.85,20252,True
064045,E746,AV,LUOGOSANO,2,2,407.5,497.5,452.5,1.6,2.05,1.82,20252,True
094025,E778,IS,MACCHIA D'ISERNIA,3,2,410.0,615.0,512.5,,,,20252,True
078129,I171,CS,SANTA CATERINA ALBANESE,4,4,330.0,470.0,400.0,1.35,1.95,1.65,20252,True
060088,A081,FR,VILLA LATINA,3,3,360.0,510.0,435.0,,,,20252,True
111104,M016,SU,VILLASALTO,2,1,475.0,600.0,537.5,1.6,2.1,1.85,20252,True
078053,D582,CS,FIGLINE VEGLIATURO,3,3,405.0,590.0,497.5,1.85,2.55,2.2,20252,True
079074,E991,CZ,MARTIRANO LOMBARDO,5,5,460.0,560.0,510.0,1.55,1.95,1.75,20252,True
065094,G509,SA,PETINA,2,2,530.0,735.0,632.5,1.65,2.15,1.9,20252,True
076061,G623,PZ,PIETRAPERTOSA,2,2,312.5,405.0,358.75,1.05,1.4,1.23,20252,True
021103,L455,BZ,TUBRE .TAUFERS IM MUENSTERTAL.,2,2,1950.0,2400.0,2175.0,4.9,5.95,5.42,20252,True
001285,L578,TO,VALGIOIE,2,1,540.0,810.0,675.0,3.3,4.9,4.1,20252,True
014012,B530,SO,CAMPODOLCINO,7,6,1375.0,1725.0,1550.0,4.25,5.4,4.8,20252,True
111061,H766,SU,SAN BASILIO,2,1,425.0,575.0,500.0,1.6,2.1,1.85,20252,True
025007,A982,BL,BORCA DI CADORE,3,3,1750.0,2000.0,1875.0,3.3,4.6,3.95,20252,True
001056,B733,TO,CARAVINO,2,1,360.0,535.0,447.5,2.2,3.2,2.7,20252,True
043035,G436,MC,PENNA SAN GIOVANNI,2,2,550.0,825.0,687.5,1.95,2.95,2.45,20252,True
053020,H417,GR,ROCCALBEGNA,2,2,510.0,760.0,635.0,2.2,3.2,2.7,20252,True
078130,I183,CS,SANTA DOMENICA TALAO,2,2,380.0,470.0,425.0,1.6,2.1,1.85,20252,True
098057,L125,LO,TERRANOVA DEI PASSERINI,2,2,880.0,1050.0,965.0,4.2,4.7,4.45,20252,True
016185,H544,BG,RONCOLA,2,1,690.0,840.0,765.0,3.5,4.35,3.92,20252,True
070067,H928,CB,SAN GIULIANO DEL SANNIO,2,2,300.0,450.0,375.0,1.55,2.3,1.93,20252,True
080083,I371,RC,SANTO STEFANO IN ASPROMONTE,3,3,400.0,560.0,480.0,1.4,1.9,1.65,20252,True
022036,B514,TN,CAMPITELLO DI FASSA,2,1,3400.0,4200.0,3800.0,11.0,13.0,12.0,20252,True
087026,F214,CT,MILO,2,2,430.0,600.0,515.0,1.5,2.0,1.75,20252,True
005067,F323,AT,MONALE,2,2,355.0,515.0,435.0,1.85,2.15,2.0,20252,True
030003,A267,UD,AMPEZZO,2,2,570.0,850.0,710.0,2.1,3.1,2.6,20252,True
091066,G146,NU,ORTUERI,2,1,410.0,590.0,500.0,1.3,1.9,1.6,20252,True
083069,H151,ME,RACCUJA,2,2,360.0,510.0,435.0,1.9,2.5,2.2,20252,True
030110,I777,UD,SOCCHIEVE,2,2,570.0,850.0,710.0,2.1,3.1,2.6,20252,True
030002,A254,UD,AMARO,2,2,590.0,860.0,725.0,2.2,3.2,2.7,20252,True
001245,H900,TO,SAN GIORIO DI SUSA,2,1,465.0,695.0,580.0,2.95,4.4,3.67,20252,True
025066,M108,BL,VODO CADORE,3,3,1100.0,1400.0,1250.0,3.9,4.5,4.2,20252,True
003039,B883,NO,CASALEGGIO NOVARA,2,1,890.0,1300.0,1095.0,2.6,3.8,3.2,20252,True
016130,E770,BG,LUZZANA,2,1,850.0,950.0,900.0,3.9,4.8,4.35,20252,True
030086,H089,UD,PULFERO,2,2,410.0,590.0,500.0,1.4,2.0,1.7,20252,True
019078,H130,CR,QUINTANO,2,2,450.0,700.0,575.0,3.0,4.0,3.5,20252,True
076074,H796,PZ,SAN CHIRICO RAPARO,2,2,330.0,412.5,371.25,1.1,1.45,1.27,20252,True
014077,L907,SO,VILLA DI CHIAVENNA,3,3,600.0,900.0,750.0,2.0,3.0,2.5,20252,True
096005,A876,BI,BIOGLIO,3,2,260.0,365.0,312.5,1.75,2.45,2.1,20252,True
004056,C317,CN,CASTIGLIONE TINELLA,2,2,745.0,1090.0,917.5,2.7,3.6,3.15,20252,True
078043,C905,CS,COLOSIMI,3,3,320.0,455.0,387.5,1.4,2.05,1.73,20252,True
078046,D180,CS,CROPALATI,2,2,335.0,425.0,380.0,1.5,2.0,1.75,20252,True
014041,F115,SO,MELLO,5,4,725.0,900.0,812.5,2.35,3.0,2.67,20252,True
005073,F390,AT,MONTAFIA,2,2,420.0,612.5,516.25,1.9,2.15,2.02,20252,True
030081,H002,UD,PRATO CARNICO,2,2,570.0,850.0,710.0,2.1,3.1,2.6,20252,True
069069,H052,CH,PRETORO,3,3,490.0,725.0,607.5,2.25,3.35,2.8,20252,True
019096,I790,CR,SOLAROLO RAINERIO,2,2,400.0,550.0,475.0,2.5,3.5,3.0,20252,True
103029,D374,VB,DRUOGNO,3,3,900.0,1350.0,1125.0,3.4,4.8,4.1,20252,True
001174,G152,TO,OSASIO,2,1,565.0,845.0,705.0,2.95,4.4,3.67,20252,True
079094,G517,CZ,PETRIZZI,2,2,487.5,585.0,536.25,1.65,2.0,1.83,20252,True
065103,H062,SA,PRIGNANO CILENTO,2,2,525.0,635.0,580.0,1.35,1.65,1.5,20252,True
002122,H364,VC,ROVASENDA,2,1,455.0,680.0,567.5,2.05,3.15,2.6,20252,True
095087,L006,OR,SUNI,2,1,520.0,640.0,580.0,1.2,1.6,1.4,20252,True
057068,L189,RI,TOFFIA,2,1,575.0,875.0,725.0,3.0,4.0,3.5,20252,True
111099,L992,SU,VILLANOVA TULO,2,1,380.0,570.0,475.0,1.2,1.8,1.5,20252,True
094027,F239,IS,MIRANDA,3,2,260.0,390.0,325.0,,,,20252,True
007012,B230,AO,BRUSSON,3,3,1700.0,2400.0,2050.0,4.9,6.55,5.72,20252,True
065059,E365,SA,ISPANI,3,3,760.0,1000.0,880.0,2.3,3.4,2.85,20252,True
006165,I901,AL,SPIGNO MONFERRATO,2,2,390.0,585.0,487.5,1.5,2.25,1.88,20252,True
030132,L801,UD,VERZEGNIS,2,2,440.0,650.0,545.0,1.5,2.2,1.85,20252,True
004008,A555,CN,BAGNASCO,2,2,620.0,905.0,762.5,2.5,3.6,3.05,20252,True
022163,H639,TN,RUMO,2,1,1200.0,1400.0,1300.0,3.2,4.1,3.65,20252,True
006033,B818,AL,CARPENETO,2,2,620.0,805.0,712.5,2.25,3.1,2.67,20252,True
109007,D760,FM,FRANCAVILLA D'ETE,2,2,475.0,690.0,582.5,1.9,2.7,2.3,20252,True
003002,A264,NO,AMENO,3,2,790.0,1150.0,970.0,2.6,3.75,3.17,20252,True
001080,C639,TO,CHIOMONTE,4,3,455.0,680.0,567.5,3.35,4.95,4.15,20252,True
016092,D352,BG,DOSSENA,2,1,645.0,735.0,690.0,3.4,3.9,3.65,20252,True
019063,G047,CR,OLMENETA,2,2,400.0,600.0,500.0,2.5,3.5,3.0,20252,True
016186,H584,BG,ROTA D'IMAGNA,2,2,710.0,870.0,790.0,3.7,4.6,4.15,20252,True
076072,H646,PZ,RUVO DEL MONTE,2,2,325.0,392.5,358.75,1.05,1.4,1.23,20252,True
041016,D791,PU,FRATTE ROSA,2,2,590.0,770.0,680.0,2.3,3.0,2.68,20252,True
082040,E074,PA,GODRANO,2,2,295.0,430.0,362.5,1.0,1.3,1.15,20252,True
004135,F408,CN,MONTALDO ROERO,2,2,645.0,890.0,767.5,2.8,3.8,3.3,20252,True
006061,C977,AL,CONZANO,2,2,542.5,710.0,626.25,1.6,2.2,1.9,20252,True
043051,I651,MC,SERRAPETRONA,3,3,325.0,525.0,425.0,1.15,2.1,1.6,20252,True
102028,G728,VV,PIZZONI,2,2,282.5,370.0,326.25,1.2,1.5,1.35,20252,True
007005,A452,AO,ARVIER,2,2,900.0,1300.0,1100.0,4.2,6.3,5.25,20252,True
066017,B606,AQ,CANISTRO,2,2,330.0,470.0,400.0,0.95,1.4,1.18,20252,True
016180,H331,BG,RIVA DI SOLTO,2,2,995.0,1150.0,1072.5,4.6,6.85,5.72,20252,True
111091,L463,SU,TUILI,2,1,405.0,522.5,463.75,1.6,2.1,1.85,20252,True
018011,A712,PV,BASTIDA PANCARANA,2,1,750.0,820.0,785.0,,,,20252,True
096006,B058,BI,BORRIANA,2,1,260.0,365.0,312.5,1.75,2.5,2.12,20252,True
080062,G905,RC,PORTIGLIOLA,2,2,407.5,570.0,488.75,1.25,1.65,1.45,20252,True
067046,L597,TE,VALLE CASTELLANA,3,3,370.0,545.0,457.5,1.25,1.85,1.55,20252,True
097067,G456,LC,PERLEDO,2,2,975.0,1300.0,1137.5,3.5,4.9,4.2,20252,True
006129,G619,AL,PIETRA MARAZZI,2,2,710.0,845.0,777.5,2.75,3.4,3.08,20252,True
061045,E570,CE,LIBERI,2,1,500.0,700.0,600.0,1.4,2.1,1.75,20252,True
067027,F500,TE,MONTEFINO,2,2,405.0,605.0,505.0,1.4,2.0,1.7,20252,True
101016,G278,KR,PALLAGORIO,2,1,350.0,480.0,415.0,1.0,1.4,1.2,20252,True
089004,B287,SR,BUSCEMI,2,2,360.0,520.0,440.0,1.2,1.8,1.5,20252,True
004197,H578,CN,ROSSANA,2,2,590.0,865.0,727.5,2.5,3.6,3.05,20252,True
018157,L256,PV,TORRE D'ARESE,2,1,790.0,930.0,860.0,,,,20252,True
083102,L482,ME,UCRIA,2,1,387.5,575.0,481.25,1.6,2.1,1.85,20252,True
101006,C501,KR,CERENZIA,2,1,380.0,530.0,455.0,1.1,1.6,1.35,20252,True
022176,I839,TN,SORAGA DI FASSA,3,1,2800.0,3500.0,3150.0,,,,20252,True
006171,L139,AL,TERRUGGIA,2,2,445.0,610.0,527.5,1.9,2.65,2.27,20252,True
043058,M382,MC,VALFORNACE,5,5,375.0,550.0,462.5,1.3,2.05,1.68,20252,True
006097,F313,AL,MOMBELLO MONFERRATO,2,1,400.0,600.0,500.0,1.6,2.4,2.0,20252,True
078111,H765,CS,SAN BASILE,2,2,270.0,375.0,322.5,1.3,1.65,1.48,20252,True
061024,C097,CE,CASTEL DI SASSO,3,2,450.0,675.0,562.5,1.3,1.95,1.62,20252,True
023033,D420,VR,ERBEZZO,2,2,570.0,840.0,705.0,,,,20252,True
083087,I254,ME,SANTA MARINA SALINA,2,2,1900.0,2850.0,2375.0,6.8,10.0,8.4,20252,True
029051,L988,RO,VILLANOVA MARCHESANA,2,2,655.0,870.0,762.5,2.0,2.6,2.3,20252,True
085001,A049,CL,ACQUAVIVA PLATANI,2,2,250.0,350.0,300.0,1.0,1.4,1.2,20252,True
057008,A996,RI,BORGO VELINO,2,1,575.0,850.0,712.5,2.35,3.3,2.83,20252,True
076026,C345,PZ,CASTRONUOVO DI SANT'ANDREA,2,2,322.5,395.0,358.75,1.1,1.45,1.27,20252,True
109027,F697,FM,MONTOTTONE,2,2,575.0,825.0,700.0,2.3,3.5,2.9,20252,True
066076,H056,AQ,PREZZA,2,2,390.0,570.0,480.0,1.4,1.7,1.55,20252,True
014074,L638,SO,VAL MASINO,5,5,800.0,1000.0,900.0,2.6,3.3,2.95,20252,True
070016,C346,CB,CASTROPIGNANO,2,2,300.0,450.0,375.0,1.65,2.45,2.05,20252,True
016119,E192,BG,GRONE,3,2,690.0,825.0,762.5,3.35,4.35,3.85,20252,True
095066,L321,OR,TRAMATZA,2,2,330.0,480.0,405.0,1.35,1.95,1.65,20252,True
111090,L337,SU,TRATALIAS,2,1,475.0,625.0,550.0,1.65,2.25,1.95,20252,True
096074,L620,BI,VALLE SAN NICOLAO,4,2,260.0,360.0,310.0,1.7,2.4,2.05,20252,True
111102,M278,SU,VILLAPERUCCIO,2,1,475.0,625.0,550.0,1.65,2.25,1.95,20252,True
057014,C224,RI,CASTELNUOVO DI FARFA,2,1,525.0,775.0,650.0,3.15,4.15,3.65,20252,True
018094,F417,PV,MONTALTO PAVESE,2,1,750.0,820.0,785.0,,,,20252,True
009047,G281,SV,PALLARE,3,2,437.5,625.0,531.25,1.35,1.7,1.52,20252,True
062013,B541,BN,CAMPOLATTARO,2,2,475.0,575.0,525.0,2.2,2.75,2.47,20252,True
010041,F862,GE,NEIRONE,4,4,470.0,700.0,585.0,2.3,3.4,2.85,20252,True
002006,A358,VC,ARBORIO,2,1,502.5,745.0,623.75,2.15,3.3,2.72,20252,True
006044,C030,AL,CASSINELLE,2,2,430.0,645.0,537.5,1.7,2.5,2.1,20252,True
004108,E546,CN,LESEGNO,3,3,545.0,795.0,670.0,2.4,3.5,2.95,20252,True
080075,I102,RC,SAN PIETRO DI CARIDA',3,3,335.0,460.0,397.5,1.35,1.9,1.62,20252,True
102046,L699,VV,VAZZANO,2,2,285.0,380.0,332.5,1.35,1.7,1.52,20252,True
095075,M168,OR,ZERFALIU,2,2,270.0,405.0,337.5,1.1,1.55,1.33,20252,True
002021,B280,VC,BURONZO,2,1,537.5,795.0,666.25,2.25,3.45,2.85,20252,True
097015,B937,LC,CASARGO,2,2,850.0,1125.0,987.5,3.4,4.35,3.88,20252,True
051014,C648,AR,CHITIGNANO,2,2,725.0,1075.0,900.0,2.5,3.7,3.1,20252,True
045004,B979,MS,CASOLA IN LUNIGIANA,2,2,525.0,785.0,655.0,,,,20252,True
070027,E244,CB,GUARDIALFIERA,2,2,320.0,480.0,400.0,1.75,2.6,2.17,20252,True
022134,G305,TN,PANCHIA',3,1,1900.0,2400.0,2150.0,7.0,9.0,8.0,20252,True
042042,I071,AN,SAN PAOLO DI JESI,2,2,460.0,680.0,570.0,1.55,2.2,1.88,20252,True
083083,I184,ME,SANTA DOMENICA VITTORIA,2,1,342.5,500.0,421.25,1.75,2.35,2.05,20252,True
111085,I735,SU,SILIUS,2,1,475.0,600.0,537.5,1.6,2.1,1.85,20252,True
018008,A634,PV,BARBIANELLO,2,1,770.0,910.0,840.0,,,,20252,True
069032,D592,CH,FILETTO,2,2,455.0,675.0,565.0,2.05,3.0,2.52,20252,True
005071,F361,AT,MONGARDINO,2,2,410.0,610.0,510.0,1.9,2.1,2.0,20252,True
003159,L847,NO,VICOLUNGO,2,1,860.0,1250.0,1055.0,2.5,3.5,3.0,20252,True
066052,E724,AQ,LUCOLI,2,2,512.5,745.0,628.75,1.5,2.15,1.83,20252,True
095026,F050,OR,MASULLAS,2,2,280.0,415.0,347.5,1.05,1.5,1.27,20252,True
051027,G139,AR,ORTIGNANO RAGGIOLO,2,2,665.0,965.0,815.0,2.35,3.45,2.9,20252,True
007041,E470,AO,LA THUILE,2,2,2250.0,3250.0,2750.0,4.1,5.9,5.0,20252,True
022137,G428,TN,PELLIZZANO,5,3,1200.0,1300.0,1250.0,3.9,5.2,4.55,20252,True
011005,A961,SP,BONASSOLA,3,3,2850.0,4200.0,3525.0,8.5,12.5,10.5,20252,True
070068,H929,CB,SAN GIULIANO DI PUGLIA,2,2,300.0,450.0,375.0,,,,20252,True
041064,L078,PU,TAVOLETO,2,2,650.0,875.0,762.5,2.3,3.1,2.7,20252,True
069100,L961,CH,VILLALFONSINA,2,2,490.0,730.0,610.0,2.25,3.35,2.8,20252,True
080006,A544,RC,BAGALADI,3,3,445.0,660.0,552.5,1.5,2.2,1.85,20252,True
103049,G007,VB,OGGEBBIO,2,2,1000.0,1450.0,1225.0,3.7,5.3,4.5,20252,True
022177,I871,TN,SOVER,4,3,1200.0,1300.0,1250.0,3.5,4.5,4.0,20252,True
003146,L223,NO,TORNACO,2,1,690.0,1010.0,850.0,2.1,2.95,2.52,20252,True
016082,D015,BG,CORNA IMAGNA,2,2,660.0,810.0,735.0,3.4,4.2,3.8,20252,True
019045,D834,CR,GABBIONETA BINANUOVA,3,3,450.0,600.0,525.0,2.75,3.5,3.12,20252,True
005068,F325,AT,MONASTERO BORMIDA,2,2,390.0,580.0,485.0,2.1,2.5,2.3,20252,True
021064,G299,BZ,PLAUS .PLAUS.,3,2,1900.0,2400.0,2150.0,5.65,7.55,6.6,20252,True
001291,L726,TO,VENAUS,2,1,475.0,710.0,592.5,2.5,3.7,3.1,20252,True
090011,A976,SS,BONNANARO,2,1,415.0,610.0,512.5,1.8,2.6,2.2,20252,True
003098,F191,NO,MIASINO,5,3,1060.0,1525.0,1292.5,3.25,4.6,3.92,20252,True
083073,H380,ME,ROCCAVALDINA,3,2,495.0,705.0,600.0,1.3,1.8,1.55,20252,True
008058,I796,IM,SOLDANO,3,3,1100.0,1600.0,1350.0,5.4,7.0,6.1,20252,True
065024,B608,SA,CANNALONGA,2,2,525.0,635.0,580.0,1.5,1.75,1.62,20252,True
005070,F343,AT,MONCUCCO TORINESE,2,2,350.0,520.0,435.0,1.7,2.2,1.95,20252,True
001289,L685,TO,VARISELLA,2,1,550.0,820.0,685.0,2.5,3.7,3.1,20252,True
094006,B682,IS,CAPRACOTTA,2,2,440.0,660.0,550.0,,,,20252,True
069062,G294,CH,PALOMBARO,2,2,362.5,540.0,451.25,1.45,2.15,1.8,20252,True
006172,L143,AL,TERZO,2,1,620.0,710.0,665.0,2.3,2.9,2.6,20252,True
043045,H323,MC,RIPE SAN GINESIO,2,2,600.0,875.0,737.5,2.25,3.3,2.77,20252,True
006183,L963,AL,VILLALVERNIA,2,2,550.0,705.0,627.5,1.75,2.2,1.98,20252,True
017157,H077,BS,PROVAGLIO VAL SABBIA,2,2,600.0,800.0,700.0,1.85,2.65,2.25,20252,True
069082,H991,CH,SAN MARTINO SULLA MARRUCINA,2,2,455.0,675.0,565.0,2.05,3.0,2.52,20252,True
066034,C766,AQ,CIVITA D'ANTINO,2,2,315.0,470.0,392.5,1.05,1.55,1.3,20252,True
102005,B655,VV,CAPISTRANO,2,2,297.5,375.0,336.25,1.3,1.6,1.45,20252,True
062033,D755,BN,FRAGNETO L'ABATE,2,2,575.0,725.0,650.0,2.7,3.6,3.15,20252,True
006088,E543,AL,LERMA,2,2,580.0,735.0,657.5,2.15,2.85,2.5,20252,True
083051,F242,ME,MIRTO,2,2,397.5,575.0,486.25,1.5,2.1,1.8,20252,True
022181,I925,TN,SPORMINORE,2,1,1200.0,1400.0,1300.0,4.0,4.5,4.25,20252,True
012024,B228,VA,BRUSIMPIANO,3,2,1125.0,1475.0,1300.0,3.75,5.5,4.62,20252,True
068023,F441,PE,MONTEBELLO DI BERTONA,2,2,355.0,530.0,442.5,1.8,2.7,2.25,20252,True
056033,E713,VT,LUBRIANO,2,1,550.0,800.0,675.0,2.4,3.4,2.9,20252,True
103048,F932,VB,NONIO,2,2,600.0,850.0,725.0,2.4,3.2,2.8,20252,True
001177,G262,TO,PALAZZO CANAVESE,2,1,420.0,630.0,525.0,2.05,3.05,2.55,20252,True
030135,M073,UD,VISCO,2,2,575.0,835.0,705.0,2.45,3.65,3.05,20252,True
082082,M268,PA,BLUFI,5,5,292.5,407.5,350.0,0.95,1.3,1.12,20252,True
005011,B236,AT,BUBBIO,2,2,445.0,640.0,542.5,2.1,2.8,2.45,20252,True
018131,H614,PV,ROVESCALA,2,1,770.0,870.0,820.0,,,,20252,True
003041,B920,NO,CASALVOLONE,2,1,680.0,995.0,837.5,2.15,2.95,2.55,20252,True
091088,L036,NU,TALANA,2,1,490.0,640.0,565.0,1.3,1.8,1.55,20252,True
018161,L292,PV,TORRICELLA VERZATE,3,2,740.0,890.0,815.0,,,,20252,True
066029,C126,AQ,CASTELLAFIUME,2,2,350.0,520.0,435.0,0.95,1.4,1.18,20252,True
013059,C220,CO,CASTELNUOVO BOZZENTE,2,1,1100.0,1200.0,1150.0,3.5,4.4,3.95,20252,True
066108,M090,AQ,VITTORITO,2,2,400.0,590.0,495.0,1.35,1.9,1.65,20252,True
002047,D113,VC,COSTANZANA,2,1,675.0,965.0,820.0,2.4,3.7,3.05,20252,True
022108,E664,TN,LONA LASES,6,2,1300.0,1500.0,1400.0,3.5,4.5,4.0,20252,True
068034,H425,PE,ROCCAMORICE,2,2,375.0,560.0,467.5,1.8,2.65,2.22,20252,True
009067,L823,SV,VEZZI PORTIO,2,2,900.0,1300.0,1100.0,2.7,3.5,3.1,20252,True
076021,C120,PZ,CASTELGRANDE,2,2,330.0,397.5,363.75,1.1,1.5,1.3,20252,True
005115,L834,AT,VIARIGI,2,2,367.5,547.5,457.5,2.0,2.35,2.17,20252,True
066106,M031,AQ,VILLAVALLELONGA,2,2,285.0,425.0,355.0,0.9,1.3,1.1,20252,True
024121,M194,VI,ZOVENCEDO,2,1,710.0,850.0,780.0,,,,20252,True
004090,D751,CN,FRABOSA SOPRANA,4,4,685.0,1005.0,845.0,2.5,3.6,3.05,20252,True
065123,I031,SA,SAN MAURO CILENTO,3,3,760.0,1000.0,880.0,1.9,2.8,2.35,20252,True
094016,C769,IS,CIVITANOVA DEL SANNIO,2,2,310.0,465.0,387.5,,,,20252,True
004121,E988,CN,MARTINIANA PO,2,2,635.0,925.0,780.0,2.5,3.6,3.05,20252,True
018147,I487,PV,SCALDASOLE,2,1,780.0,950.0,865.0,,,,20252,True
069036,D796,CH,FRESAGRANDINARIA,2,2,362.5,540.0,451.25,1.45,2.15,1.8,20252,True
016110,D943,BG,GAVERINA TERME,2,1,850.0,950.0,900.0,3.9,4.8,4.35,20252,True
013119,E405,CO,LAGLIO,3,2,1600.0,2100.0,1850.0,6.5,8.5,7.5,20252,True
080059,G729,RC,PLACANICA,3,3,355.0,530.0,442.5,1.2,1.8,1.5,20252,True
082066,I174,PA,SANTA CRISTINA GELA,2,2,340.0,440.0,390.0,1.1,1.5,1.3,20252,True
056032,E467,VT,LATERA,2,1,500.0,700.0,600.0,2.6,3.6,3.1,20252,True
056040,G065,VT,ONANO,2,1,400.0,600.0,500.0,2.3,3.2,2.75,20252,True
066080,H399,AQ,ROCCA DI BOTTE,2,2,490.0,730.0,610.0,1.6,2.3,1.95,20252,True
001247,H997,TO,SAN MARTINO CANAVESE,2,1,385.0,575.0,480.0,1.95,2.95,2.45,20252,True
016002,A058,BG,ADRARA SAN ROCCO,2,1,650.0,800.0,725.0,3.6,4.45,4.02,20252,True
007033,E168,AO,GRESSONEY-SAINT-JEAN,5,5,1600.0,2300.0,1950.0,6.1,9.1,7.6,20252,True
022130,G168,TN,OSPEDALETTO,3,1,1000.0,1100.0,1050.0,2.5,3.0,2.75,20252,True
033041,G788,PC,SAN PIETRO IN CERRO,2,2,510.0,765.0,637.5,1.7,2.55,2.12,20252,True
096054,H553,BI,ROPPOLO,2,1,285.0,412.5,348.75,1.9,2.75,2.33,20252,True
013211,I529,CO,SCHIGNANO,2,1,825.0,1050.0,937.5,3.1,3.95,3.52,20252,True
023090,L722,VR,VELO VERONESE,2,2,615.0,875.0,745.0,,,,20252,True
008044,G814,IM,POMPEIANA,3,3,1300.0,1800.0,1550.0,4.2,6.1,5.15,20252,True
064021,B997,AV,CASSANO IRPINO,3,3,390.0,475.0,432.5,1.7,2.1,1.93,20252,True
070032,E599,CB,LIMOSANO,2,2,270.0,400.0,335.0,1.55,2.25,1.9,20252,True
069051,F433,CH,MONTAZZOLI,2,2,362.5,540.0,451.25,1.45,2.15,1.8,20252,True
001163,F733,TO,MORIONDO TORINESE,2,1,520.0,780.0,650.0,2.95,4.45,3.7,20252,True
102038,I744,VV,SIMBARIO,2,2,290.0,372.5,331.25,1.25,1.55,1.4,20252,True
066031,C279,AQ,CASTELVECCHIO SUBEQUO,2,2,340.0,495.0,417.5,1.05,1.55,1.3,20252,True
022093,E065,TN,GIUSTINO,3,1,2500.0,2900.0,2700.0,6.5,7.0,6.75,20252,True
077010,E093,MT,GORGOGLIONE,3,3,370.0,550.0,460.0,1.0,1.4,1.2,20252,True
060065,I256,FR,SANT'AMBROGIO SUL GARIGLIANO,3,3,270.0,350.0,310.0,,,,20252,True
022170,I439,TN,SARNONICO,4,2,1250.0,1450.0,1350.0,3.0,4.1,3.55,20252,True
058053,B632,RM,MANDELA,2,1,675.0,1000.0,837.5,2.55,3.65,3.1,20252,True
094040,H420,IS,ROCCAMANDOLFI,2,2,240.0,360.0,300.0,,,,20252,True
044065,H588,AP,ROTELLA,2,2,475.0,690.0,582.5,1.8,2.8,2.3,20252,True
090073,L235,SS,TORRALBA,2,1,450.0,650.0,550.0,1.9,2.7,2.3,20252,True
024010,A467,VI,ASIGLIANO VENETO,2,2,705.0,835.0,770.0,,,,20252,True
095056,I717,OR,SIAMAGGIORE,2,2,380.0,560.0,470.0,1.5,2.2,1.85,20252,True
018032,B945,PV,CASATISMA,2,1,750.0,820.0,785.0,,,,20252,True
013185,G737,CO,PLESIO,2,1,800.0,1200.0,1000.0,3.0,4.5,3.75,20252,True
029010,B582,RO,CANDA,2,2,640.0,885.0,762.5,2.0,2.6,2.3,20252,True
010065,L546,GE,VALBREVENNA,2,2,410.0,610.0,510.0,2.0,2.9,2.45,20252,True
017051,C591,BS,CEVO,2,2,680.0,925.0,802.5,2.1,3.2,2.65,20252,True
065092,G455,SA,PERITO,2,2,525.0,635.0,580.0,1.5,1.75,1.62,20252,True
071002,A150,FG,ALBERONA,2,1,350.0,500.0,425.0,1.2,1.8,1.5,20252,True
009009,A647,SV,BARDINETO,3,2,465.0,665.0,565.0,1.55,2.1,1.82,20252,True
082041,E149,PA,GRATTERI,2,2,345.0,510.0,427.5,1.4,1.8,1.6,20252,True
003104,F886,NO,NIBBIOLA,2,1,860.0,1250.0,1055.0,2.5,3.5,3.0,20252,True
076065,H187,PZ,RAPONE,2,2,345.0,407.5,376.25,1.15,1.45,1.3,20252,True
021009,B116,BZ,BRAIES .PRAGS.,3,2,2200.0,2650.0,2425.0,5.5,6.65,6.08,20252,True
018063,D594,PV,FILIGHERA,2,1,790.0,960.0,875.0,,,,20252,True
043034,F793,MC,MUCCIA,2,2,500.0,675.0,587.5,1.65,2.55,2.1,20252,True
009051,G866,SV,PONTINVREA,2,1,430.0,570.0,500.0,1.4,2.1,1.75,20252,True
021118,I603,BZ,SENALE-SAN FELICE .UNSERE LIEBE FRAU IM WALD.,4,3,1700.0,2000.0,1850.0,4.3,5.0,4.65,20252,True
009059,I947,SV,STELLANELLO,2,2,800.0,1200.0,1000.0,2.8,3.4,3.1,20252,True
079030,C674,CZ,CICALA,2,2,470.0,570.0,520.0,1.65,2.0,1.83,20252,True
001162,F651,TO,MONTEU DA PO,2,1,515.0,775.0,645.0,2.7,4.05,3.38,20252,True
003119,G703,NO,PISANO,4,2,750.0,1100.0,925.0,2.55,3.6,3.08,20252,True
017175,I476,BS,SAVIORE DELL'ADAMELLO,4,2,710.0,970.0,840.0,2.2,3.3,2.75,20252,True
079148,L240,CZ,TORRE DI RUGGIERO,2,2,465.0,585.0,525.0,1.65,2.0,1.83,20252,True
005116,L879,AT,VIGLIANO D'ASTI,2,2,390.0,570.0,480.0,2.05,2.8,2.43,20252,True
021025,D075,BZ,CORTINA SULLA STRADA DEL VINO .KURTINIG AN D.,3,2,2000.0,2300.0,2150.0,4.6,5.8,5.2,20252,True
077009,D909,MT,GARAGUSO,5,5,450.0,640.0,535.0,1.0,1.5,1.25,20252,True
018111,G612,PV,PIETRA DE' GIORGI,2,1,750.0,870.0,810.0,,,,20252,True
046031,L533,LU,VAGLI SOTTO,2,2,535.0,800.0,667.5,1.5,2.2,1.85,20252,True
103013,B207,VB,BROVELLO-CARPUGNINO,2,2,750.0,1100.0,925.0,3.0,4.2,3.6,20252,True
007051,G860,AO,PONTEY,2,2,910.0,1250.0,1080.0,2.7,3.4,3.05,20252,True
069079,H784,CH,SAN BUONO,3,3,355.0,530.0,442.5,1.4,2.1,1.75,20252,True
001015,A584,TO,BAIRO,2,1,470.0,705.0,587.5,2.2,3.3,2.75,20252,True
069038,D823,CH,FURCI,2,2,362.5,540.0,451.25,1.45,2.15,1.8,20252,True
002068,E528,VC,LENTA,2,1,455.0,680.0,567.5,1.95,2.95,2.45,20252,True
109011,F021,FM,MASSA FERMANA,2,2,475.0,690.0,582.5,1.9,2.7,2.3,20252,True
005090,H250,AT,REVIGLIASCO D'ASTI,2,2,360.0,532.5,446.25,1.7,2.25,1.98,20252,True
062069,I179,BN,SANTA CROCE DEL SANNIO,2,2,475.0,625.0,550.0,2.2,3.25,2.73,20252,True
078001,A033,CS,ACQUAFORMOSA,2,2,270.0,375.0,322.5,1.25,1.6,1.42,20252,True
004084,D410,CN,ENTRACQUE,3,3,815.0,1200.0,1007.5,3.1,4.1,3.6,20252,True
102024,F843,VV,NARDODIPACE,2,2,227.5,305.0,266.25,0.95,1.2,1.08,20252,True
079089,G272,CZ,PALERMITI,2,2,477.5,575.0,526.25,1.65,2.0,1.83,20252,True
093049,M085,PN,VITO D'ASIO,3,3,400.0,575.0,487.5,1.5,2.2,1.85,20252,True
058025,C266,RM,CASTEL SAN PIETRO ROMANO,2,1,650.0,925.0,787.5,2.55,3.65,3.1,20252,True
099022,E838,RN,MAIOLO,2,2,745.0,1005.0,875.0,2.25,3.25,2.75,20252,True
001261,I511,TO,SCARMAGNO,4,2,380.0,570.0,475.0,2.1,3.1,2.6,20252,True
096064,I868,BI,SOSTEGNO,3,1,307.5,405.0,356.25,1.95,2.7,2.33,20252,True
077002,A196,MT,ALIANO,4,4,410.0,510.0,450.0,1.3,2.0,1.65,20252,True
066015,B526,AQ,CAMPO DI GIOVE,2,2,650.0,915.0,782.5,1.65,2.4,2.02,20252,True
094032,G495,IS,PESCOLANCIANO,2,2,310.0,465.0,387.5,,,,20252,True
018117,G851,PV,PONTE NIZZA,2,1,770.0,910.0,840.0,,,,20252,True
004234,L580,CN,VALGRANA,2,2,650.0,955.0,802.5,2.5,3.6,3.05,20252,True
006078,D890,AL,GAMALERO,2,2,475.0,710.0,592.5,1.85,2.75,2.3,20252,True
012115,H173,VA,RANCIO VALCUVIA,3,2,980.0,1250.0,1115.0,3.4,5.05,4.22,20252,True
009054,H452,SV,ROCCAVIGNALE,2,2,520.0,770.0,645.0,1.7,2.4,2.05,20252,True
034005,A987,PR,BORE,2,2,227.5,302.5,265.0,1.1,1.4,1.25,20252,True
078124,H992,CS,SAN MARTINO DI FINITA,3,3,330.0,420.0,375.0,1.4,1.8,1.6,20252,True
011030,L774,SP,VERNAZZA,3,3,3050.0,4550.0,3800.0,9.25,12.5,10.88,20252,True
008010,B020,IM,BORGOMARO,4,4,470.0,700.0,585.0,2.4,3.5,2.95,20252,True
070070,I023,CB,SAN MASSIMO,3,3,330.0,495.0,412.5,1.8,2.7,2.25,20252,True
001295,L811,TO,VESTIGNE',2,1,405.0,610.0,507.5,1.95,2.85,2.4,20252,True
097035,D436,LC,ESINO LARIO,2,2,875.0,1175.0,1025.0,3.4,4.45,3.93,20252,True
018001,A118,PV,ALAGNA,2,1,780.0,880.0,830.0,,,,20252,True
066019,B651,AQ,CAPESTRANO,2,2,400.0,590.0,495.0,1.5,1.95,1.7,20252,True
095020,D695,OR,FORDONGIANUS,2,2,320.0,470.0,395.0,1.25,1.8,1.52,20252,True
001286,L629,TO,VALLO TORINESE,2,1,545.0,815.0,680.0,2.4,3.6,3.0,20252,True
022239,M353,TN,BORGO LARES,5,2,1300.0,1600.0,1450.0,3.3,3.75,3.53,20252,True
022029,B335,TN,CADERZONE TERME,2,1,1900.0,2300.0,2100.0,5.5,6.0,5.75,20252,True
069014,B861,CH,CASALANGUIDA,2,2,362.5,540.0,451.25,1.45,2.15,1.8,20252,True
005109,L203,AT,TONCO,2,2,345.0,510.0,427.5,1.9,2.1,2.0,20252,True
090018,B264,SS,BULTEI,2,1,452.5,650.0,551.25,1.9,2.7,2.3,20252,True
066038,C844,AQ,COLLARMELE,2,2,305.0,455.0,380.0,0.95,1.4,1.18,20252,True
019061,F771,CR,MOTTA BALUFFI,2,2,450.0,600.0,525.0,2.5,3.5,3.0,20252,True
001011,A295,TO,ANGROGNA,2,1,480.0,720.0,600.0,2.1,3.1,2.6,20252,True
069021,C428,CH,CELENZA SUL TRIGNO,2,2,362.5,540.0,451.25,1.45,2.15,1.8,20252,True
014017,C493,SO,CERCINO,4,4,650.0,900.0,775.0,2.3,2.9,2.6,20252,True
007013,C593,AO,CHALLAND-SAINT-ANSELME,2,2,1100.0,1500.0,1300.0,2.5,3.5,3.0,20252,True
002002,A119,VC,ALAGNA VALSESIA,3,2,1875.0,2750.0,2312.5,5.8,8.7,7.25,20252,True
090034,E401,SS,LAERRU,2,1,420.0,630.0,525.0,1.8,2.6,2.2,20252,True
012110,G105,VA,ORINO,2,1,1050.0,1275.0,1162.5,3.7,5.4,4.55,20252,True
012049,C409,VA,CAZZAGO BRABBIA,3,2,1100.0,1325.0,1212.5,3.7,5.4,4.55,20252,True
004071,C792,CN,CLAVESANA,2,2,720.0,1055.0,887.5,2.5,3.6,3.05,20252,True
017115,F806,BS,MURA,2,1,660.0,890.0,775.0,2.1,2.8,2.45,20252,True
004145,F809,CN,MURAZZANO,2,2,615.0,885.0,750.0,2.4,3.4,2.9,20252,True
111058,H659,SU,SADALI,2,1,390.0,580.0,485.0,1.2,1.8,1.5,20252,True
064112,L399,AV,TREVICO,6,6,372.5,442.5,407.5,1.65,2.05,1.85,20252,True
078078,F001,CS,MARZI,2,2,320.0,455.0,387.5,1.35,2.0,1.68,20252,True
111051,G133,SU,ORTACESUS,2,1,475.0,600.0,537.5,1.65,2.25,1.95,20252,True
058089,H441,RM,ROCCA SANTO STEFANO,2,1,575.0,850.0,712.5,2.15,3.15,2.65,20252,True
065045,C973,SA,CONTRONE,2,2,465.0,605.0,535.0,1.3,1.8,1.55,20252,True
006027,B482,AL,CAMINO,2,2,572.5,705.0,638.75,1.85,2.4,2.12,20252,True
069061,G290,CH,PALMOLI,2,2,362.5,540.0,451.25,1.45,2.15,1.8,20252,True
001227,H555,TO,ROURE,2,1,420.0,630.0,525.0,2.1,3.2,2.65,20252,True
001230,H631,TO,RUEGLIO,2,1,330.0,490.0,410.0,2.2,3.3,2.75,20252,True
007038,E391,AO,JOVENCAN,2,2,1050.0,1550.0,1300.0,2.85,3.95,3.4,20252,True
018191,M338,PV,CORNALE E BASTIDA,3,2,775.0,840.0,807.5,,,,20252,True
002032,B782,VC,CARISIO,2,1,620.0,895.0,757.5,2.25,3.45,2.85,20252,True
005029,C226,AT,CASTELNUOVO BELBO,2,2,300.0,445.0,372.5,1.5,1.9,1.7,20252,True
065004,A186,SA,ALFANO,2,2,525.0,635.0,580.0,1.4,1.7,1.55,20252,True
068044,L475,PE,TURRIVALIGNANI,2,2,400.0,600.0,500.0,2.0,3.0,2.5,20252,True
071037,G312,FG,PANNI,2,1,300.0,450.0,375.0,1.2,1.8,1.5,20252,True
002072,E711,VC,LOZZOLO,2,1,455.0,680.0,567.5,1.95,2.95,2.45,20252,True
001149,F074,TO,MEANA DI SUSA,2,1,400.0,600.0,500.0,2.35,3.55,2.95,20252,True
004230,L367,CN,TREISO,2,2,740.0,1100.0,920.0,2.7,3.6,3.15,20252,True
057040,F446,RI,MONTEBUONO,2,1,550.0,815.0,682.5,2.9,3.6,3.25,20252,True
057062,H446,RI,ROCCA SINIBALDA,2,1,725.0,975.0,850.0,3.0,3.5,3.25,20252,True
078137,I485,CS,SCALA COELI,3,3,335.0,455.0,387.5,1.3,1.75,1.52,20252,True
003012,A653,NO,BARENGO,2,1,860.0,1250.0,1055.0,2.5,3.5,3.0,20252,True
012021,B182,VA,BRINZIO,2,1,1050.0,1375.0,1212.5,3.7,5.1,4.4,20252,True
007017,C596,AO,CHAMPDEPRAZ,2,2,820.0,1125.0,972.5,2.3,2.9,2.6,20252,True
002088,G016,VC,OLCENENGO,2,1,542.5,805.0,673.75,2.15,3.2,2.67,20252,True
094049,I679,IS,SESSANO DEL MOLISE,3,2,280.0,420.0,350.0,,,,20252,True
060028,C864,FR,COLLEPARDO,3,3,275.0,410.0,342.5,,,,20252,True
001105,D608,TO,FIORANO CANAVESE,2,1,380.0,575.0,477.5,2.2,3.3,2.75,20252,True
111032,E234,SU,GUAMAGGIORE,2,1,400.0,550.0,475.0,1.35,1.85,1.6,20252,True
080078,I176,RC,SANTA CRISTINA D'ASPROMONTE,3,3,330.0,450.0,390.0,1.2,1.7,1.45,20252,True
022193,L121,TN,TERRAGNOLO,2,1,1300.0,1500.0,1400.0,4.2,4.5,4.35,20252,True
056002,A412,VT,ARLENA DI CASTRO,2,1,400.0,600.0,500.0,2.1,2.9,2.5,20252,True
062016,C106,BN,CASTELFRANCO IN MISCANO,2,2,525.0,700.0,612.5,2.45,3.65,3.05,20252,True
076024,C209,PZ,CASTELMEZZANO,2,2,307.5,405.0,356.25,1.05,1.5,1.27,20252,True
031013,F710,GO,MORARO,2,2,550.0,655.0,602.5,2.35,3.1,2.73,20252,True
001172,G109,TO,ORIO CANAVESE,2,1,480.0,720.0,600.0,2.5,3.75,3.12,20252,True
096015,C155,BI,CASTELLETTO CERVO,2,2,270.0,385.0,327.5,1.9,2.6,2.25,20252,True
066078,H353,AQ,RIVISONDOLI,2,2,1475.0,2200.0,1837.5,4.3,6.4,5.35,20252,True
080084,I536,RC,SCIDO,2,2,325.0,455.0,390.0,1.15,1.5,1.33,20252,True
004246,L990,CN,VILLANOVA SOLARO,2,2,655.0,945.0,800.0,2.5,3.6,3.05,20252,True
017030,B184,BS,BRIONE,2,1,690.0,920.0,805.0,2.2,3.5,2.85,20252,True
069024,C776,CH,CIVITELLA MESSER RAIMONDO,2,2,362.5,540.0,451.25,1.45,2.15,1.8,20252,True
111045,F981,SU,NURAGUS,2,1,370.0,550.0,460.0,1.2,1.9,1.55,20252,True
018112,G635,PV,PIEVE ALBIGNOLA,2,1,730.0,830.0,780.0,,,,20252,True
014067,L244,SO,TORRE DI SANTA MARIA,5,5,900.0,1100.0,1000.0,2.85,3.65,3.22,20252,True
022202,L211,TN,TORCEGNO,2,1,1000.0,1100.0,1050.0,2.7,3.2,2.95,20252,True
018179,L983,PV,VILLANOVA D'ARDENGHI,2,1,840.0,930.0,885.0,,,,20252,True
030012,A983,UD,BORDANO,2,2,440.0,650.0,545.0,1.7,2.5,2.1,20252,True
018036,C050,PV,CASTANA,2,1,750.0,820.0,785.0,,,,20252,True
018054,C982,PV,CORANA,3,2,730.0,760.0,745.0,,,,20252,True
014029,D694,SO,FORCOLA,5,5,650.0,900.0,775.0,2.1,3.0,2.55,20252,True
109016,F517,FM,MONTE GIBERTO,2,2,515.0,735.0,625.0,2.05,2.85,2.45,20252,True
070082,L458,CB,TUFARA,2,1,315.0,470.0,392.5,1.55,2.25,1.9,20252,True
058051,E576,RM,LICENZA,2,1,550.0,750.0,650.0,2.25,3.25,2.75,20252,True
001152,F182,TO,MEZZENILE,2,1,355.0,530.0,442.5,2.3,3.45,2.88,20252,True
060059,H393,FR,ROCCA D'ARCE,2,2,377.5,500.0,438.75,,,,20252,True
018144,I276,PV,SANT'ANGELO LOMELLINA,2,1,730.0,780.0,755.0,,,,20252,True
070009,B544,CB,CAMPOLIETO,2,2,270.0,400.0,335.0,1.55,2.25,1.9,20252,True
016201,I830,BG,SONGAVAZZO,2,1,715.0,905.0,810.0,2.9,4.3,3.6,20252,True
001031,B021,TO,BORGOMASINO,2,1,345.0,515.0,430.0,1.8,2.65,2.23,20252,True
056010,B388,VT,CALCATA,3,2,650.0,950.0,800.0,2.3,3.2,2.75,20252,True
022068,D188,TN,CROVIANA,3,1,1500.0,1800.0,1650.0,3.7,5.1,4.4,20252,True
050021,F661,PI,MONTEVERDI MARITTIMO,2,2,830.0,1100.0,965.0,2.9,3.65,3.27,20252,True
040033,H034,FC,PREMILCUORE,2,2,750.0,960.0,850.0,2.6,3.3,2.95,20252,True
064117,L965,AV,VILLAMAINA,2,2,402.5,482.5,442.5,1.6,2.0,1.8,20252,True
013239,L748,CO,VERCANA,2,1,535.0,775.0,655.0,1.85,2.7,2.27,20252,True
109029,G137,FM,ORTEZZANO,2,2,575.0,825.0,700.0,2.35,3.35,2.85,20252,True
111082,I707,SU,SEULO,2,1,430.0,620.0,525.0,1.2,1.8,1.5,20252,True
090020,B276,SS,BURGOS,2,1,435.0,650.0,542.5,1.85,2.7,2.28,20252,True
082026,C420,PA,CEFALA' DIANA,2,2,295.0,430.0,362.5,1.0,1.3,1.15,20252,True
022058,C700,TN,CIMONE,2,1,1400.0,1600.0,1500.0,2.8,3.5,3.15,20252,True
070026,E030,CB,GILDONE,2,2,330.0,495.0,412.5,1.65,2.45,2.05,20252,True
090043,F818,SS,MUROS,3,1,595.0,885.0,740.0,2.5,3.65,3.08,20252,True
080034,D619,RC,FIUMARA,2,2,390.0,560.0,475.0,1.4,2.1,1.75,20252,True
002104,G985,VC,PRAROLO,2,1,635.0,905.0,770.0,2.25,3.45,2.85,20252,True
001271,L066,TO,TAVAGNASCO,2,1,375.0,560.0,467.5,1.85,2.8,2.33,20252,True
014039,E896,SO,MANTELLO,3,2,725.0,975.0,850.0,2.45,3.3,2.88,20252,True
103055,H030,VB,PREMENO,3,3,700.0,1000.0,850.0,2.8,3.8,3.3,20252,True
008024,D114,IM,COSTARAINERA,4,4,1500.0,2100.0,1800.0,5.25,7.35,6.3,20252,True
078065,E450,CS,LAPPANO,2,2,380.0,570.0,475.0,1.75,2.35,2.05,20252,True
070079,L215,CB,TORELLA DEL SANNIO,2,2,260.0,390.0,325.0,1.45,2.15,1.8,20252,True
067003,A445,TE,ARSITA,2,2,295.0,430.0,362.5,1.0,1.45,1.23,20252,True
101005,B968,KR,CASTELSILANO,2,1,380.0,530.0,455.0,1.1,1.6,1.35,20252,True
084016,C928,AG,COMITINI,3,3,220.0,330.0,275.0,1.0,1.5,1.25,20252,True
103024,D134,VB,CRAVEGGIA,4,4,875.0,1300.0,1087.5,3.5,4.8,4.15,20252,True
013011,A391,CO,ARGEGNO,2,1,1350.0,1850.0,1600.0,5.25,6.35,5.8,20252,True
001057,B762,TO,CAREMA,2,1,390.0,585.0,487.5,1.7,2.5,2.1,20252,True
005024,C064,AT,CASTEL BOGLIONE,2,2,312.5,462.5,387.5,1.9,2.2,2.05,20252,True
102029,G785,VV,POLIA,3,3,250.0,315.0,282.5,1.1,1.4,1.25,20252,True
030085,H040,UD,PREPOTTO,2,2,450.0,650.0,550.0,1.4,2.1,1.75,20252,True
061079,I113,CE,SAN PIETRO INFINE,2,1,400.0,600.0,500.0,1.2,1.8,1.5,20252,True
005030,C230,AT,CASTELNUOVO CALCEA,2,2,370.0,470.0,420.0,2.1,2.2,2.15,20252,True
020032,E949,MN,MARIANA MANTOVANA,2,2,350.0,500.0,425.0,2.25,3.25,2.75,20252,True
109020,F549,FM,MONTELPARO,2,2,475.0,690.0,582.5,1.9,2.7,2.3,20252,True
069067,G760,CH,POGGIOFIORITO,2,2,455.0,675.0,565.0,2.05,3.0,2.52,20252,True
078041,C763,CS,CIVITA,2,2,325.0,405.0,365.0,1.5,1.95,1.73,20252,True
071048,H986,FG,SAN MARCO LA CATOLA,2,1,300.0,450.0,375.0,1.4,2.0,1.7,20252,True
036035,H303,MO,RIOLUNATO,2,2,580.0,865.0,722.5,2.05,3.05,2.55,20252,True
078109,H585,CS,ROTA GRECA,2,2,335.0,480.0,407.5,1.45,2.05,1.75,20252,True
016035,B112,BG,BRACCA,2,2,650.0,800.0,725.0,3.4,4.2,3.8,20252,True
004107,E539,CN,LEQUIO TANARO,2,2,690.0,980.0,835.0,2.7,3.6,3.15,20252,True
083024,D733,ME,FORZA D'AGRO',2,2,750.0,1050.0,900.0,1.5,2.1,1.8,20252,True
009040,F813,SV,MURIALDO,3,2,365.0,532.5,448.75,1.35,1.7,1.52,20252,True
022142,G656,TN,PIEVE TESINO,2,1,1200.0,1450.0,1325.0,2.9,3.5,3.2,20252,True
094005,B630,IS,CANTALUPO NEL SANNIO,2,2,400.0,600.0,500.0,,,,20252,True
064079,H438,AV,ROCCA SAN FELICE,2,2,375.0,462.5,418.75,1.5,1.9,1.7,20252,True
004202,H716,CN,SALMOUR,2,2,690.0,1015.0,852.5,2.7,3.6,3.15,20252,True
064085,I061,AV,SAN NICOLA BARONIA,2,2,372.5,447.5,410.0,1.65,1.95,1.8,20252,True
103009,A733,VB,BEE,2,2,800.0,1150.0,975.0,3.0,4.4,3.7,20252,True
090027,D100,SS,COSSOINE,2,1,395.0,580.0,487.5,1.65,2.4,2.02,20252,True
002062,E007,VC,GHISLARENGO,2,1,527.5,780.0,653.75,2.05,3.15,2.6,20252,True
091057,G058,NU,OLZAI,2,1,390.0,580.0,485.0,1.2,1.8,1.5,20252,True
001187,G477,TO,PERTUSIO,2,1,445.0,665.0,555.0,2.45,3.65,3.05,20252,True
061076,H939,CE,SAN GREGORIO MATESE,2,1,425.0,625.0,525.0,1.2,1.8,1.5,20252,True
095057,I718,OR,SIAMANNA,2,1,310.0,460.0,385.0,1.4,2.0,1.7,20252,True
016127,E640,BG,LOCATELLO,2,1,695.0,805.0,750.0,3.6,4.25,3.93,20252,True
003134,I052,NO,SAN NAZZARO SESIA,2,1,860.0,1250.0,1055.0,2.5,3.5,3.0,20252,True
016248,A193,BG,ALGUA,4,2,675.0,820.0,747.5,3.4,4.4,3.9,20252,True
111012,C882,SU,COLLINAS,2,1,375.0,525.0,450.0,1.35,1.85,1.6,20252,True
005074,F409,AT,MONTALDO SCARAMPI,2,2,315.0,460.0,387.5,1.6,2.2,1.9,20252,True
045005,C914,MS,COMANO,2,2,525.0,785.0,655.0,3.0,4.5,3.75,20252,True
091060,G071,NU,ONIFERI,2,1,460.0,620.0,540.0,1.2,1.9,1.55,20252,True
040031,G904,FC,PORTICO E SAN BENEDETTO,3,3,750.0,1000.0,875.0,2.6,3.4,3.0,20252,True
080068,H489,RC,ROGHUDI,3,3,477.5,685.0,581.25,1.8,2.4,2.1,20252,True
003140,I857,NO,SORISO,3,2,955.0,1425.0,1190.0,3.05,3.7,3.38,20252,True
090044,F975,SS,NUGHEDU SAN NICOLO',2,1,410.0,575.0,492.5,1.75,2.4,2.08,20252,True
090068,I732,SS,SILIGO,2,1,450.0,650.0,550.0,1.9,2.7,2.3,20252,True
008040,G454,IM,PERINALDO,3,3,900.0,1325.0,1112.5,4.1,5.8,4.95,20252,True
009048,G542,SV,PIANA CRIXIA,2,2,340.0,435.0,387.5,1.3,1.5,1.4,20252,True
080087,I656,RC,SERRATA,3,3,345.0,485.0,415.0,1.2,1.7,1.45,20252,True
064113,L461,AV,TUFO,2,2,482.5,580.0,531.25,1.8,2.25,2.02,20252,True
097084,L680,LC,VARENNA,2,2,1300.0,1850.0,1575.0,5.05,7.35,6.2,20252,True
083004,A313,ME,ANTILLO,2,2,325.0,485.0,405.0,1.5,2.2,1.85,20252,True
004136,F424,CN,MONTANERA,2,2,695.0,1005.0,850.0,2.5,3.6,3.05,20252,True
017049,C549,BS,CERVENO,2,1,690.0,950.0,820.0,2.1,3.3,2.7,20252,True
019060,F761,CR,MOSCAZZANO,2,2,450.0,700.0,575.0,3.0,4.0,3.5,20252,True
004191,H447,CN,ROCCASPARVERA,2,2,610.0,885.0,747.5,2.5,3.6,3.05,20252,True
058094,H745,RM,SAMBUCI,2,1,575.0,825.0,700.0,2.15,3.05,2.6,20252,True
078014,A768,CS,BELSITO,2,2,320.0,455.0,387.5,1.4,2.05,1.73,20252,True
065011,A487,SA,ATRANI,2,2,2250.0,3300.0,2775.0,5.4,7.95,6.68,20252,True
076014,B181,PZ,BRINDISI MONTAGNA,2,2,322.5,405.0,363.75,1.15,1.5,1.33,20252,True
029008,B432,RO,CALTO,2,2,675.0,900.0,787.5,2.0,2.6,2.3,20252,True
043021,E228,MC,GUALDO,2,2,450.0,775.0,612.5,1.55,2.7,2.12,20252,True
083058,F772,ME,MOTTA CAMASTRA,2,1,465.0,665.0,565.0,1.6,2.1,1.85,20252,True
011025,H461,SP,ROCCHETTA DI VARA,2,2,600.0,875.0,737.5,2.75,3.5,3.12,20252,True
102041,I884,VV,SPADOLA,2,2,287.5,377.5,332.5,1.2,1.5,1.35,20252,True
009019,B927,SV,CASANOVA LERRONE,2,2,800.0,1200.0,1000.0,2.7,3.4,3.05,20252,True
076055,F917,PZ,NOEPOLI,2,2,360.0,435.0,397.5,1.2,1.6,1.4,20252,True
060083,L605,FR,VALLEMAIO,2,2,282.5,380.0,331.25,,,,20252,True
058006,A309,RM,ANTICOLI CORRADO,2,1,625.0,875.0,750.0,2.4,3.4,2.9,20252,True
078064,E419,CS,LAINO CASTELLO,2,2,275.0,380.0,327.5,1.15,1.65,1.4,20252,True
004228,L278,CN,TORRE SAN GIORGIO,2,2,740.0,1100.0,920.0,2.9,3.85,3.38,20252,True
076035,D876,PZ,GALLICCHIO,2,2,335.0,382.5,358.75,1.1,1.4,1.25,20252,True
024041,D750,VI,FOZA,2,2,610.0,770.0,690.0,,,,20252,True
004055,C314,CN,CASTIGLIONE FALLETTO,2,2,745.0,1090.0,917.5,2.8,3.8,3.3,20252,True
030024,C641,UD,CHIOPRIS VISCONE,3,3,640.0,960.0,800.0,2.4,3.5,2.95,20252,True
064098,I606,AV,SENERCHIA,2,2,390.0,480.0,435.0,1.5,1.95,1.73,20252,True
059033,L742,LT,VENTOTENE,2,2,2200.0,3100.0,2650.0,8.8,12.7,10.75,20252,True
001122,E311,TO,INVERSO PINASCA,2,1,495.0,745.0,620.0,2.95,4.4,3.67,20252,True
006015,A793,AL,BERGAMASCO,2,2,622.5,750.0,686.25,2.2,2.75,2.48,20252,True
030047,E476,UD,LAUCO,2,2,440.0,650.0,545.0,1.5,2.2,1.85,20252,True
001158,F407,TO,MONTALDO TORINESE,2,1,635.0,955.0,795.0,2.95,4.4,3.67,20252,True
001117,E154,TO,GRAVERE,2,1,425.0,635.0,530.0,2.85,4.25,3.55,20252,True
001206,G988,TO,PRASCORSANO,2,1,440.0,655.0,547.5,2.25,3.3,2.77,20252,True
062066,I049,BN,SAN NAZZARO,2,2,525.0,650.0,587.5,2.45,3.45,2.95,20252,True
090031,E285,SS,ILLORAI,2,1,425.0,625.0,525.0,1.8,2.6,2.2,20252,True
008043,G660,IM,PIGNA,5,3,700.0,1000.0,850.0,3.2,4.2,3.65,20252,True
016022,A732,BG,BEDULITA,2,1,640.0,805.0,722.5,3.6,4.25,3.93,20252,True
060021,C223,FR,CASTELNUOVO PARANO,3,3,295.0,410.0,352.5,,,,20252,True
078038,C554,CS,CERVICATI,2,2,330.0,470.0,400.0,1.4,2.1,1.75,20252,True
006005,A197,AL,ALICE BEL COLLE,2,1,380.0,570.0,475.0,1.1,1.6,1.35,20252,True
078050,D328,CS,DOMANICO,3,3,365.0,485.0,425.0,1.65,2.4,2.02,20252,True
009063,L499,SV,URBE,4,2,402.5,592.5,497.5,1.9,2.5,2.2,20252,True
006082,E015,AL,GIAROLE,2,2,460.0,620.0,540.0,1.5,1.95,1.73,20252,True
012007,A532,VA,AZZIO,2,1,975.0,1225.0,1100.0,3.5,5.0,4.25,20252,True
022113,F068,TN,MAZZIN,4,3,2900.0,3500.0,3200.0,,,,20252,True
060072,I697,FR,SETTEFRATI,2,2,342.5,470.0,406.25,,,,20252,True
022195,L145,TN,TERZOLAS,2,1,1400.0,1700.0,1550.0,3.5,4.9,4.2,20252,True
006186,M009,AL,VILLAROMAGNANO,2,1,580.0,860.0,720.0,1.9,2.6,2.25,20252,True
002082,F774,VC,MOTTA DE' CONTI,2,1,532.5,785.0,658.75,2.15,3.3,2.72,20252,True
095007,A380,OR,ARDAULI,2,2,265.0,395.0,330.0,1.1,1.55,1.33,20252,True
097034,D428,LC,ERVE,2,1,865.0,1105.0,985.0,3.5,4.45,3.98,20252,True
005055,D802,AT,FRINCO,2,2,362.5,537.5,450.0,1.9,2.1,2.0,20252,True
042037,G771,AN,POGGIO SAN MARCELLO,2,2,425.0,625.0,525.0,1.35,1.95,1.65,20252,True
013217,I860,CO,SORMANO,2,1,710.0,1050.0,880.0,1.7,2.5,2.1,20252,True
004013,A671,CN,BAROLO,2,2,880.0,1250.0,1065.0,2.8,3.8,3.3,20252,True
066010,A678,AQ,BARREA,2,2,690.0,920.0,805.0,1.7,2.5,2.1,20252,True
041005,A740,PU,BELFORTE ALL'ISAURO,2,2,495.0,660.0,577.5,2.1,2.4,2.25,20252,True
111100,L986,SU,VILLANOVAFORRU,2,1,350.0,475.0,412.5,1.35,1.85,1.6,20252,True
006036,B847,AL,CARTOSIO,2,2,542.5,720.0,631.25,1.9,2.5,2.2,20252,True
096024,D339,BI,DONATO,2,2,230.0,320.0,275.0,1.5,2.2,1.85,20252,True
080048,F105,RC,MELICUCCA',3,3,375.0,530.0,452.5,1.3,1.7,1.5,20252,True
069006,A956,CH,BOMBA,2,2,362.5,540.0,451.25,1.45,2.15,1.8,20252,True
080070,H013,RC,SAMO,2,2,380.0,540.0,460.0,1.4,1.85,1.62,20252,True
070028,E248,CB,GUARDIAREGIA,3,2,260.0,390.0,325.0,1.5,2.2,1.85,20252,True
061071,H436,CE,ROCCAROMANA,3,2,425.0,625.0,525.0,1.3,1.9,1.6,20252,True
065145,I960,SA,STIO,2,2,510.0,615.0,562.5,1.35,1.75,1.55,20252,True
090014,B063,SS,BORTIGIADAS,2,1,425.0,610.0,517.5,1.8,2.55,2.17,20252,True
013186,G773,CO,POGNANA LARIO,2,1,1015.0,1425.0,1220.0,3.2,4.75,3.98,20252,True
061093,L205,CE,TORA E PICCILLI,3,2,375.0,525.0,450.0,1.1,1.65,1.38,20252,True
006190,M123,AL,VOLTAGGIO,2,1,470.0,700.0,585.0,2.2,3.2,2.7,20252,True
030191,M399,UD,TREPPO LIGOSULLO,2,2,485.0,725.0,605.0,1.9,2.8,2.35,20252,True
111003,A597,SU,BALLAO,2,1,450.0,575.0,512.5,1.45,1.85,1.65,20252,True
022021,A968,TN,BONDONE,4,2,1200.0,1500.0,1350.0,2.8,3.0,2.9,20252,True
005033,C438,AT,CELLARENGO,2,2,345.0,510.0,427.5,1.7,2.0,1.85,20252,True
065112,H644,SA,RUTINO,2,2,550.0,775.0,662.5,1.55,2.0,1.77,20252,True
022189,L090,TN,TELVE DI SOPRA,2,1,1000.0,1150.0,1075.0,3.5,4.0,3.75,20252,True
017202,M065,BS,VIONE,2,1,1175.0,1600.0,1387.5,3.65,4.75,4.2,20252,True
091004,A503,NU,AUSTIS,2,1,520.0,620.0,570.0,1.0,1.2,1.1,20252,True
068009,C308,PE,CASTIGLIONE A CASAURIA,2,2,402.5,600.0,501.25,1.9,2.8,2.35,20252,True
070020,C854,CB,COLLE D'ANCHISE,2,2,280.0,420.0,350.0,1.55,2.3,1.93,20252,True
007035,E306,AO,INTROD,2,2,1125.0,1525.0,1325.0,2.8,3.6,3.2,20252,True
001147,F058,TO,MATTIE,2,1,365.0,550.0,457.5,2.45,3.7,3.08,20252,True
109026,F665,FM,MONTE VIDON CORRADO,3,3,425.0,620.0,522.5,1.7,2.55,2.12,20252,True
111056,M291,SU,PISCINAS,2,1,475.0,650.0,562.5,1.75,2.4,2.08,20252,True
046036,M319,LU,FABBRICHE DI VERGEMOLI,3,3,535.0,800.0,667.5,1.6,2.35,1.98,20252,True
005099,H987,AT,SAN MARTINO ALFIERI,2,2,360.0,532.5,446.25,1.9,2.3,2.1,20252,True
076082,I457,PZ,SASSO DI CASTALDA,2,2,342.5,405.0,373.75,1.1,1.4,1.25,20252,True
079002,A155,CZ,ALBI,2,2,445.0,595.0,520.0,1.65,2.0,1.83,20252,True
018007,A550,PV,BAGNARIA,2,1,730.0,770.0,750.0,,,,20252,True
111064,G383,SU,SAN NICOLO' GERREI,2,1,450.0,575.0,512.5,1.45,1.85,1.65,20252,True
090005,A379,SS,ARDARA,2,1,460.0,685.0,572.5,1.95,2.85,2.4,20252,True
083012,B918,ME,CASALVECCHIO SICULO,2,2,370.0,550.0,460.0,1.4,1.9,1.65,20252,True
013087,D310,CO,DIZZASCO,2,1,750.0,1100.0,925.0,2.8,4.15,3.48,20252,True
030051,E760,UD,LUSEVERA,2,2,440.0,650.0,545.0,1.7,2.5,2.1,20252,True
018127,H491,PV,ROGNANO,2,1,840.0,980.0,910.0,,,,20252,True
041041,G416,PU,PEGLIO,2,2,540.0,770.0,655.0,2.0,2.9,2.45,20252,True
018116,G720,PV,PIZZALE,2,1,730.0,770.0,750.0,,,,20252,True
025043,H327,BL,RIVAMONTE AGORDINO,3,3,685.0,845.0,765.0,2.6,3.4,2.9,20252,True
004248,M055,CN,VINADIO,5,5,560.0,820.0,690.0,2.5,3.6,3.05,20252,True
022071,D246,TN,DAMBEL,2,1,1100.0,1200.0,1150.0,2.8,3.5,3.15,20252,True
006111,F737,AL,MORNESE,2,1,430.0,640.0,535.0,1.5,2.2,1.85,20252,True
014053,G937,SO,POSTALESIO,3,3,700.0,950.0,825.0,2.3,3.1,2.7,20252,True
091059,G070,NU,ONIFAI,2,1,390.0,580.0,485.0,1.3,1.6,1.45,20252,True
013083,D147,CO,CREMIA,2,1,800.0,1200.0,1000.0,2.6,3.9,3.25,20252,True
095024,E088,OR,GONNOSTRAMATZA,2,2,280.0,415.0,347.5,1.1,1.55,1.33,20252,True
006087,E360,AL,ISOLA SANT'ANTONIO,2,2,540.0,690.0,615.0,1.55,2.0,1.78,20252,True
018020,B082,PV,BOSNASCO,2,1,820.0,910.0,865.0,,,,20252,True
022078,D365,TN,DRENA,2,1,1600.0,1850.0,1725.0,4.5,5.0,4.75,20252,True
102045,L607,VV,VALLELONGA,2,2,250.0,355.0,302.5,1.2,1.55,1.38,20252,True
062006,A432,BN,ARPAISE,2,2,525.0,750.0,637.5,2.85,3.85,3.35,20252,True
080030,D089,RC,COSOLETO,2,2,360.0,490.0,425.0,1.25,1.6,1.43,20252,True
017105,E961,BS,MARMENTINO,2,1,630.0,840.0,735.0,2.0,2.3,2.15,20252,True
064090,I279,AV,SANT'ANGELO ALL'ESCA,2,2,407.5,487.5,447.5,1.65,2.05,1.85,20252,True
025049,I347,BL,SAN TOMASO AGORDINO,3,3,735.0,930.0,832.5,2.65,3.45,3.05,20252,True
006176,L432,AL,TRISOBBIO,2,2,580.0,715.0,647.5,1.9,2.35,2.12,20252,True
018022,B142,PV,BREME,2,1,730.0,780.0,755.0,,,,20252,True
022040,B697,TN,CAPRIANA,2,1,1300.0,1500.0,1400.0,3.0,3.5,3.25,20252,True
015155,F939,MI,NOSATE,2,1,900.0,1250.0,1075.0,3.0,4.1,3.55,20252,True
103065,L187,VB,TOCENO,3,3,950.0,1400.0,1175.0,3.6,5.2,4.4,20252,True
069093,L253,CH,TORREBRUNA,2,2,332.5,495.0,413.75,1.35,2.0,1.68,20252,True
006074,D797,AL,FRESONARA,2,1,570.0,710.0,640.0,1.7,2.3,2.0,20252,True
013106,D930,CO,GARZENO,2,1,570.0,850.0,710.0,2.0,3.0,2.5,20252,True
094024,E669,IS,LONGANO,2,2,260.0,390.0,325.0,,,,20252,True
004027,B084,CN,BOSSOLASCO,3,3,730.0,1075.0,902.5,2.5,3.6,3.05,20252,True
071011,B784,FG,CARLANTINO,2,1,300.0,450.0,375.0,1.4,1.9,1.65,20252,True
089007,C006,SR,CASSARO,2,2,325.0,475.0,400.0,1.2,1.8,1.5,20252,True
091069,G158,NU,OSINI,2,1,390.0,580.0,485.0,1.2,1.8,1.5,20252,True
069070,H098,CH,QUADRI,2,2,362.5,540.0,451.25,1.45,2.15,1.8,20252,True
016036,B123,BG,BRANZI,2,1,720.0,1000.0,860.0,3.8,5.15,4.47,20252,True
076023,C201,PZ,CASTELLUCCIO SUPERIORE,2,2,365.0,452.5,408.75,1.15,1.55,1.35,20252,True
030022,C494,UD,CERCIVENTO,2,2,440.0,650.0,545.0,1.5,2.2,1.85,20252,True
030025,C656,UD,CHIUSAFORTE,3,3,550.0,750.0,650.0,1.7,2.5,2.1,20252,True
024089,H594,VI,ROTZO,2,2,810.0,1060.0,935.0,,,,20252,True
022052,C392,TN,CAVEDAGO,2,1,1600.0,1900.0,1750.0,4.1,5.0,4.55,20252,True
080033,D557,RC,FERRUZZANO,3,3,405.0,590.0,497.5,1.3,1.9,1.6,20252,True
057043,F619,RI,MONTE SAN GIOVANNI IN SABINA,2,1,580.0,825.0,702.5,2.4,3.35,2.88,20252,True
080020,B617,RC,CANOLO,3,3,375.0,530.0,452.5,1.2,1.6,1.4,20252,True
057030,D785,RI,FRASSO SABINO,3,2,675.0,925.0,800.0,3.25,4.2,3.73,20252,True
060086,L836,FR,VICALVI,3,3,360.0,510.0,435.0,,,,20252,True
018045,C509,PV,CERGNAGO,2,1,730.0,780.0,755.0,,,,20252,True
066044,D736,AQ,FOSSA,2,2,460.0,675.0,567.5,1.4,2.05,1.73,20252,True
006126,G338,AL,PARODI LIGURE,2,2,395.0,590.0,492.5,1.7,2.55,2.12,20252,True
019011,B498,CR,CAMPAGNOLA CREMASCA,2,2,550.0,800.0,675.0,3.0,4.0,3.5,20252,True
093024,D804,PN,FRISANCO,3,3,450.0,600.0,525.0,1.75,2.6,2.17,20252,True
058083,H300,RM,RIOFREDDO,2,1,550.0,825.0,687.5,2.15,3.05,2.6,20252,True
016019,A631,BG,BARBATA,2,1,750.0,935.0,842.5,3.05,4.15,3.6,20252,True
076017,B549,PZ,CAMPOMAGGIORE,2,2,327.5,420.0,373.75,1.2,1.65,1.43,20252,True
061034,D683,CE,FONTEGRECA,2,1,375.0,550.0,462.5,1.0,1.5,1.25,20252,True
065053,D826,SA,FURORE,3,3,1200.0,1650.0,1425.0,3.1,3.9,3.5,20252,True
083037,E523,ME,LENI,2,2,1450.0,2125.0,1787.5,5.7,8.55,7.12,20252,True
004058,C375,CN,CAVALLERLEONE,2,2,680.0,985.0,832.5,2.5,3.6,3.05,20252,True
017094,E698,BS,LOSINE,2,1,720.0,1000.0,860.0,2.2,3.5,2.85,20252,True
058055,E908,RM,MARANO EQUO,2,1,550.0,775.0,662.5,2.15,3.15,2.65,20252,True
094045,I238,IS,SANTA MARIA DEL MOLISE,2,2,260.0,390.0,325.0,,,,20252,True
064091,I280,AV,SANT'ANGELO A SCALA,3,3,390.0,465.0,427.5,1.7,2.1,1.9,20252,True
094020,D703,IS,FORLI' DEL SANNIO,2,2,260.0,390.0,325.0,,,,20252,True
014038,E705,SO,LOVERO,3,3,650.0,850.0,750.0,2.2,2.9,2.55,20252,True
013139,E830,CO,MAGREGLIO,2,1,655.0,975.0,815.0,1.6,2.35,1.98,20252,True
094035,G606,IS,PIETRABBONDANTE,2,2,300.0,450.0,375.0,,,,20252,True
014068,L316,SO,TOVO DI SANT'AGATA,3,3,625.0,875.0,750.0,2.0,2.8,2.4,20252,True
017027,B124,BS,BRAONE,3,2,770.0,850.0,810.0,2.2,2.9,2.55,20252,True
018099,F670,PV,MONTICELLI PAVESE,2,1,790.0,930.0,860.0,,,,20252,True
043017,D564,MC,FIASTRA,5,5,450.0,725.0,587.5,1.7,2.6,2.2,20252,True
111023,D968,SU,GENONI,2,1,350.0,520.0,435.0,1.2,1.9,1.55,20252,True
062063,H973,BN,SAN LUPO,2,2,475.0,675.0,575.0,2.25,3.3,2.77,20252,True
009050,G741,SV,PLODIO,3,2,465.0,680.0,572.5,1.6,1.95,1.77,20252,True
065015,A756,SA,BELLOSGUARDO,2,2,505.0,610.0,557.5,1.25,1.7,1.48,20252,True
013204,H760,CO,SAN BARTOLOMEO VAL CAVARGNA,2,1,700.0,900.0,800.0,2.7,3.5,3.1,20252,True
016026,A846,BG,BIANZANO,2,1,850.0,950.0,900.0,3.9,4.8,4.35,20252,True
095023,D585,OR,GONNOSNO',2,2,285.0,420.0,352.5,1.15,1.7,1.43,20252,True
001201,G973,TO,PRAGELATO,3,2,1350.0,2000.0,1675.0,4.4,6.6,5.5,20252,True
006052,C229,AL,CASTELNUOVO BORMIDA,2,1,430.0,640.0,535.0,1.9,2.7,2.3,20252,True
008025,D293,IM,DIANO ARENTINO,3,3,1250.0,1850.0,1550.0,5.65,8.0,6.78,20252,True
025025,E113,BL,GOSALDO,2,2,835.0,1005.0,920.0,2.35,3.3,2.83,20252,True
061096,L594,CE,VALLE AGRICOLA,2,1,375.0,550.0,462.5,1.0,1.5,1.25,20252,True
103023,D099,VB,COSSOGNO,2,2,650.0,950.0,800.0,2.6,3.6,3.1,20252,True
103022,C567,VB,CESARA,2,2,600.0,850.0,725.0,2.4,3.2,2.8,20252,True
078100,G733,CS,PLATACI,2,2,285.0,380.0,332.5,1.25,1.75,1.5,20252,True
080016,B379,RC,CALANNA,2,2,400.0,560.0,480.0,1.4,1.9,1.65,20252,True
090060,H095,SS,PUTIFIGARI,2,1,450.0,650.0,550.0,1.9,2.7,2.3,20252,True
018134,H814,PV,SAN DAMIANO AL COLLE,2,1,820.0,870.0,845.0,,,,20252,True
002147,L420,VC,TRICERRO,2,1,465.0,695.0,580.0,2.05,3.15,2.6,20252,True
001114,E009,TO,GIAGLIONE,2,1,405.0,610.0,507.5,1.9,2.9,2.4,20252,True
065062,E486,SA,LAURITO,2,2,515.0,625.0,570.0,1.35,1.7,1.52,20252,True
043032,F622,MC,MONTE SAN MARTINO,2,2,500.0,775.0,637.5,1.75,2.95,2.35,20252,True
018104,G021,PV,OLEVANO DI LOMELLINA,2,1,730.0,780.0,755.0,,,,20252,True
019004,A526,CR,AZZANELLO,2,2,400.0,600.0,500.0,2.5,3.5,3.0,20252,True
014014,C186,SO,CASTELLO DELL'ACQUA,4,4,700.0,900.0,800.0,2.2,2.9,2.55,20252,True
064081,H733,AV,SALZA IRPINA,2,2,462.5,590.0,526.25,2.05,2.5,2.28,20252,True
006004,A189,AL,ALFIANO NATTA,2,1,330.0,490.0,410.0,1.4,2.0,1.7,20252,True
006079,D910,AL,GARBAGNA,2,2,532.5,715.0,623.75,1.9,2.55,2.22,20252,True
050023,G090,PI,ORCIANO PISANO,2,2,830.0,1100.0,965.0,3.4,4.3,3.85,20252,True
001232,H684,TO,SALBERTRAND,2,1,705.0,1050.0,877.5,3.05,4.6,3.83,20252,True
006143,H272,AL,RICALDONE,2,1,475.0,710.0,592.5,2.1,2.9,2.5,20252,True
004014,A709,CN,BASTIA MONDOVI',2,2,675.0,1005.0,840.0,2.5,3.5,3.0,20252,True
023074,H712,VR,SAN MAURO DI SALINE,2,2,760.0,1100.0,930.0,,,,20252,True
078072,E859,CS,MALITO,2,2,320.0,455.0,387.5,1.4,2.05,1.73,20252,True
057011,B934,RI,CASAPROTA,2,1,525.0,715.0,620.0,2.8,3.55,3.18,20252,True
094051,L696,IS,VASTOGIRARDI,2,2,260.0,390.0,325.0,,,,20252,True
012140,M101,VA,VIZZOLA TICINO,3,2,1065.0,1300.0,1182.5,3.6,5.2,4.4,20252,True
094004,A761,IS,BELMONTE DEL SANNIO,2,2,260.0,390.0,325.0,,,,20252,True
024080,G931,VI,POSINA,2,2,700.0,820.0,775.0,,,,20252,True
079004,A257,CZ,AMATO,2,2,470.0,585.0,527.5,1.65,2.0,1.83,20252,True
102004,B197,VV,BROGNATURO,2,2,297.5,382.5,340.0,1.2,1.5,1.35,20252,True
079134,I844,CZ,SORBO SAN BASILE,2,2,440.0,560.0,500.0,1.5,1.9,1.7,20252,True
004011,A629,CN,BARBARESCO,2,2,830.0,1200.0,1015.0,2.7,3.6,3.15,20252,True
066008,A656,AQ,BARETE,2,2,430.0,640.0,535.0,1.4,1.85,1.62,20252,True
080024,B966,RC,CASIGNANA,4,4,365.0,520.0,442.5,1.2,1.7,1.45,20252,True
011014,D758,SP,FRAMURA,4,4,2150.0,3100.0,2625.0,5.75,7.5,6.62,20252,True
058045,E091,RM,GORGA,2,1,625.0,900.0,762.5,2.55,3.55,3.05,20252,True
013113,E172,CO,GRIANTE,2,1,1275.0,1875.0,1575.0,5.2,7.6,6.4,20252,True
041048,G627,PU,PIETRARUBBIA,3,3,635.0,830.0,727.5,2.5,3.35,2.9,20252,True
018128,H505,PV,ROMAGNESE,2,1,730.0,770.0,750.0,1.9,2.5,2.2,20252,True
095070,L508,OR,USELLUS,3,3,220.0,330.0,275.0,0.9,1.2,1.05,20252,True
069047,E531,CH,LENTELLA,2,2,332.5,495.0,413.75,1.35,2.0,1.68,20252,True
071034,F777,FG,MOTTA MONTECORVINO,2,1,300.0,450.0,375.0,1.4,2.0,1.7,20252,True
001054,B637,TO,CANTOIRA,2,1,425.0,635.0,530.0,1.7,2.45,2.08,20252,True
071023,D459,FG,FAETO,3,2,300.0,425.0,362.5,0.95,1.35,1.15,20252,True
022184,I975,TN,STREMBO,3,1,1900.0,2200.0,2050.0,5.0,6.0,5.5,20252,True
018003,A171,PV,ALBONESE,2,1,780.0,880.0,830.0,,,,20252,True
016122,E370,BG,ISSO,2,1,620.0,755.0,687.5,3.15,4.15,3.65,20252,True
083053,F277,ME,MOIO ALCANTARA,2,1,355.0,517.5,436.25,1.25,1.65,1.45,20252,True
080017,B481,RC,CAMINI,2,2,430.0,630.0,530.0,1.3,1.9,1.6,20252,True
007069,L643,AO,VALPELLINE,2,2,890.0,1300.0,1095.0,,,,20252,True
008032,E346,IM,ISOLABONA,5,3,700.0,1050.0,875.0,3.7,5.4,4.55,20252,True
004177,H069,CN,PRIOLA,3,3,520.0,770.0,645.0,2.4,3.35,2.88,20252,True
076075,H808,PZ,SAN COSTANTINO ALBANESE,2,2,317.5,397.5,357.5,1.05,1.35,1.2,20252,True
076077,H994,PZ,SAN MARTINO D'AGRI,3,3,340.0,410.0,375.0,1.15,1.5,1.33,20252,True
101021,I057,KR,SAN NICOLA DELL'ALTO,2,1,350.0,480.0,415.0,1.0,1.4,1.2,20252,True
018149,I739,PV,SILVANO PIETRA,2,1,730.0,770.0,750.0,,,,20252,True
007067,L217,AO,TORGNON,3,3,1475.0,1950.0,1712.5,3.1,4.1,3.65,20252,True
034044,L641,PR,VALMOZZOLA,2,2,202.5,270.0,236.25,1.0,1.3,1.15,20252,True
016015,A517,BG,AVIATICO,2,1,750.0,900.0,825.0,3.25,4.25,3.75,20252,True
064060,F660,AV,MONTEVERDE,2,2,390.0,470.0,430.0,1.55,1.95,1.75,20252,True
083059,F773,ME,MOTTA D'AFFERMO,3,2,360.0,510.0,435.0,1.2,1.7,1.45,20252,True
033034,G696,PC,PIOZZANO,2,2,420.0,620.0,520.0,1.4,2.05,1.73,20252,True
070060,H454,CB,ROCCAVIVARA,2,2,280.0,420.0,350.0,1.6,2.4,2.0,20252,True
006170,L059,AL,TASSAROLO,2,2,460.0,690.0,575.0,2.1,3.15,2.62,20252,True
111026,D994,SU,GESICO,2,1,375.0,525.0,450.0,1.35,1.85,1.6,20252,True
030113,G736,UD,TAIPANA,2,2,440.0,650.0,545.0,1.7,2.5,2.1,20252,True
019049,E082,CR,GOMBITO,2,2,400.0,600.0,500.0,2.5,3.5,3.0,20252,True
019038,D186,CR,CROTTA D'ADDA,2,2,400.0,600.0,500.0,2.5,3.5,3.0,20252,True
004125,F312,CN,MOMBASIGLIO,2,2,495.0,740.0,617.5,2.4,3.4,2.9,20252,True
001154,F318,TO,MOMPANTERO,2,1,475.0,705.0,590.0,2.35,3.55,2.95,20252,True
018101,F739,PV,MORNICO LOSANA,2,1,770.0,870.0,820.0,,,,20252,True
018012,A718,PV,BATTUDA,2,1,900.0,990.0,945.0,2.2,2.4,2.3,20252,True
012010,A728,VA,BEDERO VALCUVIA,2,1,975.0,1225.0,1100.0,3.5,5.1,4.3,20252,True
060013,A763,FR,BELMONTE CASTELLO,2,2,327.5,470.0,398.75,,,,20252,True
012057,D185,VA,CROSIO DELLA VALLE,3,2,1075.0,1300.0,1187.5,3.65,5.3,4.47,20252,True
017135,G354,BS,PASPARDO,2,1,710.0,970.0,840.0,2.2,3.4,2.8,20252,True
058077,G704,RM,PISONIANO,2,1,550.0,775.0,662.5,2.25,3.25,2.75,20252,True
079005,A272,CZ,ANDALI,2,2,470.0,595.0,532.5,1.65,2.0,1.83,20252,True
069049,E611,CH,LISCIA,2,2,332.5,495.0,413.75,1.35,2.0,1.68,20252,True
006104,F404,AL,MONTALDO BORMIDA,2,1,570.0,710.0,640.0,1.9,2.7,2.3,20252,True
101003,B771,KR,CARFIZZI,2,1,350.0,480.0,415.0,1.0,1.4,1.2,20252,True
005020,B991,AT,CASORZO MONFERRATO,2,2,340.0,505.0,422.5,1.85,2.1,1.98,20252,True
070018,C488,CB,CERCEPICCOLA,2,2,310.0,460.0,385.0,1.6,2.35,1.98,20252,True
079083,F780,CZ,MOTTA SANTA LUCIA,2,2,485.0,585.0,535.0,1.65,2.0,1.83,20252,True
016148,G068,BG,ONETA,2,2,620.0,810.0,715.0,2.35,3.3,2.82,20252,True
101026,L492,KR,UMBRIATICO,2,1,350.0,480.0,415.0,1.0,1.4,1.2,20252,True
013015,A670,CO,BARNI,2,1,710.0,1050.0,880.0,1.7,2.5,2.1,20252,True
004158,G240,CN,PAGNO,2,2,600.0,880.0,740.0,2.55,3.7,3.12,20252,True
078096,G411,CS,PEDIVIGLIANO,2,2,325.0,465.0,395.0,1.4,2.05,1.73,20252,True
090088,M292,SS,ERULA,2,1,525.0,750.0,637.5,2.2,3.1,2.65,20252,True
005021,C022,AT,CASSINASCO,2,2,340.0,505.0,422.5,1.9,2.3,2.1,20252,True
066079,H389,AQ,ROCCACASALE,2,2,420.0,620.0,520.0,1.4,1.9,1.65,20252,True
030042,D720,UD,FORNI DI SOTTO,2,2,570.0,850.0,710.0,2.1,3.1,2.6,20252,True
083070,H228,ME,REITANO,3,3,415.0,610.0,512.5,1.4,2.0,1.7,20252,True
018166,L562,PV,VAL DI NIZZA,3,2,730.0,890.0,810.0,,,,20252,True
077004,B391,MT,CALCIANO,3,3,350.0,520.0,435.0,1.1,1.3,1.2,20252,True
091025,D842,NU,GADONI,2,1,350.0,520.0,435.0,1.0,1.3,1.15,20252,True
004131,F355,CN,MONESIGLIO,2,2,525.0,775.0,650.0,2.5,3.6,3.05,20252,True
016210,L037,BG,TALEGGIO,2,1,665.0,795.0,730.0,3.45,4.25,3.85,20252,True
066107,M041,AQ,VILLETTA BARREA,2,2,680.0,940.0,810.0,1.85,2.7,2.27,20252,True
057005,A765,RI,BELMONTE IN SABINA,2,1,600.0,825.0,712.5,2.5,3.05,2.77,20252,True
065044,C940,SA,CONCA DEI MARINI,3,3,1300.0,1900.0,1600.0,3.1,4.2,3.65,20252,True
058090,H494,RM,ROIATE,2,1,650.0,950.0,800.0,2.4,3.5,2.95,20252,True
013218,I943,CO,STAZZONA,2,1,570.0,850.0,710.0,2.0,3.0,2.5,20252,True
090086,M282,SS,TERGU,2,1,550.0,790.0,670.0,2.3,3.25,2.78,20252,True
003083,E436,NO,LANDIONA,2,1,860.0,1250.0,1055.0,2.5,3.5,3.0,20252,True
025032,E687,BL,LORENZAGO DI CADORE,2,2,960.0,1200.0,1080.0,3.0,4.0,3.5,20252,True
006096,F293,AL,MOLINO DEI TORTI,2,2,540.0,690.0,615.0,1.65,2.15,1.9,20252,True
096038,F833,BI,MUZZANO,2,1,275.0,402.5,338.75,1.85,2.65,2.25,20252,True
001188,G505,TO,PESSINETTO,2,1,355.0,530.0,442.5,2.25,3.35,2.8,20252,True
103056,H033,VB,PREMIA,3,3,600.0,900.0,750.0,2.6,3.6,3.1,20252,True
103060,H203,VB,RE,3,3,750.0,1000.0,875.0,2.8,3.8,3.3,20252,True
102048,M138,VV,ZACCANOPOLI,2,2,305.0,417.5,361.25,1.25,1.6,1.42,20252,True
006112,F751,AL,MORSASCO,2,2,485.0,725.0,605.0,1.95,2.9,2.42,20252,True
019101,I909,CR,SPINEDA,2,2,400.0,500.0,450.0,2.5,3.3,2.9,20252,True
001092,C868,TO,COLLERETTO GIACOSA,2,1,385.0,580.0,482.5,2.15,3.25,2.7,20252,True
070062,H693,CB,SALCITO,2,2,270.0,400.0,335.0,1.5,2.2,1.85,20252,True
022165,H754,TN,SAMONE,2,1,1000.0,1100.0,1050.0,2.7,3.7,3.2,20252,True
001274,L247,TO,TORRE CANAVESE,2,1,420.0,630.0,525.0,2.2,3.2,2.7,20252,True
061040,E011,CE,GIANO VETUSTO,2,1,425.0,600.0,512.5,1.2,1.8,1.5,20252,True
054025,E613,PG,LISCIANO NICCONE,3,3,467.5,575.0,521.25,1.75,2.15,1.95,20252,True
011018,E842,SP,MAISSANA,2,2,525.0,775.0,650.0,2.75,3.5,3.12,20252,True
083044,E869,ME,MALVAGNA,3,1,332.5,495.0,413.75,1.3,1.8,1.55,20252,True
030136,M200,UD,ZUGLIO,2,2,440.0,650.0,545.0,1.5,2.2,1.85,20252,True
090016,B094,SS,BOTTIDDA,2,1,452.5,620.0,536.25,1.9,2.6,2.25,20252,True
018096,F449,PV,MONTECALVO VERSIGGIA,2,1,750.0,820.0,785.0,,,,20252,True
041031,F467,PU,MONTE CERIGNONE,2,2,695.0,990.0,842.5,2.55,3.35,2.95,20252,True
008022,C755,IM,CIVEZZA,2,2,1500.0,2200.0,1850.0,6.5,9.5,8.0,20252,True
019007,A986,CR,BORDOLANO,2,2,400.0,600.0,500.0,2.5,3.5,3.0,20252,True
070048,F748,CB,MORRONE DEL SANNIO,2,2,260.0,390.0,325.0,1.45,2.15,1.8,20252,True
086017,I891,EN,SPERLINGA,2,1,272.5,405.0,338.75,0.95,1.35,1.15,20252,True
018154,B014,PV,SUARDI,2,1,730.0,780.0,755.0,,,,20252,True
028010,A637,PD,BARBONA,3,2,710.0,835.0,772.5,2.6,3.1,2.85,20252,True
005036,C533,AT,CERRO TANARO,2,2,362.5,537.5,450.0,1.9,2.1,2.0,20252,True
005113,L807,AT,VESIME,2,2,377.5,560.0,468.75,2.0,2.35,2.17,20252,True
068046,L922,PE,VILLA CELIERA,2,2,380.0,570.0,475.0,1.85,2.7,2.27,20252,True
095030,F727,OR,MORGONGIORI,2,2,270.0,400.0,335.0,1.05,1.5,1.27,20252,True
008046,G890,IM,PORNASSIO,4,4,840.0,1050.0,945.0,4.0,4.65,4.2,20252,True
010063,L416,GE,TRIBOGNA,4,4,620.0,920.0,770.0,2.8,4.1,3.45,20252,True
022237,M351,TN,AMBLAR-DON,3,2,1200.0,1350.0,1275.0,2.8,3.25,3.02,20252,True
007002,A305,AO,ANTEY-SAINT-ANDRE',2,2,1400.0,2000.0,1700.0,3.85,5.3,4.58,20252,True
009007,A422,SV,ARNASCO,2,1,870.0,1300.0,1085.0,2.9,3.0,2.95,20252,True
017139,G474,BS,PERTICA ALTA,2,2,615.0,800.0,707.5,1.85,2.45,2.15,20252,True
065144,G887,SA,STELLA CILENTO,2,2,535.0,725.0,630.0,1.35,1.75,1.55,20252,True
079108,H846,CZ,SAN FLORO,3,3,585.0,770.0,677.5,2.1,2.8,2.45,20252,True
061044,E554,CE,LETINO,3,2,450.0,650.0,550.0,1.2,1.8,1.5,20252,True
069054,F578,CH,MONTENERODOMO,2,2,332.5,495.0,413.75,1.35,2.0,1.68,20252,True
021068,H019,BZ,PREDOI .PRETTAU.,2,2,1700.0,2100.0,1900.0,4.65,5.7,5.17,20252,True
103014,B380,VB,CALASCA-CASTIGLIONE,4,4,600.0,850.0,725.0,2.4,3.4,2.9,20252,True
007014,C594,AO,CHALLAND-SAINT-VICTOR,2,2,900.0,1350.0,1125.0,2.2,3.2,2.7,20252,True
002102,G940,VC,POSTUA,2,1,557.5,835.0,696.25,2.25,3.35,2.8,20252,True
078024,B607,CS,CANNA,2,2,285.0,380.0,332.5,1.55,2.15,1.85,20252,True
010020,D175,GE,CROCEFIESCHI,3,3,510.0,750.0,630.0,2.3,3.1,2.7,20252,True
016125,E524,BG,LENNA,2,1,695.0,850.0,772.5,3.6,4.45,4.03,20252,True
095083,E825,OR,MAGOMADAS,2,1,570.0,770.0,670.0,1.6,2.2,1.9,20252,True
094003,A567,IS,BAGNOLI DEL TRIGNO,2,2,260.0,390.0,325.0,,,,20252,True
004093,D856,CN,GAIOLA,2,2,620.0,905.0,762.5,2.5,3.5,3.0,20252,True
064037,E161,AV,GRECI,2,2,345.0,430.0,387.5,1.5,1.9,1.7,20252,True
070033,E722,CB,LUCITO,2,2,260.0,390.0,325.0,1.55,2.25,1.9,20252,True
097079,L022,LC,TACENO,2,1,925.0,1150.0,1037.5,3.6,4.5,4.05,20252,True
014030,D830,SO,FUSINE,3,3,650.0,900.0,775.0,2.3,3.25,2.75,20252,True
006101,F374,AL,MONLEALE,2,1,570.0,760.0,665.0,1.9,2.7,2.3,20252,True
070077,L069,CB,TAVENNA,2,2,270.0,400.0,335.0,1.5,2.2,1.85,20252,True
003051,C829,NO,COLAZZA,3,2,735.0,1085.0,910.0,2.5,3.55,3.02,20252,True
067022,D076,TE,CORTINO,2,2,305.0,455.0,380.0,1.0,1.5,1.25,20252,True
006067,D447,AL,FABBRICA CURONE,2,2,515.0,715.0,615.0,1.9,2.5,2.2,20252,True
016102,D684,BG,FONTENO,2,1,750.0,950.0,850.0,2.95,4.2,3.58,20252,True
076099,E033,PZ,GINESTRA,2,2,280.0,360.0,320.0,1.1,1.6,1.35,20252,True
064069,G340,AV,PAROLISE,2,2,475.0,600.0,537.5,2.05,2.5,2.27,20252,True
013077,D041,CO,CORRIDO,2,1,700.0,950.0,825.0,2.7,3.7,3.2,20252,True
005047,D052,AT,CORTAZZONE,2,2,362.5,537.5,450.0,1.9,2.15,2.02,20252,True
004129,F338,CN,MONCHIERO,2,2,645.0,935.0,790.0,2.5,3.6,3.05,20252,True
025054,I592,BL,SELVA DI CADORE,2,2,1450.0,1650.0,1550.0,3.8,4.6,4.35,20252,True
004035,B467,CN,CAMERANA,3,3,610.0,895.0,752.5,2.7,3.6,3.15,20252,True
066067,G449,AQ,PERETO,2,2,405.0,605.0,505.0,1.55,2.05,1.8,20252,True
017140,G475,BS,PERTICA BASSA,2,2,615.0,800.0,707.5,1.8,2.55,2.17,20252,True
030088,H196,UD,RAVASCLETTO,2,2,800.0,1200.0,1000.0,3.1,4.6,3.85,20252,True
096057,H681,BI,SALA BIELLESE,2,2,255.0,360.0,307.5,1.7,2.45,2.08,20252,True
069088,I526,CH,SCHIAVI DI ABRUZZO,2,2,362.5,540.0,451.25,1.45,2.15,1.8,20252,True
014003,A273,SO,ANDALO VALTELLINO,3,1,750.0,1000.0,875.0,2.5,3.35,2.92,20252,True
060029,C870,FR,COLLE SAN MAGNO,2,2,347.5,475.0,411.25,,,,20252,True
103039,E790,VB,MACUGNAGA,3,3,1050.0,1500.0,1275.0,3.7,5.1,4.4,20252,True
002118,H549,VC,RONSECCO,2,1,352.5,512.5,432.5,1.75,2.6,2.17,20252,True
059003,B527,LT,CAMPODIMELE,2,2,425.0,620.0,522.5,2.4,3.5,2.95,20252,True
066021,B658,AQ,CAPITIGNANO,2,2,420.0,630.0,525.0,1.5,1.8,1.65,20252,True
024106,D717,VI,TONEZZA DEL CIMONE,2,1,660.0,770.0,715.0,,,,20252,True
017093,E673,BS,LONGHENA,2,1,770.0,1100.0,935.0,2.2,3.5,2.85,20252,True
011021,G664,SP,PIGNONE,2,2,850.0,1225.0,1037.5,2.75,3.5,3.12,20252,True
090004,A287,SS,ANELA,2,1,425.0,620.0,522.5,1.8,2.6,2.2,20252,True
001029,B003,TO,BORGIALLO,2,1,370.0,550.0,460.0,2.75,4.1,3.42,20252,True
018040,C213,PV,CASTELNOVETTO,2,1,730.0,780.0,755.0,,,,20252,True
109012,F379,FM,MONSAMPIETRO MORICO,3,3,475.0,690.0,582.5,1.9,2.7,2.3,20252,True
091090,L153,NU,TETI,2,1,540.0,670.0,605.0,1.1,1.5,1.3,20252,True
095013,A721,OR,BAULADU,2,2,320.0,470.0,395.0,1.25,1.8,1.52,20252,True
065065,E814,SA,MAGLIANO VETERE,2,2,510.0,615.0,562.5,1.5,1.75,1.62,20252,True
022043,B856,TN,CARZANO,2,1,1100.0,1300.0,1200.0,2.8,3.2,3.0,20252,True
070064,H833,CB,SAN FELICE DEL MOLISE,2,2,260.0,390.0,325.0,1.45,2.15,1.8,20252,True
003164,M062,NO,VINZAGLIO,2,1,840.0,1250.0,1045.0,2.4,3.5,2.95,20252,True
070001,A050,CB,ACQUAVIVA COLLECROCE,2,1,270.0,400.0,335.0,1.4,2.0,1.7,20252,True
016085,D103,BG,COSTA VALLE IMAGNA,2,1,735.0,890.0,812.5,3.6,4.35,3.98,20252,True
003138,I736,NO,SILLAVENGO,2,1,860.0,1250.0,1055.0,2.5,3.5,3.0,20252,True
019070,G504,CR,PESSINA CREMONESE,2,2,400.0,600.0,500.0,2.5,4.0,3.25,20252,True
065111,H564,SA,ROSCIGNO,2,2,505.0,640.0,572.5,1.45,1.85,1.65,20252,True
005120,M058,AT,VINCHIO,2,2,372.5,550.0,461.25,1.7,2.3,2.0,20252,True
083002,A194,ME,ALI',2,2,430.0,640.0,535.0,1.6,2.3,1.95,20252,True
095044,F271,OR,RUINAS,2,2,270.0,400.0,335.0,1.05,1.5,1.27,20252,True
066058,F852,AQ,NAVELLI,3,3,355.0,530.0,442.5,1.25,1.7,1.52,20252,True
004238,L758,CN,VERDUNO,2,2,705.0,1025.0,865.0,2.5,3.6,3.05,20252,True
014035,E342,SO,MADESIMO,5,5,1750.0,2350.0,2050.0,5.4,7.3,6.35,20252,True
079077,F200,CZ,MIGLIERINA,2,2,477.5,575.0,526.25,1.65,2.0,1.83,20252,True
001186,G465,TO,PERRERO,2,1,435.0,650.0,542.5,2.05,3.1,2.58,20252,True
065093,G476,SA,PERTOSA,2,2,570.0,750.0,660.0,1.8,2.3,2.05,20252,True
066088,I121,AQ,SAN PIO DELLE CAMERE,3,3,400.0,590.0,495.0,1.2,1.7,1.45,20252,True
066094,I543,AQ,SCONTRONE,2,2,410.0,615.0,512.5,1.15,1.7,1.43,20252,True
076093,L439,PZ,TRIVIGNO,2,2,335.0,420.0,377.5,1.1,1.5,1.3,20252,True
013063,C482,CO,CERANO D'INTELVI,2,1,825.0,1050.0,937.5,3.1,3.95,3.52,20252,True
033017,D054,PC,CORTE BRUGNATELLA,2,2,450.0,660.0,555.0,1.45,2.15,1.8,20252,True
096025,D350,BI,DORZANO,2,1,287.5,395.0,341.25,1.95,2.6,2.27,20252,True
008048,H180,IM,RANZO,4,4,600.0,900.0,750.0,3.2,4.6,3.9,20252,True
062072,I455,BN,SASSINORO,2,2,525.0,725.0,625.0,2.65,3.9,3.27,20252,True
066103,L958,AQ,VILLALAGO,2,2,600.0,900.0,750.0,1.6,2.3,1.95,20252,True
019108,L296,CR,TORRICELLA DEL PIZZO,2,2,400.0,500.0,450.0,2.5,3.3,2.9,20252,True
005004,A352,AT,ARAMENGO,2,2,355.0,527.5,441.25,1.9,2.1,2.0,20252,True
069012,B853,CH,CARUNCHIO,2,2,332.5,495.0,413.75,1.35,2.0,1.68,20252,True
097018,C024,LC,CASSINA VALSASSINA,2,1,1050.0,1400.0,1225.0,4.0,5.5,4.75,20252,True
001023,A673,TO,BARONE CANAVESE,2,1,430.0,640.0,535.0,2.7,4.05,3.38,20252,True
094019,D595,IS,FILIGNANO,2,2,325.0,485.0,405.0,,,,20252,True
016048,B471,BG,CAMERATA CORNELLO,2,1,675.0,820.0,747.5,3.3,4.4,3.85,20252,True
017110,F375,BS,MONNO,2,1,730.0,1000.0,865.0,2.3,3.6,2.95,20252,True
005086,G692,AT,PIOVA' MASSAIA,2,2,355.0,527.5,441.25,1.9,2.3,2.1,20252,True
004139,F608,CN,MONTEROSSO GRANA,2,2,640.0,930.0,785.0,2.7,3.6,3.15,20252,True
056044,H071,VT,PROCENO,2,1,450.0,650.0,550.0,2.3,3.2,2.75,20252,True
078008,A234,CS,ALTILIA,2,2,320.0,455.0,387.5,1.4,2.05,1.73,20252,True
083026,D793,ME,FRAZZANO',2,1,322.5,462.5,392.5,1.3,1.75,1.52,20252,True
005056,E134,AT,GRANA MONFERRATO,2,2,362.5,537.5,450.0,1.9,2.1,2.0,20252,True
109003,A760,FM,BELMONTE PICENO,2,2,475.0,690.0,582.5,1.9,2.7,2.3,20252,True
017054,C691,BS,CIMBERGO,2,1,700.0,970.0,835.0,2.1,3.4,2.75,20252,True
030040,D718,UD,FORNI AVOLTRI,2,2,650.0,950.0,800.0,2.4,3.6,3.0,20252,True
005057,E159,AT,GRAZZANO BADOGLIO,2,2,422.5,630.0,526.25,2.1,2.8,2.45,20252,True
002070,E583,VC,LIGNANA,2,1,522.5,775.0,648.75,2.15,3.2,2.67,20252,True
014056,H493,SO,ROGOLO,4,3,800.0,1000.0,900.0,2.6,3.4,3.0,20252,True
013203,H679,CO,SALA COMACINA,2,1,1250.0,1775.0,1512.5,4.8,7.0,5.9,20252,True
016237,L894,BG,VIGOLO,2,1,640.0,790.0,715.0,3.4,4.45,3.92,20252,True
009008,A593,SV,BALESTRINO,2,1,950.0,1400.0,1175.0,2.9,3.0,2.95,20252,True
070007,B522,CB,CAMPOCHIARO,3,2,290.0,435.0,362.5,1.6,2.4,2.0,20252,True
041021,E351,PU,ISOLA DEL PIANO,2,2,625.0,850.0,737.5,2.7,3.7,3.2,20252,True
001141,E763,TO,LUSIGLIE',2,1,510.0,765.0,637.5,2.5,3.65,3.08,20252,True
006125,G334,AL,PARETO,2,2,512.5,670.0,591.25,1.7,2.2,1.95,20252,True
018130,H559,PV,ROSASCO,2,1,730.0,780.0,755.0,,,,20252,True
111083,I724,SU,SIDDI,2,1,300.0,400.0,350.0,1.35,1.75,1.55,20252,True
111020,D443,SU,ESTERZILI,2,1,410.0,610.0,510.0,1.0,1.4,1.2,20252,True
018145,I416,PV,SAN ZENONE AL PO,2,1,790.0,930.0,860.0,,,,20252,True
041006,B026,PU,BORGO PACE,3,2,515.0,715.0,615.0,2.35,3.05,2.7,20252,True
090022,B772,SS,CARGEGHE,4,1,630.0,855.0,742.5,2.65,3.55,3.1,20252,True
006152,H810,AL,SAN CRISTOFORO,2,1,370.0,550.0,460.0,1.5,2.2,1.85,20252,True
018021,B117,PV,BRALLO DI PREGOLA,2,1,750.0,820.0,785.0,2.5,2.6,2.55,20252,True
001111,D931,TO,GARZIGLIANA,2,1,590.0,885.0,737.5,2.8,4.2,3.5,20252,True
109028,F722,FM,MORESCO,2,2,480.0,700.0,590.0,1.9,3.0,2.45,20252,True
095032,F867,OR,NEONELI,2,2,265.0,395.0,330.0,1.15,1.6,1.38,20252,True
046014,D734,LU,FOSCIANDORA,2,2,475.0,710.0,592.5,1.3,1.95,1.62,20252,True
096031,F037,BI,MASSAZZA,2,1,250.0,350.0,300.0,1.7,2.45,2.08,20252,True
019023,C089,CR,CASTELDIDONE,2,2,400.0,550.0,475.0,2.5,3.5,3.0,20252,True
057024,C959,RI,CONFIGNI,2,1,550.0,765.0,657.5,2.65,3.2,2.92,20252,True
009053,H266,SV,RIALTO,2,1,800.0,1000.0,900.0,2.6,3.0,2.8,20252,True
016225,L579,BG,VALGOGLIO,2,1,750.0,950.0,850.0,2.75,4.3,3.53,20252,True
096034,F189,BI,MIAGLIANO,2,1,287.5,410.0,348.75,1.9,2.7,2.3,20252,True
008035,F290,IM,MOLINI DI TRIORA,3,3,480.0,720.0,600.0,2.1,3.0,2.55,20252,True
030061,F574,UD,MONTENARS,2,2,440.0,650.0,545.0,1.7,2.5,2.1,20252,True
022209,L575,TN,VALFLORIANA,2,1,1200.0,1400.0,1300.0,3.0,3.5,3.25,20252,True
083006,A698,ME,BASICO',2,2,325.0,485.0,405.0,1.45,2.05,1.75,20252,True
091018,D376,NU,DUALCHI,2,1,350.0,520.0,435.0,1.0,1.5,1.25,20252,True
083040,E594,ME,LIMINA,2,1,367.5,547.5,457.5,1.05,1.55,1.3,20252,True
018152,I894,PV,SPESSA,2,1,790.0,930.0,860.0,,,,20252,True
008019,C657,IM,CHIUSANICO,4,4,975.0,1450.0,1212.5,4.9,6.1,5.47,20252,True
004134,F405,CN,MONTALDO DI MONDOVI',3,3,495.0,740.0,617.5,2.4,3.4,2.9,20252,True
001169,F948,TO,NOVALESA,2,1,430.0,640.0,535.0,1.8,2.7,2.25,20252,True
057056,G770,RI,POGGIO SAN LORENZO,3,2,590.0,775.0,675.0,2.5,3.5,3.0,20252,True
065086,G192,SA,OTTATI,2,2,505.0,640.0,572.5,1.45,1.85,1.65,20252,True
016191,I168,BG,SANTA BRIGIDA,2,1,695.0,850.0,772.5,3.6,4.45,4.03,20252,True
006019,B029,AL,BORGORATTO ALESSANDRINO,2,2,630.0,730.0,680.0,2.0,2.65,2.32,20252,True
058031,C702,RM,CINETO ROMANO,2,1,575.0,850.0,712.5,2.25,3.25,2.75,20252,True
006159,I645,AL,SERRALUNGA DI CREA,2,2,410.0,615.0,512.5,1.75,2.6,2.17,20252,True
017191,L406,BS,TREVISO BRESCIANO,2,2,610.0,795.0,702.5,1.95,2.5,2.23,20252,True
066023,B677,AQ,CAPPADOCIA,3,3,470.0,705.0,587.5,1.25,1.85,1.55,20252,True
007024,D356,AO,DOUES,2,2,870.0,1250.0,1060.0,,,,20252,True
094048,I507,IS,SCAPOLI,2,2,260.0,390.0,325.0,,,,20252,True
012041,B999,VA,CASSANO VALCUVIA,2,1,910.0,1150.0,1030.0,3.3,4.9,4.1,20252,True
014028,D456,SO,FAEDO VALTELLINO,4,4,650.0,850.0,725.0,2.2,2.8,2.45,20252,True
096033,F167,BI,MEZZANA MORTIGLIENGO,2,2,235.0,332.5,283.75,1.5,2.15,1.82,20252,True
005063,F254,AT,MOASCA,2,2,372.5,550.0,461.25,1.7,2.15,1.92,20252,True
006120,G193,AL,OTTIGLIO,2,2,502.5,645.0,573.75,1.5,1.95,1.73,20252,True
090053,G225,SS,PADRIA,2,1,425.0,575.0,500.0,1.8,2.4,2.1,20252,True
019013,B679,CR,CAPPELLA CANTONE,2,2,400.0,600.0,500.0,2.5,3.5,3.0,20252,True
005054,D678,AT,FONTANILE,2,2,315.0,430.0,367.5,1.9,2.2,2.05,20252,True
076038,E246,PZ,GUARDIA PERTICARA,2,2,335.0,425.0,380.0,1.15,1.6,1.38,20252,True
005002,A173,AT,ALBUGNANO,2,2,320.0,465.0,392.5,1.5,1.9,1.7,20252,True
078147,L134,CS,TERRAVECCHIA,2,2,335.0,425.0,380.0,1.3,1.75,1.52,20252,True
076031,D497,PZ,FARDELLA,2,2,345.0,407.5,376.25,1.2,1.55,1.38,20252,True
019082,H316,CR,RIPALTA GUERINA,2,2,450.0,700.0,575.0,3.0,4.0,3.5,20252,True
083074,H455,ME,ROCCELLA VALDEMONE,2,1,360.0,520.0,440.0,1.35,1.95,1.65,20252,True
095012,A655,OR,BARESSA,2,2,280.0,415.0,347.5,1.15,1.6,1.38,20252,True
097093,M395,LC,VALVARRONE,4,4,790.0,1075.0,932.5,3.15,4.1,3.62,20252,True
012043,B312,VA,CASTELLO CABIAGLIO,2,1,975.0,1225.0,1100.0,3.6,5.3,4.45,20252,True
017087,E497,BS,LAVENONE,2,2,645.0,845.0,745.0,2.0,2.9,2.45,20252,True
065124,I032,SA,SAN MAURO LA BRUCA,2,1,560.0,710.0,635.0,1.5,1.9,1.7,20252,True
004250,M136,CN,VOTTIGNASCO,2,2,635.0,915.0,775.0,2.5,3.5,3.0,20252,True
022159,H552,TN,RONZONE,3,1,1200.0,1450.0,1325.0,3.0,3.8,3.4,20252,True
111079,I668,SU,SERRI,2,1,430.0,590.0,510.0,1.2,1.6,1.4,20252,True
001279,L340,TO,TRAVES,2,1,390.0,585.0,487.5,2.25,3.35,2.8,20252,True
078005,A105,CS,AIETA,2,2,370.0,495.0,432.5,1.5,2.2,1.85,20252,True
051023,F565,AR,MONTEMIGNAIO,2,2,700.0,1000.0,850.0,2.3,3.4,2.85,20252,True
011010,B839,SP,CARRODANO,2,2,650.0,950.0,800.0,2.75,3.5,3.12,20252,True
077007,D128,MT,CRACO,4,3,370.0,550.0,460.0,1.2,1.8,1.5,20252,True
005103,I555,AT,SCURZOLENGO,2,2,362.5,537.5,450.0,1.7,2.0,1.85,20252,True
001103,D532,TO,FENESTRELLE,3,2,545.0,815.0,680.0,2.6,3.9,3.25,20252,True
001026,A910,TO,BOBBIO PELLICE,2,1,440.0,655.0,547.5,2.5,3.7,3.1,20252,True
094037,B317,IS,POGGIO SANNITA,2,2,260.0,390.0,325.0,,,,20252,True
058021,B932,RM,CASAPE,2,1,575.0,850.0,712.5,2.4,3.4,2.9,20252,True
004186,H378,CN,ROBURENT,4,4,460.0,690.0,575.0,1.9,2.8,2.35,20252,True
022015,A863,TN,BIENO,2,1,1100.0,1300.0,1200.0,2.7,3.2,2.95,20252,True
102022,F364,VV,MONGIANA,2,2,300.0,382.5,341.25,1.25,1.55,1.4,20252,True
062051,G626,BN,PIETRAROJA,2,2,475.0,625.0,550.0,2.15,3.15,2.65,20252,True
010061,L167,GE,TIGLIETO,3,3,470.0,700.0,585.0,2.2,3.2,2.7,20252,True
005048,D072,AT,CORTIGLIONE,2,2,372.5,550.0,461.25,1.7,2.15,1.92,20252,True
014025,D258,SO,DAZIO,2,1,875.0,1050.0,962.5,2.75,3.4,3.08,20252,True
012069,D551,VA,FERRERA DI VARESE,2,1,930.0,1150.0,1040.0,3.4,5.1,4.25,20252,True
079065,E274,CZ,JACURSO,2,2,427.5,575.0,501.25,1.65,2.0,1.83,20252,True
001239,H820,TO,SAN DIDERO,2,1,770.0,1150.0,960.0,3.0,4.5,3.75,20252,True
068040,I649,PE,SERRAMONACESCA,3,3,377.5,565.0,471.25,1.9,2.8,2.35,20252,True
005106,I698,AT,SETTIME,2,2,377.5,560.0,468.75,2.0,2.35,2.17,20252,True
025062,L584,BL,VALLADA AGORDINA,3,3,760.0,910.0,835.0,3.3,3.75,3.52,20252,True
001312,M080,TO,VISTRORIO,2,1,400.0,600.0,500.0,1.75,2.65,2.2,20252,True
057038,F319,RI,MOMPEO,2,1,550.0,800.0,675.0,3.15,4.2,3.67,20252,True
066081,H400,AQ,ROCCA DI CAMBIO,2,2,850.0,1200.0,1025.0,2.45,3.6,3.03,20252,True
046008,B760,LU,CAREGGINE,2,2,535.0,800.0,667.5,1.75,2.6,2.17,20252,True
068008,B827,PE,CARPINETO DELLA NORA,2,2,375.0,555.0,465.0,1.9,2.75,2.33,20252,True
078092,G320,CS,PAPASIDERO,2,2,275.0,380.0,327.5,1.25,1.7,1.48,20252,True
019093,I498,CR,SCANDOLARA RIPA D'OGLIO,2,2,400.0,600.0,500.0,2.5,3.5,3.0,20252,True
014059,I636,SO,SERNIO,3,3,700.0,900.0,800.0,2.4,3.1,2.75,20252,True
080026,C695,RC,CIMINA',2,2,375.0,525.0,450.0,1.3,1.8,1.55,20252,True
043020,D853,MC,GAGLIOLE,2,2,425.0,750.0,587.5,1.5,2.9,2.2,20252,True
005084,G593,AT,PIEA,2,2,362.5,537.5,450.0,1.7,2.0,1.85,20252,True
018124,H375,PV,ROBECCO PAVESE,2,1,750.0,870.0,810.0,,,,20252,True
076005,A415,PZ,ARMENTO,2,2,312.5,377.5,345.0,1.0,1.35,1.17,20252,True
006070,D759,AL,FRANCAVILLA BISIO,2,2,545.0,700.0,622.5,1.9,2.55,2.23,20252,True
018142,I230,PV,SANTA MARGHERITA DI STAFFORA,2,1,680.0,750.0,715.0,,,,20252,True
006085,E191,AL,GRONDONA,2,2,522.5,655.0,588.75,1.8,2.2,2.0,20252,True
097050,F265,LC,MOGGIO,2,1,1050.0,1500.0,1275.0,4.1,5.7,4.9,20252,True
096043,G577,BI,PIATTO,3,3,300.0,430.0,365.0,2.0,2.8,2.4,20252,True
080079,I198,RC,SANT'AGATA DEL BIANCO,2,2,375.0,535.0,455.0,1.2,1.75,1.48,20252,True
082081,I538,PA,SCILLATO,2,2,355.0,500.0,427.5,1.2,1.8,1.5,20252,True
004218,I646,CN,SERRALUNGA D'ALBA,2,2,800.0,1200.0,1000.0,2.8,3.9,3.35,20252,True
076019,B743,PZ,CARBONE,2,2,320.0,375.0,347.5,1.1,1.35,1.22,20252,True
011009,B838,SP,CARRO,2,2,600.0,900.0,750.0,2.5,3.5,3.0,20252,True
005049,D101,AT,COSSOMBRATO,2,2,362.5,537.5,450.0,1.9,2.15,2.02,20252,True
066047,E096,AQ,GORIANO SICOLI,2,2,305.0,450.0,377.5,1.0,1.45,1.23,20252,True
006106,F469,AL,MONTECHIARO D'ACQUI,2,2,470.0,705.0,587.5,2.1,3.15,2.62,20252,True
001185,G462,TO,PEROSA CANAVESE,2,1,365.0,545.0,455.0,1.8,2.65,2.22,20252,True
049019,I454,LI,SASSETTA,2,2,1050.0,1500.0,1275.0,5.25,7.5,6.38,20252,True
111019,D431,SU,ESCOLCA,2,1,410.0,610.0,510.0,1.0,1.4,1.2,20252,True
057061,H427,RI,ROCCANTICA,2,2,565.0,810.0,687.5,2.9,3.55,3.22,20252,True
019114,M116,CR,VOLONGO,2,2,450.0,550.0,475.0,2.5,3.5,3.0,20252,True
096086,M373,BI,CAMPIGLIA CERVO,2,2,250.0,355.0,302.5,1.7,2.4,2.05,20252,True
006056,C432,AL,CELLA MONTE,2,2,485.0,635.0,560.0,1.6,2.15,1.88,20252,True
070066,H920,CB,SAN GIOVANNI IN GALDO,2,2,300.0,450.0,375.0,1.55,2.3,1.93,20252,True
090007,A606,SS,BANARI,2,1,400.0,600.0,500.0,1.7,2.5,2.1,20252,True
103010,A742,VB,BELGIRATE,2,2,1100.0,1575.0,1337.5,3.9,5.5,4.7,20252,True
009039,F226,SV,MIOGLIA,2,1,475.0,710.0,592.5,1.8,2.0,1.9,20252,True
010042,G093,GE,ORERO,3,3,465.0,690.0,577.5,1.7,2.2,1.95,20252,True
006155,I150,AL,SAN SEBASTIANO CURONE,2,2,512.5,670.0,591.25,1.6,2.1,1.85,20252,True
004020,A782,CN,BENEVELLO,2,2,680.0,1000.0,840.0,2.5,3.6,3.05,20252,True
013037,B355,CO,CAGLIO,2,1,710.0,1050.0,880.0,1.7,2.5,2.1,20252,True
006026,B453,AL,CAMAGNA MONFERRATO,2,2,535.0,685.0,610.0,1.6,2.25,1.92,20252,True
001140,E759,TO,LUSERNETTA,2,1,390.0,590.0,490.0,2.5,3.8,3.15,20252,True
078120,H961,CS,SAN LORENZO BELLIZZI,2,2,325.0,405.0,365.0,1.35,1.75,1.55,20252,True
069011,B826,CH,CARPINETO SINELLO,2,2,362.5,540.0,451.25,1.45,2.15,1.8,20252,True
008020,C660,IM,CHIUSAVECCHIA,2,2,1125.0,1650.0,1400.0,5.25,7.1,6.18,20252,True
030029,C918,UD,COMEGLIANS,2,2,570.0,850.0,710.0,2.1,3.1,2.6,20252,True
111094,L513,SU,USSARAMANNA,2,1,350.0,450.0,400.0,1.35,1.75,1.55,20252,True
019028,C435,CR,CELLA DATI,2,2,450.0,600.0,525.0,2.5,3.5,3.0,20252,True
010052,H599,GE,ROVEGNO,2,2,445.0,650.0,547.5,1.9,2.65,2.28,20252,True
001003,A117,TO,ALA DI STURA,2,1,440.0,655.0,547.5,2.35,3.45,2.9,20252,True
065048,D011,SA,CORLETO MONFORTE,2,2,505.0,640.0,572.5,1.45,1.85,1.65,20252,True
094029,F580,IS,MONTENERO VAL COCCHIARA,2,2,260.0,390.0,325.0,,,,20252,True
018187,M162,PV,ZENEVREDO,2,1,870.0,940.0,905.0,,,,20252,True
011032,M177,SP,ZIGNAGO,2,2,600.0,875.0,737.5,2.25,3.0,2.62,20252,True
001017,A590,TO,BALDISSERO CANAVESE,2,1,340.0,510.0,425.0,2.0,3.0,2.5,20252,True
057034,E681,RI,LONGONE SABINO,2,1,515.0,750.0,632.5,2.6,3.35,2.97,20252,True
094041,H445,IS,ROCCASICURA,2,2,260.0,390.0,325.0,,,,20252,True
043008,B562,MC,CAMPOROTONDO DI FIASTRONE,2,2,425.0,725.0,575.0,1.4,2.6,2.0,20252,True
060034,D591,FR,FILETTINO,3,3,275.0,410.0,342.5,,,,20252,True
006139,G987,AL,PRASCO,2,1,500.0,750.0,625.0,2.0,2.9,2.45,20252,True
078113,H806,CS,SAN COSMO ALBANESE,2,2,370.0,465.0,417.5,1.55,2.05,1.8,20252,True
001264,I701,TO,SETTIMO ROTTARO,2,1,310.0,460.0,385.0,1.6,2.3,1.95,20252,True
004227,L241,CN,TORRE MONDOVI',2,2,485.0,720.0,602.5,2.3,3.3,2.8,20252,True
057026,D124,RI,COTTANELLO,2,1,475.0,725.0,600.0,2.6,3.5,3.05,20252,True
090038,E902,SS,MARA,2,1,420.0,630.0,525.0,1.75,2.6,2.17,20252,True
055025,G344,TR,PARRANO,2,2,600.0,900.0,750.0,2.75,4.75,3.75,20252,True
001233,H702,TO,SALERANO CANAVESE,3,1,435.0,650.0,542.5,2.35,3.5,2.92,20252,True
004220,I750,CN,SINIO,2,2,645.0,935.0,790.0,2.6,3.8,3.2,20252,True
001010,A282,TO,ANDRATE,2,1,355.0,530.0,442.5,1.85,2.75,2.3,20252,True
016145,G049,BG,OLMO AL BREMBO,2,1,785.0,890.0,837.5,3.05,3.9,3.47,20252,True
006134,G861,AL,PONTI,2,2,605.0,760.0,682.5,2.0,2.65,2.33,20252,True
065049,D195,SA,CUCCARO VETERE,2,2,525.0,635.0,580.0,1.25,1.7,1.48,20252,True
007026,D444,AO,ETROUBLES,2,2,1250.0,1650.0,1450.0,,,,20252,True
066105,M023,AQ,VILLA SANT'ANGELO,2,2,460.0,675.0,567.5,1.4,2.05,1.73,20252,True
008002,A338,IM,APRICALE,3,3,550.0,775.0,662.5,2.4,3.25,2.83,20252,True
076027,C539,PZ,CERSOSIMO,2,2,317.5,367.5,342.5,1.1,1.35,1.23,20252,True
018091,F171,PV,MEZZANA RABATTONE,2,1,760.0,890.0,825.0,,,,20252,True
066016,B569,AQ,CAMPOTOSTO,2,2,420.0,630.0,525.0,1.5,1.8,1.65,20252,True
019024,C115,CR,CASTEL GABBIANO,2,2,450.0,700.0,575.0,3.0,4.0,3.5,20252,True
065033,C235,SA,CASTELNUOVO DI CONZA,2,2,505.0,605.0,555.0,1.25,1.7,1.48,20252,True
022085,D573,TN,FIEROZZO,2,1,1150.0,1350.0,1250.0,2.7,3.2,2.95,20252,True
002059,D712,VC,FORMIGLIANA,2,1,470.0,700.0,585.0,2.05,3.15,2.6,20252,True
061038,D884,CE,GALLO MATESE,3,2,300.0,450.0,375.0,0.8,1.2,1.0,20252,True
098038,F102,LO,MELETI,2,2,760.0,1050.0,905.0,4.2,5.4,4.8,20252,True
065077,F731,SA,MORIGERATI,2,2,575.0,695.0,635.0,1.35,1.7,1.52,20252,True
111053,G382,SU,PAULI ARBAREI,2,1,300.0,400.0,350.0,1.35,1.75,1.55,20252,True
006182,L931,AL,VILLADEATI,2,2,535.0,630.0,582.5,1.6,1.95,1.77,20252,True
012056,D144,VA,CREMENAGA,2,1,930.0,1150.0,1040.0,3.4,5.1,4.25,20252,True
007048,G459,AO,PERLOZ,2,2,760.0,930.0,845.0,2.2,2.7,2.45,20252,True
006035,B840,AL,CARROSIO,2,2,430.0,645.0,537.5,1.95,2.9,2.42,20252,True
065128,I278,SA,SANT'ANGELO A FASANELLA,2,2,505.0,640.0,572.5,1.45,1.85,1.65,20252,True
006025,B311,AL,CABELLA LIGURE,2,2,420.0,630.0,525.0,1.8,2.65,2.22,20252,True
067036,H440,TE,ROCCA SANTA MARIA,2,2,295.0,440.0,367.5,0.95,1.4,1.18,20252,True
004057,C323,CN,CASTINO,2,2,590.0,850.0,720.0,2.5,3.6,3.05,20252,True
004199,H695,CN,SALE DELLE LANGHE,2,2,550.0,820.0,685.0,2.5,3.6,3.05,20252,True
006014,A738,AL,BELFORTE MONFERRATO,2,2,610.0,815.0,712.5,2.65,3.15,2.9,20252,True
006028,B629,AL,CANTALUPO LIGURE,2,2,425.0,635.0,530.0,1.85,2.75,2.3,20252,True
083055,F368,ME,MONGIUFFI MELIA,2,1,430.0,640.0,535.0,1.7,2.1,1.9,20252,True
004137,F550,CN,MONTELUPO ALBESE,2,2,600.0,870.0,735.0,2.6,3.8,3.2,20252,True
064102,I843,AV,SORBO SERPICO,2,2,417.5,510.0,463.75,1.9,2.25,2.07,20252,True
001133,E566,TO,LEVONE,2,1,470.0,705.0,587.5,2.35,3.5,2.92,20252,True
103007,A610,VB,BANNIO ANZINO,3,3,550.0,800.0,675.0,2.2,3.0,2.6,20252,True
019019,B890,CR,CASALETTO DI SOPRA,2,2,450.0,700.0,575.0,3.0,4.0,3.5,20252,True
065074,F507,SA,MONTEFORTE CILENTO,2,2,510.0,615.0,562.5,1.5,1.75,1.62,20252,True
017005,A288,BS,ANFO,2,1,730.0,930.0,830.0,2.2,3.2,2.7,20252,True
025017,D247,BL,DANTA DI CADORE,2,2,905.0,1125.0,1015.0,2.5,3.2,2.85,20252,True
030089,H200,UD,RAVEO,2,2,440.0,650.0,545.0,1.5,2.2,1.85,20252,True
004087,D511,CN,FAULE,2,2,715.0,1040.0,877.5,2.7,3.6,3.15,20252,True
070058,H311,CB,RIPABOTTONI,2,2,260.0,390.0,325.0,1.45,2.15,1.8,20252,True
096023,D219,BI,CURINO,2,2,230.0,327.5,278.75,1.5,2.15,1.82,20252,True
007028,D666,AO,FONTAINEMORE,2,2,850.0,1200.0,1025.0,2.4,2.85,2.62,20252,True
078140,I642,CS,SERRA D'AIELLO,2,2,280.0,405.0,342.5,1.25,1.8,1.52,20252,True
007029,D839,AO,GABY,2,2,1350.0,1950.0,1650.0,3.45,4.9,4.17,20252,True
008047,H027,IM,PRELA',3,3,650.0,880.0,765.0,3.0,3.3,3.05,20252,True
076049,F249,PZ,MISSANELLO,2,2,310.0,370.0,340.0,1.1,1.4,1.25,20252,True
006072,D777,AL,FRASSINELLO MONFERRATO,2,1,475.0,670.0,572.5,1.7,2.5,2.1,20252,True
013120,E416,CO,LAINO,2,1,675.0,950.0,812.5,2.5,3.35,2.92,20252,True
094043,I096,IS,SAN PIETRO AVELLANA,2,2,260.0,390.0,325.0,,,,20252,True
083022,D635,ME,FLORESTA,2,1,465.0,690.0,577.5,1.7,2.25,1.98,20252,True
080076,I132,RC,SAN PROCOPIO,2,2,335.0,460.0,397.5,1.15,1.5,1.33,20252,True
014016,C418,SO,CEDRASCO,3,3,650.0,900.0,750.0,2.3,2.9,2.6,20252,True
060032,D483,FR,FALVATERRA,2,2,327.5,445.0,386.25,,,,20252,True
090032,E376,SS,ITTIREDDU,2,1,450.0,650.0,550.0,1.9,2.7,2.3,20252,True
066074,G992,AQ,PRATA D'ANSIDONIA,3,3,340.0,505.0,422.5,0.85,1.25,1.05,20252,True
004195,H473,CN,RODDINO,2,2,650.0,935.0,792.5,2.6,3.8,3.2,20252,True
095060,I749,OR,SINI,2,2,255.0,380.0,317.5,1.1,1.55,1.33,20252,True
008068,M387,IM,MONTALTO CARPASIO,4,4,460.0,690.0,575.0,2.3,3.0,2.75,20252,True
013071,C787,CO,CLAINO CON OSTENO,2,1,750.0,950.0,850.0,3.6,4.55,4.07,20252,True
013074,C902,CO,COLONNO,2,1,1075.0,1575.0,1325.0,4.15,6.15,5.15,20252,True
057022,C880,RI,COLLI SUL VELINO,2,1,550.0,775.0,662.5,2.95,3.45,3.2,20252,True
090030,E019,SS,GIAVE,3,1,425.0,635.0,530.0,1.8,2.65,2.23,20252,True
094034,G523,IS,PETTORANELLO DEL MOLISE,3,2,260.0,390.0,325.0,,,,20252,True
016165,G583,BG,PIAZZATORRE,2,1,745.0,940.0,842.5,3.1,3.9,3.5,20252,True
103031,D706,VB,FORMAZZA,2,2,800.0,1125.0,962.5,3.0,4.1,3.55,20252,True
002067,E433,VC,LAMPORO,2,1,480.0,715.0,597.5,1.95,2.95,2.45,20252,True
083045,E876,ME,MANDANICI,2,2,325.0,485.0,405.0,1.5,2.2,1.85,20252,True
076087,L082,PZ,TEANA,2,2,320.0,375.0,347.5,1.05,1.35,1.2,20252,True
091008,A880,NU,BIRORI,2,1,350.0,520.0,435.0,1.0,1.3,1.15,20252,True
070012,B871,CB,CASALCIPRANO,2,2,270.0,400.0,335.0,1.55,2.25,1.9,20252,True
006050,C160,AL,CASTELLETTO MERLI,2,2,535.0,705.0,620.0,1.85,2.4,2.12,20252,True
044034,F487,AP,MONTEDINOVE,2,2,425.0,620.0,522.5,1.7,2.55,2.12,20252,True
022091,D928,TN,GARNIGA TERME,2,1,1400.0,1600.0,1500.0,3.0,3.8,3.4,20252,True
019105,L221,CR,TORLINO VIMERCATI,2,2,500.0,700.0,600.0,3.0,4.0,3.5,20252,True
080021,B718,RC,CARAFFA DEL BIANCO,2,2,395.0,580.0,487.5,1.5,2.2,1.85,20252,True
006032,B769,AL,CAREZZANO,2,2,517.5,645.0,581.25,1.65,2.05,1.85,20252,True
070035,E780,CB,MACCHIA VALFORTORE,2,2,270.0,400.0,335.0,1.55,2.25,1.9,20252,True
006060,C962,AL,CONIOLO,2,2,587.5,750.0,668.75,2.15,2.55,2.35,20252,True
079052,D744,CZ,FOSSATO SERRALTA,4,4,410.0,485.0,447.5,1.5,1.9,1.7,20252,True
066060,G002,AQ,OFENA,2,2,285.0,425.0,355.0,0.95,1.4,1.18,20252,True
065150,L306,SA,TORTORELLA,2,2,575.0,695.0,635.0,1.25,1.7,1.48,20252,True
021014,B364,BZ,CAINES .KUENS.,2,2,1700.0,2150.0,1925.0,4.65,5.85,5.25,20252,True
004106,E540,CN,LEQUIO BERRIA,2,2,565.0,825.0,695.0,2.3,3.35,2.83,20252,True
090039,E992,SS,MARTIS,2,1,450.0,625.0,537.5,1.9,2.6,2.25,20252,True
033030,G195,PC,OTTONE,2,2,435.0,635.0,535.0,1.4,2.05,1.73,20252,True
079024,C453,CZ,CENADI,2,2,465.0,560.0,512.5,1.65,2.0,1.83,20252,True
091100,L514,NU,USSASSAI,2,1,520.0,640.0,580.0,1.0,1.3,1.15,20252,True
022018,A916,TN,BOCENAGO,2,1,1900.0,2200.0,2050.0,4.6,6.5,5.55,20252,True
005051,D207,AT,CUNICO,2,2,362.5,537.5,450.0,1.9,2.15,2.02,20252,True
091038,E517,NU,LEI,2,1,350.0,520.0,435.0,1.0,1.3,1.15,20252,True
091040,E646,NU,LOCULI,2,1,390.0,570.0,480.0,1.1,1.6,1.35,20252,True
005083,G430,AT,PENANGO,2,2,362.5,537.5,450.0,1.7,2.0,1.85,20252,True
065117,H732,SA,SALVITELLE,2,2,505.0,610.0,557.5,1.25,1.7,1.48,20252,True
078126,I108,CS,SAN PIETRO IN AMANTEA,2,2,345.0,465.0,405.0,1.3,1.8,1.55,20252,True
006024,B179,AL,BRIGNANO-FRASCATA,2,1,475.0,670.0,572.5,1.5,2.1,1.8,20252,True
066063,G142,AQ,ORTONA DEI MARSI,2,2,305.0,455.0,380.0,0.85,1.25,1.05,20252,True
061072,H459,CE,ROCCHETTA E CROCE,3,2,350.0,525.0,437.5,1.1,1.65,1.38,20252,True
022162,H634,TN,RUFFRE'-MENDOLA,3,2,1150.0,1300.0,1225.0,2.85,3.8,3.32,20252,True
001037,B209,TO,BROZOLO,2,1,470.0,700.0,585.0,2.45,3.65,3.05,20252,True
005082,G358,AT,PASSERANO MARMORITO,2,2,362.5,537.5,450.0,1.7,2.0,1.85,20252,True
070071,I122,CB,SAN POLO MATESE,3,2,275.0,410.0,342.5,1.5,2.2,1.85,20252,True
003144,L104,NO,TERDOBBIATE,2,1,860.0,1250.0,1055.0,2.5,3.5,3.0,20252,True
018156,L250,PV,TORRE BERETTI E CASTELLARO,2,1,730.0,880.0,805.0,,,,20252,True
043011,C582,MC,CESSAPALOMBO,3,3,425.0,725.0,575.0,1.5,2.7,2.1,20252,True
006071,D770,AL,FRASCARO,2,2,595.0,730.0,662.5,1.85,2.4,2.12,20252,True
016184,H535,BG,RONCOBELLO,2,1,785.0,940.0,862.5,3.1,3.9,3.5,20252,True
030108,I478,UD,SAVOGNA,2,2,410.0,590.0,500.0,1.4,2.0,1.7,20252,True
091091,L160,NU,TIANA,2,1,520.0,670.0,595.0,1.0,1.4,1.2,20252,True
005034,C440,AT,CELLE ENOMONDO,2,2,340.0,500.0,420.0,1.85,2.1,1.98,20252,True
001207,G997,TO,PRATIGLIONE,2,1,440.0,655.0,547.5,2.1,3.15,2.62,20252,True
030094,H289,UD,RIGOLATO,2,2,570.0,850.0,710.0,2.1,3.1,2.6,20252,True
069026,C856,CH,COLLEDIMEZZO,2,2,362.5,540.0,451.25,1.45,2.15,1.8,20252,True
103070,L666,VB,VANZONE CON SAN CARLO,4,4,575.0,850.0,712.5,2.3,3.2,2.75,20252,True
103001,A317,VB,ANTRONA SCHIERANCO,2,2,675.0,975.0,825.0,2.5,3.5,3.0,20252,True
085002,A957,CL,BOMPENSIERE,2,2,240.0,350.0,295.0,0.9,1.3,1.1,20252,True
018031,B929,PV,CASANOVA LONATI,2,1,730.0,770.0,750.0,,,,20252,True
001298,L857,TO,VIDRACCO,2,1,425.0,635.0,530.0,2.2,3.3,2.75,20252,True
018188,M166,PV,ZERBO,2,1,790.0,930.0,860.0,,,,20252,True
111002,A419,SU,ARMUNGIA,2,1,450.0,575.0,512.5,1.45,1.85,1.65,20252,True
090019,B265,SS,BULZI,2,1,550.0,750.0,650.0,2.3,3.1,2.7,20252,True
094012,C270,IS,CASTEL SAN VINCENZO,2,2,300.0,450.0,375.0,,,,20252,True
022138,G429,TN,PELUGO,2,1,1800.0,2100.0,1950.0,3.8,4.4,4.1,20252,True
018133,H799,PV,SAN CIPRIANO PO,2,1,780.0,910.0,845.0,,,,20252,True
058028,C543,RM,CERVARA DI ROMA,2,1,650.0,950.0,800.0,2.55,3.65,3.1,20252,True
018097,F638,PV,MONTESCANO,2,1,750.0,820.0,785.0,2.5,2.6,2.55,20252,True
013123,E462,CO,LASNIGO,2,1,655.0,975.0,815.0,1.6,2.35,1.98,20252,True
002135,I545,VC,SCOPELLO,2,1,1105.0,1625.0,1365.0,6.1,9.1,7.6,20252,True
064027,C606,AV,CHIANCHE,3,3,465.0,600.0,532.5,1.7,2.1,1.9,20252,True
057063,H713,RI,SALISANO,2,1,625.0,865.0,745.0,3.3,4.4,3.85,20252,True
097047,E947,LC,MARGNO,2,2,875.0,1175.0,1025.0,3.4,4.7,4.05,20252,True
090061,H507,SS,ROMANA,2,1,415.0,575.0,495.0,1.75,2.4,2.08,20252,True
001095,D092,TO,COSSANO CANAVESE,2,1,340.0,510.0,425.0,1.8,2.65,2.23,20252,True
019104,L164,CR,TICENGO,2,2,400.0,600.0,500.0,2.5,3.5,3.0,20252,True
008067,L943,IM,VILLA FARALDI,3,2,1200.0,1775.0,1487.5,5.9,7.75,6.82,20252,True
006046,C142,AL,CASTELLAR GUIDOBONO,2,2,570.0,745.0,657.5,1.85,2.6,2.23,20252,True
006110,F713,AL,MORBELLO,2,1,430.0,620.0,525.0,1.8,2.4,2.1,20252,True
080058,G394,RC,PAZZANO,2,2,420.0,590.0,505.0,1.3,1.9,1.6,20252,True
005122,M434,AT,MORANSENGO-TONENGO,3,3,362.5,537.5,450.0,1.9,2.1,2.0,20252,True
103002,A325,VB,ANZOLA D'OSSOLA,2,2,600.0,900.0,750.0,2.4,3.6,3.0,20252,True
004063,C530,CN,CERRETTO LANGHE,2,2,650.0,920.0,785.0,2.6,3.8,3.2,20252,True
093016,C791,PN,CLAUZETTO,2,2,400.0,600.0,500.0,1.5,2.2,1.85,20252,True
007042,E587,AO,LILLIANES,3,3,810.0,1125.0,967.5,2.35,2.8,2.57,20252,True
001143,E817,TO,MAGLIONE,2,1,365.0,540.0,452.5,2.05,3.05,2.55,20252,True
065113,H654,SA,SACCO,2,2,510.0,615.0,562.5,1.45,1.75,1.6,20252,True
009032,E066,SV,GIUSVALLA,2,2,400.0,560.0,480.0,1.3,1.9,1.6,20252,True
068032,G621,PE,PIETRANICO,2,2,370.0,555.0,462.5,1.8,2.65,2.23,20252,True
005092,H376,AT,ROBELLA,2,2,465.0,680.0,572.5,2.1,2.85,2.48,20252,True
021003,A306,BZ,ANTERIVO .ALTREI.,3,3,1700.0,2000.0,1800.0,5.0,6.3,5.65,20252,True
001179,G330,TO,PARELLA,3,1,410.0,610.0,510.0,2.35,3.5,2.92,20252,True
002115,H346,VC,RIVE,2,1,495.0,735.0,615.0,2.05,3.15,2.6,20252,True
018017,B030,PV,BORGORATTO MORMOROLO,2,1,730.0,820.0,775.0,,,,20252,True
001067,C241,TO,CASTELNUOVO NIGRA,2,1,280.0,420.0,350.0,1.4,2.1,1.75,20252,True
078035,C437,CS,CELLARA,2,2,365.0,485.0,425.0,1.5,2.2,1.85,20252,True
083018,C956,ME,CONDRO',2,2,430.0,640.0,535.0,1.4,2.0,1.7,20252,True
103066,L333,VB,TRAREGO VIGGIONA,2,2,800.0,1200.0,1000.0,3.2,4.4,3.8,20252,True
070040,F322,CB,MONACILIONI,2,2,270.0,400.0,335.0,1.55,2.25,1.9,20252,True
004175,H059,CN,PRIERO,2,2,520.0,770.0,645.0,2.4,3.35,2.88,20252,True
003044,C364,NO,CAVAGLIETTO,2,1,710.0,1035.0,872.5,2.3,3.25,2.77,20252,True
079088,G034,CZ,OLIVADI,2,2,487.5,585.0,536.25,1.65,2.0,1.83,20252,True
030107,I464,UD,SAURIS,3,3,840.0,1050.0,920.0,3.0,4.3,3.65,20252,True
043050,I569,MC,SEFRO,3,3,450.0,675.0,562.5,1.35,2.0,1.68,20252,True
025057,I876,BL,SOVERZENE,2,2,560.0,710.0,635.0,2.4,2.7,2.55,20252,True
019106,L225,CR,TORNATA,2,2,400.0,550.0,475.0,2.5,3.5,3.0,20252,True
067010,C040,TE,CASTEL CASTAGNA,2,2,365.0,540.0,452.5,1.2,1.75,1.48,20252,True
066061,G079,AQ,OPI,2,2,710.0,1025.0,867.5,1.7,2.55,2.12,20252,True
096075,L712,BI,VEGLIO,3,2,240.0,332.5,286.25,1.6,2.25,1.92,20252,True
103079,M404,VB,VALLE CANNOBINA,6,6,500.0,750.0,625.0,2.2,2.6,2.4,20252,True
005016,B469,AT,CAMERANO CASASCO,2,2,310.0,462.5,386.25,1.65,2.0,1.83,20252,True
095022,E087,OR,GONNOSCODINA,2,2,270.0,400.0,335.0,1.05,1.5,1.27,20252,True
001124,E368,TO,ISSIGLIO,2,1,385.0,580.0,482.5,1.8,2.7,2.25,20252,True
062078,F557,BN,SANT'ARCANGELO TRIMONTE,2,2,525.0,725.0,625.0,2.45,3.6,3.02,20252,True
004207,H812,CN,SAN DAMIANO MACRA,2,2,500.0,750.0,625.0,2.6,3.4,3.0,20252,True
022060,C727,TN,CIS,2,1,1150.0,1250.0,1200.0,2.5,3.2,2.85,20252,True
006116,F997,AL,ODALENGO GRANDE,2,2,425.0,630.0,527.5,1.65,2.45,2.05,20252,True
068029,G499,PE,PESCOSANSONESCO,2,2,375.0,560.0,467.5,1.9,2.8,2.35,20252,True
002134,I544,VC,SCOPA,2,1,980.0,1450.0,1215.0,6.1,9.1,7.6,20252,True
019091,I007,CR,SAN MARTINO DEL LAGO,2,2,300.0,450.0,375.0,2.0,2.8,2.4,20252,True
066026,C083,AQ,CASTEL DEL MONTE,2,2,425.0,635.0,530.0,1.3,1.9,1.6,20252,True
058037,D586,RM,FILACCIANO,2,1,650.0,975.0,812.5,2.75,4.0,3.38,20252,True
079055,D852,CZ,GAGLIATO,2,2,455.0,550.0,502.5,1.65,2.0,1.83,20252,True
069064,G435,CH,PENNAPIEDIMONTE,2,2,362.5,540.0,451.25,1.45,2.15,1.8,20252,True
018006,A538,PV,BADIA PAVESE,2,1,790.0,930.0,860.0,,,,20252,True
007018,B540,AO,CHAMPORCHER,2,2,1000.0,1450.0,1225.0,3.25,3.9,3.58,20252,True
010030,E695,GE,LORSICA,3,3,450.0,630.0,540.0,1.6,2.3,1.95,20252,True
009046,G155,SV,OSIGLIA,3,2,560.0,840.0,700.0,2.0,2.2,2.1,20252,True
010066,M105,GE,VOBBIA,2,2,325.0,480.0,402.5,2.0,2.9,2.45,20252,True
005039,C701,AT,CINAGLIO,2,2,362.5,537.5,450.0,1.9,2.15,2.02,20252,True
093014,C699,PN,CIMOLAIS,2,2,500.0,700.0,600.0,2.0,3.0,2.5,20252,True
007036,E369,AO,ISSIME,2,2,1350.0,1950.0,1650.0,3.7,5.5,4.6,20252,True
017095,E706,BS,LOZIO,2,2,710.0,975.0,842.5,2.2,3.4,2.8,20252,True
001153,F315,TO,MOMBELLO DI TORINO,2,1,555.0,830.0,692.5,2.85,4.2,3.52,20252,True
001036,B205,TO,BROSSO,2,1,360.0,540.0,450.0,1.85,2.7,2.27,20252,True
099021,C080,RN,CASTELDELCI,2,2,760.0,1040.0,900.0,2.7,3.7,3.2,20252,True
070022,C772,CB,DURONIA,2,2,260.0,390.0,325.0,1.45,2.15,1.8,20252,True
093019,D426,PN,ERTO E CASSO,2,2,425.0,600.0,512.5,1.75,2.6,2.17,20252,True
008009,A993,IM,BORGHETTO D'ARROSCIA,4,4,450.0,650.0,550.0,2.3,2.8,2.6,20252,True
049005,B685,LI,CAPRAIA ISOLA,2,1,2500.0,3700.0,3100.0,9.3,13.8,11.55,20252,True
109025,F664,FM,MONTE VIDON COMBATTE,2,2,462.5,660.0,561.25,1.85,2.6,2.22,20252,True
096081,M179,BI,ZIMONE,2,1,255.0,360.0,307.5,1.7,2.45,2.08,20252,True
019014,B680,CR,CAPPELLA DE' PICENARDI,2,2,400.0,600.0,500.0,2.5,3.5,3.0,20252,True
070014,C175,CB,CASTELLINO DEL BIFERNO,2,2,260.0,390.0,325.0,1.45,2.15,1.8,20252,True
019039,D203,CR,CUMIGNANO SUL NAVIGLIO,2,2,400.0,600.0,500.0,2.5,3.5,3.0,20252,True
005119,M019,AT,VILLA SAN SECONDO,2,2,362.5,537.5,450.0,1.7,2.0,1.85,20252,True
006054,C274,AL,CASTELSPINA,2,2,580.0,705.0,642.5,1.8,2.25,2.02,20252,True
025014,C872,BL,COLLE SANTA LUCIA,2,2,1350.0,1500.0,1425.0,3.2,4.3,3.75,20252,True
010044,G913,GE,PORTOFINO,4,4,6650.0,9800.0,8225.0,16.5,24.05,20.28,20252,True
004153,F972,CN,NUCETTO,2,2,585.0,840.0,712.5,2.7,3.6,3.15,20252,True
004178,H085,CN,PRUNETTO,2,2,560.0,840.0,700.0,2.4,3.35,2.88,20252,True
093046,L325,PN,TRAMONTI DI SOTTO,2,2,375.0,550.0,462.5,1.75,2.6,2.17,20252,True
022059,C712,TN,CINTE TESINO,3,1,1100.0,1300.0,1200.0,2.7,3.2,2.95,20252,True
109014,F493,FM,MONTEFALCONE APPENNINO,2,2,475.0,690.0,582.5,1.9,2.7,2.3,20252,True
005009,A812,AT,BERZANO DI SAN PIETRO,2,2,375.0,545.0,460.0,1.85,2.1,1.98,20252,True
103045,F192,VB,MIAZZINA,2,2,700.0,1000.0,850.0,2.8,3.8,3.3,20252,True
070047,F689,CB,MONTORIO NEI FRENTANI,2,2,260.0,390.0,325.0,1.45,2.15,1.8,20252,True
007059,H670,AO,SAINT-DENIS,2,2,930.0,1250.0,1090.0,2.5,3.05,2.78,20252,True
095034,F974,OR,NUGHEDU SANTA VITTORIA,2,2,265.0,395.0,330.0,1.0,1.4,1.2,20252,True
022173,I714,TN,SFRUZ,2,1,1200.0,1400.0,1300.0,3.4,4.5,3.95,20252,True
078007,A183,CS,ALESSANDRIA DEL CARRETTO,2,2,290.0,385.0,337.5,1.55,2.15,1.85,20252,True
002108,H132,VC,QUINTO VERCELLESE,2,1,537.5,795.0,666.25,2.15,3.3,2.72,20252,True
065131,I260,SA,SANTOMENNA,2,2,505.0,605.0,555.0,1.25,1.7,1.48,20252,True
064111,L301,AV,TORRIONI,2,2,407.5,502.5,455.0,1.7,2.1,1.9,20252,True
096014,B933,BI,CASAPINTA,2,1,250.0,355.0,302.5,1.65,2.35,2.0,20252,True
095085,F698,OR,MONTRESTA,2,1,520.0,670.0,595.0,1.2,1.4,1.3,20252,True
004249,M063,CN,VIOLA,3,3,517.5,775.0,646.25,2.3,3.3,2.8,20252,True
070034,E748,CB,LUPARA,2,2,260.0,390.0,325.0,1.45,2.15,1.8,20252,True
025046,I063,BL,SAN NICOLO' DI COMELICO,3,3,785.0,980.0,882.5,2.25,2.7,2.48,20252,True
018089,F122,PV,MENCONICO,2,1,770.0,940.0,855.0,,,,20252,True
025037,G442,BL,PERAROLO DI CADORE,3,3,710.0,860.0,785.0,2.7,3.2,2.95,20252,True
018119,H204,PV,REA,2,1,770.0,910.0,840.0,,,,20252,True
068001,A008,PE,ABBATEGGIO,2,2,375.0,560.0,467.5,1.85,2.75,2.3,20252,True
080002,A077,RC,AGNANA CALABRA,3,3,400.0,590.0,495.0,1.3,1.8,1.55,20252,True
103059,H107,VB,QUARNA SOTTO,2,2,550.0,800.0,675.0,2.2,2.8,2.5,20252,True
005094,H451,AT,ROCCAVERANO,2,2,345.0,510.0,427.5,2.0,2.3,2.15,20252,True
080094,L127,RC,TERRANOVA SAPPO MINULIO,2,2,340.0,477.5,408.75,1.2,1.6,1.4,20252,True
004149,F883,CN,NEVIGLIE,2,2,625.0,910.0,767.5,2.5,3.6,3.05,20252,True
008061,L430,IM,TRIORA,2,2,450.0,660.0,555.0,2.4,2.9,2.65,20252,True
095068,L488,OR,ULA' TIRSO,2,2,265.0,395.0,330.0,1.0,1.4,1.2,20252,True
004024,B018,CN,BORGOMALE,2,2,680.0,1000.0,840.0,2.5,3.6,3.05,20252,True
090024,C600,SS,CHEREMULE,2,1,425.0,600.0,512.5,1.8,2.5,2.15,20252,True
005006,A527,AT,AZZANO D'ASTI,2,2,340.0,505.0,422.5,2.0,2.35,2.17,20252,True
103047,F639,VB,MONTESCHENO,2,2,550.0,800.0,675.0,2.2,3.2,2.7,20252,True
066090,I336,AQ,SANT'EUSANIO FORCONESE,2,1,390.0,565.0,477.5,1.05,1.5,1.27,20252,True
006157,I429,AL,SARDIGLIANO,2,2,465.0,590.0,527.5,1.5,1.95,1.73,20252,True
079126,I589,CZ,SELLIA,2,2,487.5,585.0,536.25,1.65,2.0,1.83,20252,True
068045,L846,PE,VICOLI,2,2,375.0,560.0,467.5,1.8,2.7,2.25,20252,True
069044,E266,CH,GUILMI,2,2,332.5,495.0,413.75,1.35,2.0,1.68,20252,True
006007,A227,AL,ALTAVILLA MONFERRATO,2,2,330.0,495.0,412.5,1.1,1.65,1.38,20252,True
016159,G350,BG,PARZANICA,2,2,850.0,1000.0,925.0,3.6,4.75,4.18,20252,True
008041,G607,IM,PIETRABRUNA,2,2,800.0,1175.0,987.5,3.7,5.4,4.55,20252,True
090010,A827,SS,BESSUDE,2,1,415.0,610.0,512.5,1.75,2.55,2.15,20252,True
010023,D512,GE,FAVALE DI MALVARO,3,3,407.5,580.0,493.75,1.55,2.1,1.82,20252,True
018064,D732,PV,FORTUNAGO,2,1,820.0,910.0,865.0,,,,20252,True
103040,E795,VB,MADONNA DEL SASSO,2,2,600.0,850.0,725.0,2.4,3.2,2.8,20252,True
005062,E944,AT,MARETTO,2,2,360.0,532.5,446.25,1.85,2.1,1.98,20252,True
002163,M003,VC,VILLARBOIT,2,1,455.0,680.0,567.5,2.05,3.15,2.6,20252,True
082016,B533,PA,CAMPOFELICE DI FITALIA,2,2,290.0,415.0,352.5,1.0,1.2,1.1,20252,True
057047,B595,RI,ORVINIO,2,1,625.0,900.0,762.5,2.85,3.7,3.28,20252,True
022090,D775,TN,FRASSILONGO,2,1,1200.0,1350.0,1275.0,2.8,3.2,3.0,20252,True
006166,I911,AL,SPINETO SCRIVIA,2,2,517.5,615.0,566.25,1.65,2.0,1.82,20252,True
111029,E084,SU,GONI,2,1,450.0,575.0,512.5,1.45,1.85,1.65,20252,True
080047,E993,RC,MARTONE,2,2,410.0,590.0,500.0,1.6,2.1,1.85,20252,True
111092,L473,SU,TURRI,2,1,350.0,450.0,400.0,1.35,1.75,1.55,20252,True
057018,C841,RI,COLLALTO SABINO,2,1,500.0,700.0,600.0,2.55,3.2,2.88,20252,True
008064,L693,IM,VASIA,4,4,650.0,850.0,750.0,3.4,4.1,3.75,20252,True
069007,B057,CH,BORRELLO,2,2,332.5,495.0,413.75,1.35,2.0,1.68,20252,True
095080,D640,OR,FLUSSIO,2,1,410.0,570.0,490.0,1.0,1.3,1.15,20252,True
062036,E034,BN,GINESTRA DEGLI SCHIAVONI,2,2,500.0,650.0,575.0,2.3,3.2,2.75,20252,True
001123,E345,TO,ISOLABELLA,2,1,540.0,815.0,677.5,2.4,3.55,2.98,20252,True
091058,G064,NU,ONANI',2,1,410.0,560.0,485.0,1.0,1.4,1.2,20252,True
079007,A397,CZ,ARGUSTO,2,2,465.0,575.0,520.0,1.65,2.0,1.83,20252,True
058014,B472,RM,CAMERATA NUOVA,2,1,575.0,850.0,712.5,2.25,3.25,2.75,20252,True
025013,C672,BL,CIBIANA DI CADORE,2,2,760.0,910.0,835.0,2.3,2.7,2.5,20252,True
109019,F536,FM,MONTELEONE DI FERMO,2,2,475.0,690.0,582.5,1.9,2.7,2.3,20252,True
006156,I190,AL,SANT'AGATA FOSSILI,2,2,512.5,660.0,586.25,1.7,2.15,1.93,20252,True
080011,B097,RC,BOVA,2,2,445.0,650.0,547.5,1.6,2.3,1.95,20252,True
006057,C503,AL,CERESETO,2,2,485.0,635.0,560.0,1.6,2.15,1.88,20252,True
001075,C604,TO,CHIALAMBERTO,2,1,380.0,570.0,475.0,1.65,2.45,2.05,20252,True
031004,D321,GO,DOLEGNA DEL COLLIO,2,2,515.0,595.0,555.0,2.25,3.05,2.65,20252,True
006145,H343,AL,RIVARONE,2,2,620.0,755.0,687.5,1.95,2.6,2.28,20252,True
007064,H675,AO,SAINT-RHEMY-EN-BOSSES,2,2,1300.0,1650.0,1475.0,,,,20252,True
006038,B882,AL,CASALEGGIO BOIRO,2,2,525.0,675.0,600.0,1.75,2.3,2.03,20252,True
004076,D133,CN,CRAVANZANA,2,2,600.0,870.0,735.0,2.6,3.8,3.2,20252,True
018174,L784,PV,VERRETTO,2,1,750.0,820.0,785.0,,,,20252,True
016017,A533,BG,AZZONE,2,1,550.0,650.0,600.0,2.85,3.75,3.3,20252,True
018079,E439,PV,LANGOSCO,2,1,730.0,780.0,755.0,,,,20252,True
094001,A051,IS,ACQUAVIVA D'ISERNIA,2,2,260.0,390.0,325.0,,,,20252,True
095028,F270,OR,MOGORELLA,2,2,265.0,395.0,330.0,1.0,1.4,1.2,20252,True
006150,H677,AL,SALA MONFERRATO,2,2,400.0,600.0,500.0,1.55,2.3,1.93,20252,True
001238,H804,TO,SAN COLOMBANO BELMONTE,2,1,435.0,655.0,545.0,2.55,3.85,3.2,20252,True
071061,M131,FG,VOLTURARA APPULA,2,1,300.0,450.0,375.0,1.4,2.0,1.7,20252,True
001083,C679,TO,CICONIO,2,1,500.0,740.0,620.0,2.5,3.7,3.1,20252,True
009066,L730,SV,VENDONE,2,1,920.0,1350.0,1135.0,3.0,3.5,3.25,20252,True
076016,B443,PZ,CALVERA,2,2,320.0,375.0,347.5,1.05,1.35,1.2,20252,True
080019,B591,RC,CANDIDONI,2,2,380.0,550.0,465.0,1.3,1.7,1.5,20252,True
018058,D109,PV,COSTA DE' NOBILI,2,1,790.0,960.0,875.0,,,,20252,True
097032,D346,LC,DORIO,2,2,865.0,1115.0,990.0,3.15,4.2,3.67,20252,True
001155,F327,TO,MONASTERO DI LANZO,2,1,330.0,495.0,412.5,1.95,2.9,2.42,20252,True
057039,F430,RI,MONTASOLA,2,1,600.0,825.0,712.5,2.6,3.2,2.9,20252,True
014058,H868,SO,SAN GIACOMO FILIPPO,6,4,600.0,900.0,750.0,2.0,2.9,2.5,20252,True
009014,B048,SV,BORMIDA,2,1,410.0,610.0,510.0,1.3,1.4,1.35,20252,True
066042,D465,AQ,FAGNANO ALTO,2,2,430.0,640.0,535.0,1.3,1.9,1.6,20252,True
017083,E297,BS,INCUDINE,2,1,820.0,1000.0,910.0,2.2,3.5,2.85,20252,True
043056,L517,MC,USSITA,3,3,435.0,710.0,572.5,1.65,3.0,2.33,20252,True
004094,D894,CN,GAMBASCA,2,2,610.0,870.0,740.0,2.5,3.6,3.05,20252,True
006119,G124,AL,ORSARA BORMIDA,2,2,590.0,760.0,675.0,2.05,2.8,2.42,20252,True
005032,C253,AT,CASTEL ROCCHERO,2,2,350.0,512.5,431.25,1.7,2.15,1.92,20252,True
082069,I541,PA,SCLAFANI BAGNI,4,4,220.0,315.0,267.5,0.7,1.0,0.85,20252,True
095063,I861,OR,SORRADILE,2,2,265.0,395.0,330.0,1.0,1.4,1.2,20252,True
002052,D187,VC,CROVA,2,1,532.5,790.0,661.25,2.15,3.2,2.67,20252,True
005091,H366,AT,ROATTO,2,2,362.5,537.5,450.0,1.7,2.0,1.85,20252,True
006008,A245,AL,ALZANO SCRIVIA,2,2,387.5,527.5,457.5,1.2,1.6,1.4,20252,True
014021,C709,SO,CINO,2,2,650.0,850.0,750.0,2.3,3.0,2.65,20252,True
090028,D441,SS,ESPORLATU,2,1,425.0,625.0,525.0,1.8,2.6,2.2,20252,True
069097,L459,CH,TUFILLO,2,2,332.5,495.0,413.75,1.35,2.0,1.68,20252,True
058048,E382,RM,JENNE,2,1,525.0,775.0,650.0,2.15,3.05,2.6,20252,True
004198,H633,CN,RUFFIA,2,2,690.0,990.0,840.0,2.7,3.6,3.15,20252,True
096078,L933,BI,VILLA DEL BOSCO,3,1,297.5,412.5,355.0,2.0,2.75,2.38,20252,True
030045,E179,UD,GRIMACCO,2,2,410.0,590.0,500.0,1.4,2.0,1.7,20252,True
001209,H120,TO,QUASSOLO,2,1,350.0,500.0,425.0,1.8,2.7,2.25,20252,True
007061,H672,AO,SAINT-NICOLAS,2,2,1200.0,1550.0,1375.0,2.5,3.25,2.88,20252,True
019115,M127,CR,VOLTIDO,2,2,400.0,500.0,450.0,2.5,3.3,2.9,20252,True
095002,A097,OR,AIDOMAGGIORE,2,2,270.0,400.0,335.0,1.05,1.5,1.27,20252,True
017036,B676,BS,CAPOVALLE,2,1,700.0,910.0,805.0,2.0,2.2,2.1,20252,True
005095,H466,AT,ROCCHETTA PALAFEA,2,2,362.5,537.5,450.0,1.7,2.0,1.85,20252,True
004018,A774,CN,BELVEDERE LANGHE,2,2,695.0,1005.0,850.0,2.5,3.6,3.05,20252,True
001208,H100,TO,QUAGLIUZZO,3,1,370.0,555.0,462.5,2.15,3.2,2.67,20252,True
001224,H539,TO,RONCO CANAVESE,2,1,360.0,540.0,450.0,1.85,2.75,2.3,20252,True
021043,E481,BZ,LAUREGNO .LAUREIN.,2,2,1450.0,1750.0,1600.0,3.1,4.4,3.75,20252,True
005072,F386,AT,MONTABONE,2,2,362.5,537.5,450.0,1.7,2.0,1.85,20252,True
004219,I659,CN,SERRAVALLE LANGHE,2,2,645.0,935.0,790.0,2.6,3.8,3.2,20252,True
095005,A204,OR,ALLAI,2,2,270.0,400.0,335.0,1.05,1.45,1.25,20252,True
005037,C583,AT,CESSOLE,2,2,362.5,537.5,450.0,1.9,2.15,2.02,20252,True
064051,F397,AV,MONTAGUTO,2,2,365.0,442.5,403.75,1.5,1.95,1.73,20252,True
095054,I609,OR,SENIS,2,2,265.0,395.0,330.0,1.0,1.4,1.2,20252,True
018158,L262,PV,TORRE DE' NEGRI,2,1,790.0,960.0,875.0,,,,20252,True
080072,H903,RC,SAN GIOVANNI DI GERACE,3,3,390.0,560.0,475.0,1.3,1.8,1.55,20252,True
002003,A130,VC,ALBANO VERCELLESE,2,1,457.5,685.0,571.25,1.95,2.95,2.45,20252,True
018059,D127,PV,COZZO,2,1,780.0,880.0,830.0,,,,20252,True
007032,E167,AO,GRESSONEY-LA-TRINITE',2,2,1650.0,2300.0,1975.0,6.3,9.2,7.75,20252,True
094046,I282,IS,SANT'ANGELO DEL PESCO,2,2,260.0,390.0,325.0,,,,20252,True
077019,G037,MT,OLIVETO LUCANO,2,2,315.0,470.0,392.5,0.8,1.2,1.0,20252,True
058085,H401,RM,ROCCA DI CAVE,2,1,575.0,850.0,712.5,2.15,3.15,2.65,20252,True
066004,A318,AQ,ANVERSA DEGLI ABRUZZI,2,2,400.0,600.0,500.0,1.1,1.6,1.35,20252,True
004088,D523,CN,FEISOGLIO,2,2,645.0,935.0,790.0,2.4,3.5,2.95,20252,True
065110,H503,SA,ROMAGNANO AL MONTE,2,2,505.0,610.0,557.5,1.25,1.7,1.48,20252,True
109039,I774,FM,SMERILLO,2,2,475.0,690.0,582.5,1.9,2.7,2.3,20252,True
096009,B457,BI,CAMANDONA,3,2,215.0,295.0,255.0,1.5,2.1,1.8,20252,True
094036,G727,IS,PIZZONE,2,2,260.0,390.0,325.0,,,,20252,True
001085,C715,TO,CINZANO,2,1,420.0,630.0,525.0,2.2,3.3,2.75,20252,True
069039,D898,CH,GAMBERALE,2,2,332.5,495.0,413.75,1.35,2.0,1.68,20252,True
004221,I817,CN,SOMANO,2,2,645.0,935.0,790.0,2.5,3.6,3.05,20252,True
060077,L105,FR,TERELLE,2,2,347.5,490.0,418.75,,,,20252,True
061030,C716,CE,CIORLANO,2,1,375.0,550.0,462.5,1.1,1.6,1.35,20252,True
057019,C857,RI,COLLE DI TORA,2,1,675.0,925.0,800.0,2.8,3.4,3.1,20252,True
004150,F894,CN,NIELLA BELBO,2,2,625.0,895.0,760.0,2.5,3.6,3.05,20252,True
018108,G304,PV,PANCARANA,2,1,750.0,820.0,785.0,,,,20252,True
069089,L047,CH,TARANTA PELIGNA,2,2,332.5,495.0,413.75,1.35,2.0,1.68,20252,True
066055,M255,AQ,MOLINA ATERNO,2,2,280.0,415.0,347.5,0.9,1.3,1.1,20252,True
023034,D549,VR,FERRARA DI MONTE BALDO,2,2,740.0,1050.0,895.0,,,,20252,True
002066,E237,VC,GUARDABOSONE,2,1,557.5,835.0,696.25,2.25,3.35,2.8,20252,True
079071,E923,CZ,MARCEDUSA,2,2,455.0,550.0,502.5,1.65,2.0,1.83,20252,True
004122,F114,CN,MELLE,2,2,545.0,800.0,672.5,2.5,3.6,3.05,20252,True
006131,G807,AL,POMARO MONFERRATO,2,2,395.0,590.0,492.5,1.5,2.25,1.88,20252,True
006137,G960,AL,POZZOL GROPPO,2,2,387.5,502.5,445.0,1.2,1.6,1.4,20252,True
093045,L324,PN,TRAMONTI DI SOPRA,2,2,375.0,550.0,462.5,1.75,2.6,2.17,20252,True
004030,B167,CN,BRIAGLIA,2,2,730.0,1060.0,895.0,2.5,3.6,3.05,20252,True
006062,D102,AL,COSTA VESCOVATO,2,2,565.0,695.0,630.0,1.95,2.5,2.23,20252,True
096030,E821,BI,MAGNANO,2,2,230.0,320.0,275.0,1.5,2.2,1.85,20252,True
004231,L410,CN,TREZZO TINELLA,2,2,695.0,1025.0,860.0,2.5,3.6,3.05,20252,True
057045,F746,RI,MORRO REATINO,2,1,550.0,775.0,662.5,3.0,3.5,3.25,20252,True
097063,G241,LC,PAGNONA,2,1,725.0,990.0,857.5,2.6,3.7,3.15,20252,True
095048,I298,OR,VILLA SANT'ANTONIO,2,2,255.0,380.0,317.5,1.0,1.4,1.2,20252,True
103021,C478,VB,CEPPO MORELLI,3,3,550.0,800.0,675.0,2.2,3.2,2.7,20252,True
065023,B555,SA,CAMPORA,2,2,510.0,625.0,567.5,1.8,2.3,2.05,20252,True
095076,I721,OR,SIAPICCIA,2,2,265.0,395.0,330.0,1.0,1.4,1.2,20252,True
013030,B172,CO,BRIENNO,2,1,1100.0,1600.0,1350.0,4.0,6.0,5.0,20252,True
008005,A499,IM,AURIGO,2,2,520.0,650.0,585.0,2.2,2.6,2.4,20252,True
006108,F562,AL,MONTEMARZINO,2,2,540.0,715.0,627.5,1.75,2.35,2.05,20252,True
013195,H255,CO,REZZAGO,2,1,710.0,1050.0,880.0,1.7,2.5,2.1,20252,True
066001,A018,AQ,ACCIANO,2,2,300.0,450.0,375.0,0.85,1.25,1.05,20252,True
060017,B862,FR,CASALATTICO,3,3,325.0,430.0,377.5,,,,20252,True
006069,D559,AL,FRACONALTO,2,1,380.0,570.0,475.0,1.4,1.9,1.65,20252,True
005060,E633,AT,LOAZZOLO,2,2,372.5,552.5,462.5,1.9,2.1,2.0,20252,True
004159,G302,CN,PAMPARATO,4,4,495.0,715.0,605.0,2.4,3.4,2.9,20252,True
008049,H257,IM,REZZO,4,3,435.0,640.0,537.5,2.05,2.95,2.5,20252,True
006002,A146,AL,ALBERA LIGURE,2,2,310.0,460.0,385.0,1.25,1.85,1.55,20252,True
002065,E163,VC,GREGGIO,2,1,465.0,695.0,580.0,1.95,2.95,2.45,20252,True
069048,E559,CH,LETTOPALENA,2,2,332.5,495.0,413.75,1.35,2.0,1.68,20252,True
109021,F599,FM,MONTE RINALDO,2,2,475.0,690.0,582.5,1.9,2.7,2.3,20252,True
030111,I974,UD,STREGNA,2,2,410.0,590.0,500.0,1.4,2.0,1.7,20252,True
014001,A135,SO,ALBAREDO PER SAN MARCO,2,2,600.0,800.0,700.0,2.4,3.2,2.8,20252,True
007006,A521,AO,AVISE,2,2,960.0,1350.0,1155.0,2.0,2.6,2.3,20252,True
008007,A581,IM,BAIARDO,2,2,675.0,895.0,785.0,3.4,4.25,3.82,20252,True
006023,B109,AL,BOZZOLE,2,2,465.0,620.0,542.5,1.4,1.8,1.6,20252,True
064013,B367,AV,CAIRANO,2,2,380.0,462.5,421.25,1.55,2.0,1.77,20252,True
006135,G872,AL,PONZANO MONFERRATO,2,1,440.0,660.0,550.0,1.6,2.4,2.0,20252,True
005019,B707,AT,CAPRIGLIO,2,2,310.0,457.5,383.75,1.65,2.0,1.83,20252,True
066035,C778,AQ,CIVITELLA ALFEDENA,2,2,755.0,1025.0,890.0,2.0,2.8,2.4,20252,True
069029,D315,CH,DOGLIOLA,2,2,332.5,495.0,413.75,1.35,2.0,1.68,20252,True
083031,D885,ME,GALLODORO,2,1,367.5,547.5,457.5,1.2,1.6,1.4,20252,True
057032,E393,RI,LABRO,2,1,600.0,825.0,712.5,3.05,3.9,3.48,20252,True
057058,G951,RI,POZZAGLIA SABINA,2,1,725.0,975.0,850.0,2.75,3.75,3.25,20252,True
016056,B803,BG,CARONA,2,1,800.0,1105.0,952.5,3.8,5.2,4.5,20252,True
002091,G471,VC,PERTENGO,2,1,547.5,810.0,678.75,2.15,3.3,2.72,20252,True
094009,C082,IS,CASTEL DEL GIUDICE,2,2,260.0,390.0,325.0,,,,20252,True
066027,C090,AQ,CASTEL DI IERI,2,2,260.0,390.0,325.0,0.85,1.25,1.05,20252,True
091104,E649,NU,LODINE,2,1,515.0,690.0,602.5,1.4,1.9,1.65,20252,True
001278,L345,TO,TRAVERSELLA,2,1,340.0,510.0,425.0,2.0,3.0,2.5,20252,True
005010,B221,AT,BRUNO,2,2,380.0,560.0,470.0,1.65,2.15,1.9,20252,True
058017,B635,RM,CANTERANO,2,1,550.0,750.0,650.0,2.25,3.25,2.75,20252,True
001091,C867,TO,COLLERETTO CASTELNUOVO,2,1,300.0,450.0,375.0,1.9,2.9,2.4,20252,True
096001,A107,BI,AILOCHE,3,1,250.0,355.0,302.5,1.6,2.3,1.95,20252,True
006058,C507,AL,CERRETO GRUE,2,1,520.0,710.0,615.0,1.5,2.2,1.85,20252,True
005008,A770,AT,BELVEGLIO,2,2,350.0,515.0,432.5,1.65,2.15,1.9,20252,True
016249,D016,BG,CORNALBA,2,1,695.0,850.0,772.5,3.6,4.45,4.03,20252,True
070019,C764,CB,CIVITACAMPOMARANO,2,2,260.0,390.0,325.0,1.45,2.15,1.8,20252,True
030093,H244,UD,RESIUTTA,2,2,450.0,650.0,550.0,1.7,2.5,2.1,20252,True
080066,H408,RC,ROCCAFORTE DEL GRECO,4,4,375.0,540.0,457.5,1.5,2.2,1.85,20252,True
012001,A085,VA,AGRA,2,1,890.0,1150.0,1020.0,3.3,4.8,4.05,20252,True
004050,C167,CN,CASTELLETTO UZZONE,2,2,635.0,905.0,770.0,2.7,3.6,3.15,20252,True
005041,C804,AT,COAZZOLO,2,2,372.5,550.0,461.25,2.0,2.4,2.2,20252,True
078086,F907,CS,NOCARA,2,2,285.0,380.0,332.5,1.15,1.7,1.43,20252,True
006031,B765,AL,CARENTINO,2,2,622.5,750.0,686.25,2.2,2.8,2.5,20252,True
096067,L116,BI,TERNENGO,2,1,245.0,342.5,293.75,1.6,2.25,1.92,20252,True
069019,C123,CH,CASTELGUIDONE,2,2,332.5,495.0,413.75,1.35,2.0,1.68,20252,True
019027,C290,CR,CASTELVISCONTI,2,2,400.0,600.0,500.0,2.5,3.5,3.0,20252,True
018074,E081,PV,GOLFERENZO,2,1,820.0,940.0,880.0,,,,20252,True
078090,G307,CS,PANETTIERI,2,2,320.0,455.0,387.5,1.4,2.05,1.73,20252,True
070073,I289,CB,SANT'ANGELO LIMOSANO,2,2,260.0,390.0,325.0,1.45,2.15,1.8,20252,True
066097,I558,AQ,SECINARO,2,2,305.0,445.0,375.0,0.85,1.25,1.05,20252,True
070044,F548,CB,MONTELONGO,2,2,260.0,390.0,325.0,1.45,2.15,1.8,20252,True
056051,L150,VT,TESSENNANO,2,1,450.0,700.0,575.0,2.1,2.9,2.5,20252,True
008001,A111,IM,AIROLE,2,2,700.0,1050.0,875.0,2.3,3.1,2.7,20252,True
013021,A778,CO,BENE LARIO,2,1,700.0,900.0,800.0,2.7,3.5,3.1,20252,True
094047,B466,IS,SANT'ELENA SANNITA,2,2,300.0,450.0,375.0,,,,20252,True
077005,C723,MT,CIRIGLIANO,3,3,327.5,435.0,381.25,1.05,1.35,1.2,20252,True
070045,F569,CB,MONTEMITRO,2,2,260.0,390.0,325.0,1.45,2.15,1.8,20252,True
095008,A477,OR,ASSOLO,2,2,265.0,395.0,330.0,1.0,1.4,1.2,20252,True
003042,C149,NO,CASTELLAZZO NOVARESE,2,1,860.0,1250.0,1055.0,2.5,3.5,3.0,20252,True
041017,D807,PU,FRONTINO,2,2,510.0,710.0,610.0,2.3,3.1,2.7,20252,True
006083,E164,AL,GREMIASCO,2,2,517.5,670.0,593.75,1.65,2.1,1.88,20252,True
068036,H715,PE,SALLE,2,2,365.0,545.0,455.0,1.75,2.6,2.17,20252,True
006184,L970,AL,VILLAMIROGLIO,2,2,565.0,685.0,625.0,1.7,2.25,1.98,20252,True
103078,M370,VB,BORGOMEZZAVALLE,3,3,550.0,800.0,675.0,2.2,3.2,2.7,20252,True
019040,D278,CR,DEROVERE,2,2,450.0,600.0,525.0,2.5,3.5,3.0,20252,True
111024,D970,SU,GENURI,2,1,300.0,400.0,350.0,1.35,1.75,1.55,20252,True
079025,C472,CZ,CENTRACHE,2,2,455.0,550.0,502.5,1.65,2.0,1.83,20252,True
005045,D050,AT,CORTANDONE,2,2,362.5,537.5,450.0,1.9,2.15,2.02,20252,True
006086,E255,AL,GUAZZORA,2,2,540.0,690.0,615.0,1.75,2.1,1.93,20252,True
058019,B687,RM,CAPRANICA PRENESTINA,3,2,600.0,900.0,750.0,2.25,3.25,2.75,20252,True
005026,C154,AT,CASTELLERO,2,2,345.0,510.0,427.5,1.5,1.9,1.7,20252,True
025035,G169,BL,OSPITALE DI CADORE,2,2,660.0,810.0,735.0,2.0,2.5,2.25,20252,True
095058,I742,OR,SIMALA,2,2,255.0,380.0,317.5,1.0,1.4,1.2,20252,True
009020,C063,SV,CASTELBIANCO,3,2,1055.0,1550.0,1302.5,3.1,3.45,3.28,20252,True
004052,C176,CN,CASTELLINO TANARO,2,2,580.0,835.0,707.5,2.5,3.5,3.0,20252,True
001108,D781,TO,FRASSINETTO,2,1,445.0,670.0,557.5,1.75,2.6,2.17,20252,True
012099,F002,VA,MARZIO,2,1,930.0,1150.0,1040.0,3.4,5.1,4.25,20252,True
006107,F518,AL,MONTEGIOCO,2,2,540.0,715.0,627.5,1.75,2.25,2.0,20252,True
004173,G970,CN,PRADLEVES,2,2,630.0,920.0,775.0,2.25,3.3,2.77,20252,True
067024,D489,TE,FANO ADRIANO,2,2,370.0,550.0,460.0,1.15,1.7,1.43,20252,True
066100,L173,AQ,TIONE DEGLI ABRUZZI,2,2,395.0,585.0,490.0,1.15,1.65,1.4,20252,True
095077,D214,OR,CURCURIS,2,2,255.0,380.0,317.5,1.0,1.4,1.2,20252,True
014055,H192,SO,RASURA,3,2,675.0,900.0,787.5,2.3,3.0,2.65,20252,True
060061,H779,FR,SAN BIAGIO SARACINISCO,2,2,327.5,470.0,398.75,,,,20252,True
057042,F579,RI,MONTENERO SABINO,2,1,605.0,825.0,715.0,2.4,3.35,2.88,20252,True
093001,A283,PN,ANDREIS,2,2,450.0,625.0,537.5,2.0,3.0,2.5,20252,True
004092,D782,CN,FRASSINO,2,2,625.0,910.0,767.5,2.4,3.5,2.95,20252,True
006105,F455,AL,MONTECASTELLO,2,2,545.0,685.0,615.0,1.7,2.15,1.93,20252,True
022054,C400,TN,CAVIZZANA,2,1,1200.0,1400.0,1300.0,3.0,4.1,3.55,20252,True
080041,E402,RC,LAGANADI,2,2,400.0,590.0,495.0,1.4,2.0,1.7,20252,True
006175,L403,AL,TREVILLE,2,2,485.0,605.0,545.0,1.5,1.9,1.7,20252,True
098001,A004,LO,ABBADIA CERRETO,2,2,880.0,1200.0,1040.0,4.3,5.5,4.9,20252,True
002035,B952,VC,SAN GIACOMO VERCELLESE,2,1,522.5,770.0,646.25,2.15,3.3,2.72,20252,True
069034,D757,CH,FRAINE,2,2,332.5,495.0,413.75,1.35,2.0,1.68,20252,True
018103,F891,PV,NICORVO,2,1,730.0,780.0,755.0,,,,20252,True
068037,I332,PE,SANT'EUFEMIA A MAIELLA,2,2,422.5,630.0,526.25,1.95,2.9,2.42,20252,True
009069,M197,SV,ZUCCARELLO,2,1,1300.0,1550.0,1425.0,3.6,4.5,4.05,20252,True
006010,A523,AL,AVOLASCA,2,2,317.5,432.5,375.0,1.15,1.55,1.35,20252,True
066043,D681,AQ,FONTECCHIO,2,2,295.0,435.0,365.0,0.85,1.25,1.05,20252,True
001167,F927,TO,NOMAGLIO,2,1,350.0,525.0,437.5,1.7,2.55,2.12,20252,True
095040,G379,OR,PAU,2,2,255.0,380.0,317.5,1.0,1.4,1.2,20252,True
004164,G532,CN,PEZZOLO VALLE UZZONE,2,2,500.0,740.0,620.0,2.25,3.3,2.77,20252,True
001052,B605,TO,CANISCHIO,2,1,420.0,630.0,525.0,2.1,3.1,2.6,20252,True
097027,D131,LC,CRANDOLA VALSASSINA,2,1,935.0,1175.0,1055.0,3.55,4.4,3.98,20252,True
030084,H038,UD,PREONE,2,2,440.0,650.0,545.0,1.5,2.2,1.85,20252,True
004032,B200,CN,BRONDELLO,2,2,570.0,850.0,710.0,2.5,3.6,3.05,20252,True
057013,C098,RI,CASTEL DI TORA,2,1,650.0,875.0,762.5,2.8,3.4,3.1,20252,True
018042,C414,PV,CECIMA,2,1,730.0,870.0,800.0,,,,20252,True
069023,C768,CH,CIVITALUPARELLA,2,2,332.5,495.0,413.75,1.35,2.0,1.68,20252,True
057023,C946,RI,CONCERVIANO,2,1,500.0,715.0,607.5,2.4,3.0,2.7,20252,True
008033,E719,IM,LUCINASCO,3,2,540.0,710.0,625.0,2.35,3.1,2.73,20252,True
093006,A640,PN,BARCIS,2,2,500.0,700.0,600.0,2.0,3.0,2.5,20252,True
004161,G457,CN,PERLETTO,2,2,497.5,740.0,618.75,2.5,3.6,3.05,20252,True
018126,H450,PV,ROCCA SUSELLA,2,1,730.0,870.0,800.0,,,,20252,True
095009,A480,OR,ASUNI,2,2,270.0,400.0,335.0,1.05,1.45,1.25,20252,True
095036,F985,OR,NURECI,2,2,255.0,380.0,317.5,1.0,1.4,1.2,20252,True
080080,I214,RC,SANT'ALESSIO IN ASPROMONTE,2,2,400.0,590.0,495.0,1.4,2.1,1.75,20252,True
004015,A716,CN,BATTIFOLLO,2,2,550.0,795.0,672.5,2.15,3.1,2.62,20252,True
091050,F933,NU,NORAGUGUME,2,1,370.0,550.0,460.0,1.1,1.6,1.35,20252,True
002048,D132,VC,CRAVAGLIANA,2,1,512.5,760.0,636.25,2.15,3.2,2.67,20252,True
021065,G830,BZ,PONTE GARDENA .WAIDBRUCK.,3,2,2000.0,2400.0,2200.0,5.1,7.15,6.12,20252,True
060091,M083,FR,VITICUSO,2,2,327.5,470.0,398.75,,,,20252,True
001202,G978,TO,PRALI,2,1,1100.0,1600.0,1350.0,4.6,6.9,5.75,20252,True
005111,L531,AT,VAGLIO SERRA,2,2,372.5,550.0,461.25,1.7,2.3,2.0,20252,True
103076,M042,VB,VILLETTE,2,2,600.0,800.0,700.0,2.2,3.2,2.7,20252,True
058109,L625,RM,VALLINFREDA,2,1,575.0,825.0,700.0,2.15,2.9,2.52,20252,True
022026,B158,TN,BRESIMO,2,1,1000.0,1150.0,1075.0,2.6,3.2,2.9,20252,True
065153,G540,SA,VALLE DELL'ANGELO,2,2,510.0,615.0,562.5,1.25,1.7,1.48,20252,True
008066,L809,IM,VESSALICO,2,2,550.0,800.0,675.0,2.6,3.5,3.0,20252,True
095071,L991,OR,VILLANOVA TRUSCHEDU,2,2,265.0,395.0,330.0,1.0,1.4,1.2,20252,True
022045,C183,TN,CASTEL CONDINO,2,1,1200.0,1400.0,1300.0,2.8,3.3,3.05,20252,True
021069,H081,BZ,PROVES .PROVEIS.,2,2,1450.0,1750.0,1600.0,3.05,4.4,3.72,20252,True
016229,L655,BG,VALTORTA,2,1,665.0,795.0,730.0,3.45,4.25,3.85,20252,True
095073,A609,OR,VILLA VERDE,2,2,255.0,380.0,317.5,1.0,1.4,1.2,20252,True
070013,C066,CB,CASTELBOTTACCIO,2,2,260.0,390.0,325.0,1.45,2.15,1.8,20252,True
004124,F309,CN,MOMBARCARO,2,2,550.0,820.0,685.0,2.5,3.6,3.05,20252,True
018098,F644,PV,MONTESEGALE,2,1,730.0,870.0,800.0,,,,20252,True
013025,A904,CO,BLESSAGNO,2,1,700.0,975.0,837.5,2.5,3.15,2.83,20252,True
008018,C578,IM,CESIO,2,2,490.0,650.0,570.0,1.9,2.7,2.25,20252,True
006055,C387,AL,CAVATORE,2,2,495.0,670.0,582.5,1.55,2.15,1.85,20252,True
008057,I556,IM,SEBORGA,3,3,1150.0,1700.0,1425.0,5.6,6.9,6.25,20252,True
066037,C811,AQ,COCULLO,2,2,270.0,400.0,335.0,0.75,1.05,0.9,20252,True
068004,B193,PE,BRITTOLI,2,2,362.5,540.0,451.25,1.8,2.65,2.22,20252,True
066018,B624,AQ,CANSANO,2,2,315.0,470.0,392.5,0.9,1.35,1.12,20252,True
004097,E111,CN,GORZEGNO,2,2,600.0,870.0,735.0,2.25,3.3,2.77,20252,True
103058,H106,VB,QUARNA SOPRA,2,2,600.0,875.0,737.5,2.1,3.0,2.55,20252,True
002025,B505,VC,CAMPERTOGNO,2,1,1120.0,1675.0,1397.5,4.85,7.3,6.08,20252,True
001268,I969,TO,STRAMBINELLO,2,1,365.0,550.0,457.5,1.9,2.75,2.33,20252,True
095088,L172,OR,TINNURA,2,1,390.0,560.0,475.0,1.0,1.3,1.15,20252,True
006102,F387,AL,MONTACUTO,2,2,517.5,695.0,606.25,1.65,2.15,1.9,20252,True
010024,D677,GE,FONTANIGORDA,2,2,485.0,710.0,597.5,1.55,2.2,1.88,20252,True
004002,A113,CN,AISONE,2,2,590.0,865.0,727.5,2.25,3.3,2.77,20252,True
001007,A221,TO,ALPETTE,2,1,330.0,495.0,412.5,1.9,2.8,2.35,20252,True
069063,G434,CH,PENNADOMO,2,2,332.5,495.0,413.75,1.35,2.0,1.68,20252,True
103004,A427,VB,AROLA,2,2,500.0,750.0,625.0,2.0,2.8,2.4,20252,True
008012,B734,IM,CARAVONICA,2,2,500.0,700.0,600.0,2.3,3.1,2.7,20252,True
043010,C267,MC,CASTELSANTANGELO SUL NERA,2,2,300.0,525.0,412.5,1.15,2.05,1.6,20252,True
001258,I465,TO,SAUZE DI CESANA,3,2,1375.0,2050.0,1712.5,5.55,8.25,6.9,20252,True
007010,A877,AO,BIONAZ,2,1,1065.0,1425.0,1245.0,,,,20252,True
010019,C995,GE,COREGLIA LIGURE,2,2,640.0,880.0,760.0,2.1,2.9,2.5,20252,True
016090,D233,BG,CUSIO,2,1,695.0,850.0,772.5,3.6,4.45,4.03,20252,True
001100,D433,TO,EXILLES,2,1,370.0,560.0,465.0,2.1,3.1,2.6,20252,True
004123,F279,CN,MOIOLA,2,2,530.0,790.0,660.0,2.7,3.6,3.15,20252,True
066022,B672,AQ,CAPORCIANO,3,3,355.0,530.0,442.5,0.9,1.3,1.1,20252,True
008015,C110,IM,CASTEL VITTORIO,2,2,400.0,600.0,500.0,2.2,3.0,2.6,20252,True
094033,G497,IS,PESCOPENNATARO,2,2,260.0,390.0,325.0,,,,20252,True
060001,A032,FR,ACQUAFONDATA,2,2,327.5,470.0,398.75,,,,20252,True
003090,E880,NO,MANDELLO VITTA,2,1,860.0,1250.0,1055.0,2.7,3.5,3.1,20252,True
005105,I678,AT,SESSAME,2,2,362.5,537.5,450.0,1.7,2.0,1.85,20252,True
076020,B906,PZ,SAN PAOLO ALBANESE,2,2,330.0,377.5,353.75,1.1,1.35,1.23,20252,True
005061,E917,AT,MARANZANA,2,2,372.5,550.0,461.25,1.85,2.2,2.02,20252,True
064071,G519,AV,PETRURO IRPINO,2,2,402.5,492.5,447.5,1.75,2.15,1.95,20252,True
067034,G608,TE,PIETRACAMELA,3,3,465.0,680.0,572.5,1.4,2.05,1.73,20252,True
013184,G665,CO,PIGRA,2,1,650.0,825.0,737.5,2.5,3.15,2.83,20252,True
005085,G676,AT,PINO D'ASTI,2,2,350.0,520.0,435.0,1.7,2.0,1.85,20252,True
001251,I126,TO,SAN PONSO,2,1,400.0,600.0,500.0,2.4,3.5,2.95,20252,True
001296,L830,TO,VIALFRE',2,1,400.0,600.0,500.0,1.8,2.6,2.2,20252,True
005046,D051,AT,CORTANZE,2,2,377.5,560.0,468.75,2.0,2.35,2.17,20252,True
004120,E973,CN,MARSAGLIA,2,2,560.0,815.0,687.5,2.5,3.6,3.05,20252,True
004138,F558,CN,MONTEMALE DI CUNEO,2,2,640.0,930.0,785.0,2.7,3.6,3.15,20252,True
008051,H460,IM,ROCCHETTA NERVINA,2,2,500.0,750.0,625.0,2.3,3.4,2.85,20252,True
008060,L146,IM,TERZORIO,2,2,1150.0,1675.0,1412.5,4.95,7.0,5.97,20252,True
007068,L582,AO,VALGRISENCHE,2,2,1100.0,1400.0,1250.0,,,,20252,True
006084,E188,AL,GROGNARDO,2,2,440.0,660.0,550.0,1.75,2.6,2.17,20252,True
007047,G012,AO,OYACE,2,2,850.0,1150.0,1000.0,,,,20252,True
095003,A126,OR,ALBAGIARA,2,2,265.0,395.0,330.0,1.0,1.4,1.2,20252,True
007001,A205,AO,ALLEIN,2,2,750.0,960.0,855.0,,,,20252,True
002089,G018,VC,OLDENICO,2,1,455.0,680.0,567.5,1.95,2.95,2.45,20252,True
006124,G215,AL,PADERNA,2,2,512.5,645.0,578.75,1.6,2.05,1.82,20252,True
094015,C620,IS,CHIAUCI,2,2,240.0,360.0,300.0,,,,20252,True
007025,D402,AO,EMARESE,2,2,970.0,1250.0,1110.0,2.4,3.0,2.7,20252,True
043040,D566,MC,POGGIO SAN VICINO,2,2,600.0,825.0,712.5,2.0,2.85,2.42,20252,True
013155,F564,CO,MONTEMEZZO,2,2,535.0,775.0,655.0,1.85,2.7,2.27,20252,True
004004,A139,CN,ALBARETTO DELLA TORRE,2,2,670.0,985.0,827.5,2.4,3.5,2.95,20252,True
002043,C757,VC,CIVIASCO,2,1,492.5,730.0,611.25,2.25,3.35,2.8,20252,True
004141,F666,CN,MONTEZEMOLO,2,2,560.0,840.0,700.0,2.7,3.6,3.15,20252,True
103012,A925,VB,BOGNANCO,2,2,600.0,850.0,725.0,2.3,3.1,2.7,20252,True
001087,C793,TO,CLAVIERE,2,1,2400.0,3600.0,3000.0,7.4,11.1,9.25,20252,True
001226,H554,TO,RORA',2,1,340.0,510.0,425.0,2.0,3.0,2.5,20252,True
057072,L525,RI,VACONE,2,1,535.0,765.0,650.0,2.45,3.1,2.77,20252,True
002009,A601,VC,BALOCCO,2,1,565.0,850.0,707.5,2.25,3.45,2.85,20252,True
066011,A884,AQ,BISEGNA,2,2,315.0,445.0,380.0,0.9,1.15,1.03,20252,True
066045,D850,AQ,GAGLIANO ATERNO,2,2,295.0,440.0,367.5,0.9,1.3,1.1,20252,True
058087,H411,RM,ROCCAGIOVINE,2,1,575.0,825.0,700.0,2.15,3.15,2.65,20252,True
090015,B064,SS,BORUTTA,2,1,415.0,610.0,512.5,1.75,2.55,2.15,20252,True
078032,C348,CS,CASTROREGIO,3,3,285.0,380.0,332.5,1.25,1.85,1.55,20252,True
005038,C658,AT,CHIUSANO D'ASTI,2,2,380.0,565.0,472.5,2.0,2.35,2.17,20252,True
013092,D355,CO,DOSSO DEL LIRO,2,1,535.0,775.0,655.0,1.85,2.7,2.27,20252,True
103038,E685,VB,LOREGLIA,2,2,500.0,700.0,600.0,2.0,2.6,2.3,20252,True
001084,C711,TO,CINTANO,2,1,350.0,525.0,437.5,1.45,2.15,1.8,20252,True
012100,F007,VA,MASCIAGO PRIMO,2,1,1050.0,1300.0,1175.0,3.5,5.2,4.35,20252,True
013187,G821,CO,PONNA,2,1,650.0,825.0,737.5,2.5,3.15,2.83,20252,True
016106,D817,BG,FUIPIANO VALLE IMAGNA,2,1,695.0,850.0,772.5,3.6,4.45,4.03,20252,True
006103,F403,AL,MONTALDEO,2,2,610.0,745.0,677.5,2.0,2.7,2.35,20252,True
013207,I051,CO,SAN NAZZARO VAL CAVARGNA,2,1,700.0,900.0,800.0,2.7,3.5,3.1,20252,True
014064,L056,SO,TARTANO,4,4,625.0,875.0,737.5,2.15,3.0,2.55,20252,True
005114,L829,AT,VIALE,2,2,362.5,537.5,450.0,1.7,2.0,1.85,20252,True
002033,B928,VC,CASANOVA ELVO,2,1,447.5,670.0,558.75,1.9,2.85,2.38,20252,True
068016,D078,PE,CORVARA,2,2,360.0,540.0,450.0,1.8,2.6,2.2,20252,True
066083,H429,AQ,ROCCA PIA,2,2,815.0,1200.0,1007.5,2.2,3.2,2.7,20252,True
096072,L586,BI,VALLANZENGO,4,1,260.0,365.0,312.5,1.75,2.45,2.1,20252,True
016230,L707,BG,VEDESETA,2,1,665.0,795.0,730.0,3.45,4.25,3.85,20252,True
002057,D641,VC,FOBELLO,2,1,487.5,725.0,606.25,2.05,3.05,2.55,20252,True
002097,G685,VC,PIODE,2,1,990.0,1475.0,1232.5,4.85,7.3,6.08,20252,True
004172,G837,CN,PONTECHIANALE,4,4,605.0,885.0,745.0,2.6,3.7,3.15,20252,True
006148,H465,AL,ROCCHETTA LIGURE,2,2,410.0,615.0,512.5,1.85,2.75,2.3,20252,True
014076,L799,SO,VERVIO,5,4,700.0,950.0,825.0,2.2,3.0,2.6,20252,True
022216,L886,TN,VIGNOLA FALESINA,2,1,1300.0,1500.0,1400.0,3.5,4.0,3.75,20252,True
016136,F276,BG,MOIO DE' CALVI,2,1,785.0,940.0,862.5,3.1,3.9,3.5,20252,True
006117,F998,AL,ODALENGO PICCOLO,2,2,425.0,630.0,527.5,1.65,2.45,2.05,20252,True
013226,L413,CO,TREZZONE,2,1,570.0,850.0,710.0,2.0,3.0,2.5,20252,True
058108,L611,RM,VALLEPIETRA,2,1,500.0,725.0,612.5,2.15,2.9,2.52,20252,True
009028,D424,SV,ERLI,3,2,670.0,1000.0,835.0,2.5,2.7,2.6,20252,True
001282,L516,TO,USSEGLIO,2,1,420.0,640.0,530.0,2.1,3.1,2.6,20252,True
005064,F308,AT,MOMBALDONE,2,2,362.5,537.5,450.0,1.7,2.0,1.85,20252,True
006098,F320,AL,MOMPERONE,2,2,537.5,695.0,616.25,1.8,2.25,2.02,20252,True
010038,F445,GE,MONTEBRUNO,2,2,475.0,680.0,577.5,1.7,2.5,2.1,20252,True
001204,G982,TO,PRAMOLLO,2,1,350.0,530.0,440.0,2.0,3.0,2.5,20252,True
095061,I757,OR,SIRIS,2,2,265.0,395.0,330.0,1.0,1.4,1.2,20252,True
057004,A464,RI,ASCREA,2,1,625.0,850.0,737.5,2.5,3.25,2.88,20252,True
022164,H666,TN,SAGRON MIS,3,2,1050.0,1150.0,1100.0,3.5,4.0,3.75,20252,True
006164,I808,AL,SOLONGHELLO,2,1,475.0,670.0,572.5,1.3,1.9,1.6,20252,True
016227,L642,BG,VALNEGRA,2,1,690.0,800.0,745.0,3.6,4.25,3.93,20252,True
013085,D232,CO,CUSINO,2,1,700.0,900.0,800.0,2.7,3.5,3.1,20252,True
001079,C629,TO,CHIESANUOVA,2,1,300.0,450.0,375.0,1.8,2.6,2.2,20252,True
096069,L239,BI,TORRAZZO,2,1,255.0,360.0,307.5,1.7,2.45,2.08,20252,True
024050,E465,VI,LASTEBASSE,2,2,605.0,785.0,695.0,,,,20252,True
078027,B813,CS,CARPANZANO,2,2,325.0,465.0,395.0,1.4,2.05,1.73,20252,True
057071,G507,RI,TURANIA,2,1,500.0,675.0,587.5,2.7,3.2,2.95,20252,True
013236,L715,CO,VELESO,2,1,710.0,1050.0,880.0,1.7,2.5,2.1,20252,True
096013,B708,BI,CAPRILE,3,2,200.0,280.0,240.0,1.3,1.9,1.6,20252,True
005035,C528,AT,CERRETO D'ASTI,2,2,352.5,520.0,436.25,1.9,2.15,2.02,20252,True
103032,D984,VB,GERMAGNO,2,2,550.0,800.0,675.0,2.0,2.8,2.4,20252,True
004109,E564,CN,LEVICE,2,2,550.0,820.0,685.0,2.25,3.3,2.77,20252,True
004160,G339,CN,PAROLDO,2,2,525.0,780.0,652.5,2.5,3.6,3.05,20252,True
095042,G817,OR,POMPU,2,2,255.0,380.0,317.5,1.0,1.4,1.2,20252,True
013246,M156,CO,ZELBIO,2,1,710.0,1050.0,880.0,1.7,2.5,2.1,20252,True
098023,D029,LO,CORNOVECCHIO,2,2,650.0,950.0,800.0,3.9,5.4,4.65,20252,True
022133,G296,TN,PALU' DEL FERSINA,2,2,1150.0,1300.0,1225.0,2.8,3.2,3.0,20252,True
070054,G610,CB,PIETRACUPA,2,2,260.0,390.0,325.0,1.45,2.15,1.8,20252,True
055027,G790,TR,POLINO,2,2,500.0,800.0,650.0,2.75,4.1,3.42,20252,True
004174,H011,CN,PRAZZO,2,2,512.5,750.0,631.25,2.4,3.4,2.9,20252,True
002126,H690,VC,SALASCO,2,1,547.5,815.0,681.25,2.15,3.2,2.67,20252,True
006066,D277,AL,DERNICE,2,2,492.5,650.0,571.25,1.55,2.0,1.77,20252,True
001118,E199,TO,GROSCAVALLO,2,1,380.0,570.0,475.0,1.65,2.45,2.05,20252,True
018148,I599,PV,SEMIANA,2,1,780.0,880.0,830.0,,,,20252,True
006099,F337,AL,MONCESTINO,2,1,475.0,670.0,572.5,1.7,2.3,2.0,20252,True
009043,G076,SV,ONZO,3,2,740.0,1100.0,920.0,2.5,2.7,2.6,20252,True
007056,H263,AO,RHEMES-SAINT-GEORGES,2,2,950.0,1250.0,1100.0,2.6,3.5,3.05,20252,True
025069,M189,BL,ZOPPE' DI CADORE,2,2,660.0,860.0,760.0,2.4,3.1,2.75,20252,True
004026,B079,CN,BOSIA,2,2,670.0,975.0,822.5,2.5,3.6,3.05,20252,True
005044,D046,AT,CORSIONE,2,2,362.5,537.5,450.0,1.9,2.15,2.02,20252,True
004111,E615,CN,LISIO,2,2,485.0,720.0,602.5,2.1,3.05,2.57,20252,True
007050,G545,AO,PONTBOSET,2,2,780.0,960.0,870.0,2.1,2.7,2.4,20252,True
004069,C681,CN,CIGLIE',2,2,562.5,820.0,691.25,2.5,3.6,3.05,20252,True
004007,A396,CN,ARGUELLO,2,2,645.0,960.0,802.5,2.4,3.5,2.95,20252,True
016014,A511,BG,AVERARA,2,1,695.0,850.0,772.5,3.6,4.45,4.03,20252,True
002014,A914,VC,BOCCIOLETO,2,1,482.5,720.0,601.25,2.05,3.05,2.55,20252,True
016121,E353,BG,ISOLA DI FONDRA,2,1,655.0,745.0,700.0,3.4,3.9,3.65,20252,True
111037,E464,SU,LAS PLASSAS,2,1,300.0,400.0,350.0,1.35,1.75,1.55,20252,True
057046,F876,RI,NESPOLO,2,1,450.0,625.0,537.5,2.35,2.9,2.62,20252,True
004226,L252,CN,TORRE BORMIDA,2,2,550.0,820.0,685.0,2.5,3.6,3.05,20252,True
018167,L568,PV,VALEGGIO,2,1,730.0,780.0,755.0,,,,20252,True
018066,D873,PV,GALLIAVOLA,2,1,730.0,780.0,755.0,,,,20252,True
016134,F186,BG,MEZZOLDO,2,1,785.0,990.0,887.5,2.85,3.9,3.38,20252,True
091068,G154,NU,OSIDDA,2,1,390.0,560.0,475.0,1.2,1.6,1.4,20252,True
096044,G594,BI,PIEDICAVALLO,2,1,265.0,360.0,312.5,1.7,2.35,2.02,20252,True
066040,C866,AQ,COLLEPIETRO,2,2,270.0,400.0,335.0,0.9,1.2,1.05,20252,True
058076,G444,RM,PERCILE,2,1,525.0,750.0,637.5,2.15,3.15,2.65,20252,True
002121,H577,VC,ROSSA,2,1,457.5,685.0,571.25,2.05,3.05,2.55,20252,True
103018,B694,VB,CAPREZZO,2,2,600.0,800.0,700.0,2.4,3.2,2.8,20252,True
103036,E269,VB,GURRO,2,2,500.0,700.0,600.0,2.0,2.4,2.2,20252,True
008023,D087,IM,COSIO D'ARROSCIA,2,2,570.0,750.0,662.5,2.45,3.2,2.8,20252,True
030033,D316,UD,DOGNA,2,2,450.0,650.0,550.0,1.7,2.5,2.1,20252,True
069078,H566,CH,ROSELLO,2,2,332.5,495.0,413.75,1.35,2.0,1.68,20252,True
103067,L336,VB,TRASQUERA,3,3,500.0,750.0,625.0,2.2,2.8,2.5,20252,True
004001,A016,CN,ACCEGLIO,2,2,640.0,915.0,777.5,2.25,3.2,2.72,20252,True
016103,D688,BG,FOPPOLO,2,1,795.0,1085.0,940.0,4.15,5.6,4.88,20252,True
001131,E520,TO,LEMIE,2,1,350.0,520.0,435.0,1.4,2.1,1.75,20252,True
096079,L978,BI,VILLANOVA BIELLESE,2,1,250.0,350.0,300.0,1.7,2.45,2.08,20252,True
018044,C508,PV,CERETTO LOMELLINA,2,1,730.0,780.0,755.0,,,,20252,True
008034,F123,IM,MENDATICA,4,3,600.0,770.0,685.0,2.8,3.5,3.15,20252,True
069025,C855,CH,COLLEDIMACINE,2,2,332.5,495.0,413.75,1.35,2.0,1.68,20252,True
014031,D990,SO,GEROLA ALTA,4,4,650.0,925.0,787.5,2.3,3.35,2.8,20252,True
004193,H462,CN,ROCCHETTA BELBO,2,2,580.0,860.0,720.0,2.5,3.6,3.05,20252,True
069080,H923,CH,SAN GIOVANNI LIPIONI,2,2,332.5,495.0,413.75,1.35,2.0,1.68,20252,True
004216,I484,CN,SCAGNELLO,2,2,532.5,775.0,653.75,2.4,3.4,2.9,20252,True
007070,L647,AO,VALSAVARENCHE,2,2,1000.0,1400.0,1200.0,,,,20252,True
013178,G415,CO,PEGLIO,2,1,535.0,775.0,655.0,1.85,2.7,2.27,20252,True
007062,H673,AO,SAINT-OYEN,2,2,1150.0,1500.0,1325.0,,,,20252,True
001073,C505,TO,CERESOLE REALE,2,1,835.0,1250.0,1042.5,2.85,4.25,3.55,20252,True
001281,L515,TO,USSEAUX,2,1,595.0,880.0,737.5,2.7,4.05,3.38,20252,True
004047,C081,CN,CASTELDELFINO,5,5,520.0,780.0,650.0,2.6,3.7,3.15,20252,True
013130,E623,CO,LIVO,2,1,535.0,775.0,655.0,1.85,2.7,2.27,20252,True
058084,H387,RM,ROCCA CANTERANO,2,1,500.0,725.0,612.5,2.15,3.05,2.6,20252,True
006065,D272,AL,DENICE,2,2,575.0,740.0,657.5,1.9,2.5,2.2,20252,True
018067,D892,PV,GAMBARANA,2,1,730.0,780.0,755.0,,,,20252,True
057048,G232,RI,PAGANICO SABINO,2,1,425.0,625.0,525.0,2.75,3.25,3.0,20252,True
017131,G247,BS,PAISCO LOVENO,2,1,730.0,940.0,835.0,2.2,3.2,2.7,20252,True
080090,I936,RC,STAITI,2,2,365.0,530.0,447.5,1.2,1.7,1.45,20252,True
006100,F365,AL,MONGIARDINO LIGURE,2,2,425.0,630.0,527.5,1.5,2.25,1.88,20252,True
007046,G045,AO,OLLOMONT,2,2,1000.0,1350.0,1175.0,,,,20252,True
012129,A705,VA,TRONZANO LAGO MAGGIORE,4,3,975.0,1325.0,1150.0,3.4,4.9,4.15,20252,True
005088,H102,AT,QUARANTI,2,2,372.5,550.0,461.25,1.7,2.3,2.0,20252,True
018183,M119,PV,VOLPARA,2,1,750.0,820.0,785.0,,,,20252,True
004044,B845,CN,CARTIGNANO,2,2,500.0,750.0,625.0,2.6,3.4,3.0,20252,True
006093,F131,AL,MERANA,2,2,465.0,620.0,542.5,1.5,2.0,1.75,20252,True
009060,L152,SV,TESTICO,2,2,675.0,1000.0,837.5,2.4,3.0,2.7,20252,True
008003,A344,IM,AQUILA D'ARROSCIA,2,2,520.0,650.0,585.0,2.1,2.7,2.4,20252,True
094018,C941,IS,CONCA CASALE,2,2,260.0,390.0,325.0,,,,20252,True
018105,G032,PV,OLIVA GESSI,2,1,770.0,870.0,820.0,,,,20252,True
002113,H293,VC,RIMELLA,2,1,457.5,685.0,571.25,2.05,3.05,2.55,20252,True
002170,M389,VC,ALTO SERMENZA,2,1,765.0,1145.0,955.0,2.95,4.3,3.62,20252,True
022112,F045,TN,MASSIMENO,3,1,1800.0,2200.0,2000.0,4.0,4.5,4.25,20252,True
006016,A813,AL,BERZANO DI TORTONA,2,1,520.0,670.0,595.0,1.7,2.3,2.0,20252,True
008038,G041,IM,OLIVETTA SAN MICHELE,3,3,850.0,1250.0,1050.0,3.5,5.0,4.25,20252,True
002096,G666,VC,PILA,2,1,1120.0,1675.0,1397.5,4.85,7.3,6.08,20252,True
044056,G289,AP,PALMIANO,2,2,475.0,690.0,582.5,1.9,2.7,2.3,20252,True
004200,H704,CN,SALE SAN GIOVANNI,2,2,550.0,820.0,685.0,2.5,3.6,3.05,20252,True
097064,G336,LC,PARLASCO,2,2,700.0,990.0,845.0,2.55,3.6,3.08,20252,True
004206,H770,CN,SAN BENEDETTO BELBO,2,2,615.0,880.0,747.5,2.5,3.5,3.0,20252,True
057073,L676,RI,VARCO SABINO,2,1,490.0,690.0,590.0,2.45,3.0,2.73,20252,True
070063,H782,CB,SAN BIASE,2,2,260.0,390.0,325.0,1.45,2.15,1.8,20252,True
097077,I994,LC,SUEGLIO,2,2,750.0,975.0,862.5,2.8,3.75,3.28,20252,True
066014,B382,AQ,CALASCIO,2,2,470.0,700.0,585.0,1.3,1.7,1.5,20252,True
071019,C442,FG,CELLE DI SAN VITO,2,1,300.0,450.0,375.0,1.2,1.8,1.5,20252,True
004077,D172,CN,CRISSOLO,2,2,740.0,1100.0,920.0,2.8,3.85,3.32,20252,True
095086,H661,OR,SAGAMA,2,1,410.0,560.0,485.0,1.0,1.2,1.1,20252,True
004005,A238,CN,ALTO,2,2,630.0,935.0,782.5,2.4,3.35,2.88,20252,True
096008,B417,BI,CALLABIANA,3,2,210.0,280.0,245.0,1.5,2.1,1.8,20252,True
083071,H405,ME,ROCCAFIORITA,2,1,410.0,600.0,505.0,1.1,1.6,1.35,20252,True
058101,I424,RM,SARACINESCO,2,1,625.0,900.0,762.5,2.5,3.55,3.02,20252,True
095055,I613,OR,SENNARIOLO,2,2,320.0,470.0,395.0,1.15,1.65,1.4,20252,True
058113,M095,RM,VIVARO ROMANO,2,1,575.0,800.0,687.5,2.4,3.4,2.9,20252,True
002166,M106,VC,VOCCA,2,1,490.0,725.0,607.5,2.25,3.35,2.8,20252,True
043005,A947,MC,BOLOGNOLA,3,3,500.0,800.0,650.0,1.7,3.0,2.35,20252,True
005027,C161,AT,CASTELLETTO MOLINA,2,2,342.5,500.0,421.25,1.7,2.0,1.85,20252,True
009021,C276,SV,CASTELVECCHIO DI ROCCA BARBENA,2,2,600.0,900.0,750.0,1.6,2.4,2.0,20252,True
017084,E325,BS,IRMA,2,1,710.0,930.0,820.0,2.2,3.5,2.85,20252,True
070039,F294,CB,MOLISE,2,2,260.0,390.0,325.0,1.45,2.15,1.8,20252,True
016147,G054,BG,OLTRESSENDA ALTA,2,1,700.0,850.0,775.0,3.25,4.55,3.9,20252,True
016151,G118,BG,ORNICA,2,1,785.0,940.0,862.5,3.1,3.9,3.5,20252,True
094011,C247,IS,CASTELPIZZUTO,2,2,230.0,345.0,287.5,,,,20252,True
004098,E115,CN,GOTTASECCA,2,2,550.0,820.0,685.0,2.25,3.3,2.77,20252,True
009041,F847,SV,NASINO,2,1,770.0,1150.0,960.0,3.0,3.5,3.25,20252,True
005107,I781,AT,SOGLIO,2,2,362.5,537.5,450.0,1.7,2.0,1.85,20252,True
006041,B941,AL,CASASCO,2,2,615.0,695.0,655.0,1.75,2.3,2.03,20252,True
024049,E403,VI,LAGHI,2,2,630.0,755.0,692.5,,,,20252,True
018082,E608,PV,LIRIO,2,1,750.0,820.0,785.0,,,,20252,True
033015,C513,PC,CERIGNALE,2,2,395.0,585.0,490.0,1.3,1.95,1.62,20252,True
057020,C859,RI,COLLEGIOVE,2,1,475.0,650.0,562.5,2.3,2.8,2.55,20252,True
012066,D385,VA,DUNO,2,1,975.0,1275.0,1125.0,3.5,5.2,4.35,20252,True
016226,L623,BG,VALLEVE,2,1,725.0,875.0,800.0,3.8,4.65,4.22,20252,True
006189,M121,AL,VOLPEGLINO,2,2,517.5,645.0,581.25,1.65,2.0,1.83,20252,True
066030,C278,AQ,CASTELVECCHIO CALVISIO,2,2,295.0,425.0,360.0,0.8,1.0,0.9,20252,True
069077,H495,CH,ROIO DEL SANGRO,2,2,332.5,495.0,413.75,1.35,2.0,1.68,20252,True
090066,I598,SS,SEMESTENE,2,1,450.0,650.0,550.0,1.9,2.7,2.3,20252,True
095016,B055,OR,BORONEDDU,2,2,255.0,380.0,317.5,1.0,1.4,1.2,20252,True
069104,D480,CH,FALLO,2,2,332.5,495.0,413.75,1.35,2.0,1.68,20252,True
004188,H391,CN,ROCCA CIGLIE',2,2,497.5,730.0,613.75,2.5,3.6,3.05,20252,True
014006,A777,SO,BEMA,2,2,750.0,950.0,850.0,2.5,3.2,2.85,20252,True
006146,H406,AL,ROCCAFORTE LIGURE,2,2,410.0,615.0,512.5,1.75,2.6,2.17,20252,True
007016,B491,AO,CHAMOIS,2,2,1300.0,1600.0,1450.0,4.35,5.75,5.05,20252,True
111080,I705,SU,SETZU,2,1,300.0,400.0,350.0,1.35,1.75,1.55,20252,True
010045,H073,GE,PROPATA,4,4,390.0,520.0,450.0,1.5,1.8,1.65,20252,True
095064,L023,OR,TADASUNI,2,2,255.0,380.0,317.5,1.0,1.4,1.2,20252,True
016041,B217,BG,BRUMANO,2,1,695.0,805.0,750.0,3.6,4.25,3.93,20252,True
018025,B447,PV,CALVIGNANO,2,1,750.0,820.0,785.0,,,,20252,True
006048,C156,AL,CASTELLETTO D'ERRO,2,2,595.0,715.0,655.0,2.0,2.6,2.3,20252,True
057037,F193,RI,MICIGLIANO,3,2,650.0,800.0,725.0,2.5,3.0,2.75,20252,True
012061,D217,VA,CURIGLIA CON MONTEVIASCO,3,2,785.0,975.0,880.0,2.9,4.2,3.55,20252,True
008037,F528,IM,MONTEGROSSO PIAN LATTE,2,2,500.0,750.0,625.0,2.1,3.1,2.6,20252,True
069103,G613,CH,PIETRAFERRAZZANA,2,2,332.5,495.0,413.75,1.35,2.0,1.68,20252,True
004235,L631,CN,VALLORIATE,2,2,530.0,790.0,660.0,2.4,3.35,2.88,20252,True
007039,A308,AO,LA MAGDELEINE,2,2,1300.0,1700.0,1500.0,3.45,4.55,4.0,20252,True
001165,F906,TO,NOASCA,2,1,370.0,550.0,460.0,1.7,2.6,2.15,20252,True
002008,A600,VC,BALMUCCIA,2,1,522.5,775.0,648.75,2.15,3.2,2.67,20252,True
095014,A856,OR,BIDONI',2,2,265.0,395.0,330.0,1.0,1.4,1.2,20252,True
004017,A750,CN,BELLINO,2,2,560.0,815.0,687.5,2.35,3.4,2.88,20252,True
013062,C381,CO,CAVARGNA,2,1,625.0,825.0,725.0,2.35,3.1,2.73,20252,True
001288,B510,TO,VALPRATO SOANA,2,1,360.0,540.0,450.0,2.3,3.4,2.85,20252,True
066091,I360,AQ,SANTO STEFANO DI SESSANIO,2,2,720.0,1050.0,885.0,1.85,2.7,2.27,20252,True
004224,I985,CN,STROPPO,2,2,500.0,750.0,625.0,2.3,3.15,2.73,20252,True
069052,F498,CH,MONTEFERRANTE,2,2,332.5,495.0,413.75,1.35,2.0,1.68,20252,True
090040,F542,SS,MONTELEONE ROCCA DORIA,2,1,415.0,600.0,507.5,1.75,2.5,2.12,20252,True
006118,G042,AL,OLIVOLA,2,2,512.5,645.0,578.75,1.5,1.95,1.73,20252,True
016061,C007,BG,CASSIGLIO,2,1,655.0,765.0,710.0,3.4,3.9,3.65,20252,True
094013,C200,IS,CASTELVERRINO,2,2,260.0,390.0,325.0,,,,20252,True
030034,D366,UD,DRENCHIA,2,2,410.0,590.0,500.0,1.4,2.0,1.7,20252,True
002078,F297,VC,MOLLIA,2,1,1120.0,1625.0,1372.5,4.85,7.25,6.05,20252,True
070056,H083,CB,PROVVIDENTI,2,2,260.0,390.0,325.0,1.45,2.15,1.8,20252,True
103005,A497,VB,AURANO,2,2,500.0,700.0,600.0,2.0,2.8,2.4,20252,True
004182,H326,CN,RITTANA,2,2,520.0,780.0,650.0,2.5,3.6,3.05,20252,True
095078,I778,OR,SODDI',2,2,255.0,380.0,317.5,1.0,1.4,1.2,20252,True
103043,F048,VB,MASSIOLA,2,2,500.0,700.0,600.0,2.0,2.6,2.3,20252,True
004183,H362,CN,ROASCHIA,2,2,590.0,880.0,735.0,2.7,3.6,3.15,20252,True
004162,G458,CN,PERLO,2,2,497.5,730.0,613.75,2.7,3.6,3.15,20252,True
096055,H561,BI,ROSAZZA,2,1,332.5,497.5,415.0,2.3,3.15,2.72,20252,True
066086,H773,AQ,SAN BENEDETTO IN PERILLIS,2,2,255.0,380.0,317.5,0.9,1.1,1.0,20252,True
008004,A418,IM,ARMO,2,2,520.0,650.0,585.0,2.2,2.6,2.4,20252,True
009037,F046,SV,MASSIMINO,3,2,495.0,730.0,612.5,1.8,2.0,1.9,20252,True
007009,A643,AO,BARD,2,2,820.0,1050.0,935.0,,,,20252,True
004054,C214,CN,CASTELNUOVO DI CEVA,2,2,570.0,820.0,695.0,2.5,3.6,3.05,20252,True
043027,F460,MC,MONTE CAVALLO,2,2,325.0,525.0,425.0,1.3,2.1,1.7,20252,True
096027,E024,BI,GIFFLENGA,2,1,297.5,402.5,350.0,2.0,2.75,2.38,20252,True
010026,E109,GE,GORRETO,2,2,385.0,570.0,477.5,1.5,2.2,1.85,20252,True
098033,E777,LO,MACCASTORNA,2,2,720.0,1050.0,885.0,3.9,5.2,4.55,20252,True
013233,H259,CO,VAL REZZO,2,1,625.0,825.0,725.0,2.35,3.1,2.73,20252,True
002127,H707,VC,SALI VERCELLESE,2,1,457.5,685.0,571.25,2.05,3.05,2.55,20252,True
066104,M021,AQ,VILLA SANTA LUCIA DEGLI ABRUZZI,2,2,262.5,390.0,326.25,0.8,1.2,1.0,20252,True
005104,I637,AT,SEROLE,2,2,362.5,537.5,450.0,1.7,2.0,1.85,20252,True
004023,A979,CN,BONVICINO,2,2,595.0,860.0,727.5,2.3,3.3,2.8,20252,True
005098,H899,AT,SAN GIORGIO SCARAMPI,2,2,362.5,537.5,450.0,1.7,2.0,1.85,20252,True
004154,G066,CN,ONCINO,2,2,497.5,740.0,618.75,2.5,3.6,3.05,20252,True
004204,H746,CN,SAMBUCO,2,2,520.0,780.0,650.0,2.5,3.6,3.05,20252,True
004127,F329,CN,MONASTEROLO CASOTTO,2,2,485.0,720.0,602.5,2.3,3.3,2.8,20252,True
016166,G588,BG,PIAZZOLO,2,1,785.0,940.0,862.5,3.1,3.9,3.5,20252,True
001019,A599,TO,BALME,2,1,445.0,665.0,555.0,1.85,2.75,2.3,20252,True
095010,A614,OR,BARADILI,2,2,265.0,395.0,330.0,1.05,1.5,1.27,20252,True
006090,E870,AL,MALVICINO,2,2,425.0,590.0,507.5,1.4,1.95,1.68,20252,True
002029,B752,VC,CARCOFORO,2,1,765.0,1145.0,955.0,2.4,3.55,2.98,20252,True
007055,H262,AO,RHEMES-NOTRE-DAME,2,2,1275.0,1625.0,1450.0,3.3,3.9,3.6,20252,True
004060,C441,CN,CELLE DI MACRA,2,2,510.0,735.0,622.5,2.2,3.15,2.67,20252,True
002045,C884,VC,COLLOBIANO,2,1,455.0,680.0,567.5,1.95,2.95,2.45,20252,True
014062,I928,SO,SPRIANA,3,3,700.0,925.0,812.5,2.35,3.1,2.73,20252,True
004038,B621,CN,CANOSIO,2,2,455.0,670.0,562.5,2.1,3.05,2.57,20252,True
004156,G183,CN,OSTANA,2,2,497.5,740.0,618.75,2.5,3.6,3.05,20252,True
004006,A394,CN,ARGENTERA,3,3,565.0,825.0,695.0,2.25,3.3,2.77,20252,True
006034,B836,AL,CARREGA LIGURE,2,2,370.0,555.0,462.5,1.5,2.25,1.88,20252,True
004083,D401,CN,ELVA,2,2,447.5,655.0,551.25,2.35,3.25,2.8,20252,True
010022,D509,GE,FASCIA,4,4,350.0,510.0,430.0,1.2,1.6,1.4,20252,True
004167,G625,CN,PIETRAPORZIO,2,2,520.0,780.0,650.0,2.5,3.6,3.05,20252,True
004184,H363,CN,ROASCIO,2,2,497.5,730.0,613.75,2.5,3.6,3.05,20252,True
016027,A903,BG,BLELLO,2,1,655.0,765.0,710.0,3.4,3.9,3.65,20252,True
069053,F535,CH,MONTELAPIANO,2,2,332.5,495.0,413.75,1.35,2.0,1.68,20252,True
018172,L716,PV,VELEZZO LOMELLINA,2,1,780.0,880.0,830.0,,,,20252,True
006045,C137,AL,CASTELLANIA COPPI,2,2,317.5,432.5,375.0,1.15,1.55,1.35,20252,True
004070,C738,CN,CISSONE,2,2,620.0,910.0,765.0,2.6,3.8,3.2,20252,True
002110,H188,VC,RASSA,2,1,965.0,1425.0,1195.0,3.95,5.95,4.95,20252,True
033047,M165,PC,ZERBA,2,2,380.0,565.0,472.5,1.25,1.85,1.55,20252,True
004039,B692,CN,CAPRAUNA,2,2,615.0,905.0,760.0,2.45,3.45,2.95,20252,True
103037,E304,VB,INTRAGNA,2,2,500.0,700.0,600.0,2.0,2.8,2.4,20252,True
004119,E963,CN,MARMORA,2,2,450.0,650.0,550.0,2.4,3.4,2.9,20252,True
069009,B268,CH,MONTEBELLO SUL SANGRO,2,2,332.5,495.0,413.75,1.35,2.0,1.68,20252,True
066024,B725,AQ,CARAPELLE CALVISIO,2,2,285.0,405.0,345.0,0.9,1.05,0.98,20252,True
001234,H734,TO,SALZA DI PINEROLO,2,1,350.0,520.0,435.0,1.6,2.3,1.95,20252,True
018178,L917,PV,VILLA BISCOSSI,2,1,780.0,880.0,830.0,,,,20252,True
004102,E282,CN,IGLIANO,2,2,600.0,870.0,735.0,2.3,3.35,2.83,20252,True
005081,G048,AT,OLMO GENTILE,2,2,362.5,537.5,450.0,1.7,2.0,1.85,20252,True
004021,A798,CN,BERGOLO,2,2,600.0,895.0,747.5,2.25,3.25,2.75,20252,True
057036,E927,RI,MARCETELLI,2,1,450.0,675.0,562.5,2.2,2.9,2.55,20252,True
004103,E327,CN,ISASCA,2,2,560.0,815.0,687.5,2.35,3.4,2.88,20252,True
010050,H546,GE,RONDANINA,2,2,380.0,540.0,460.0,1.4,1.7,1.55,20252,True
004053,C205,CN,CASTELMAGNO,2,2,665.0,955.0,810.0,2.4,3.35,2.88,20252,True
001212,H270,TO,RIBORDONE,2,1,340.0,500.0,420.0,1.7,2.5,2.1,20252,True
001145,F041,TO,MASSELLO,2,1,360.0,530.0,445.0,1.4,2.1,1.75,20252,True
004031,B175,CN,BRIGA ALTA,4,4,575.0,835.0,705.0,2.7,3.7,3.2,20252,True
002041,C548,VC,CERVATTO,2,1,457.5,685.0,571.25,1.95,2.95,2.45,20252,True
004112,E789,CN,MACRA,2,2,500.0,750.0,625.0,2.3,3.15,2.73,20252,True
018125,H396,PV,ROCCA DE' GIORGI,2,1,750.0,820.0,785.0,,,,20252,True
001157,D553,TO,MONCENISIO,2,1,410.0,610.0,510.0,1.4,2.0,1.7,20252,True
004229,L281,CN,TORRESINA,2,2,570.0,850.0,710.0,2.7,3.7,3.2,20252,True
014047,G410,SO,PEDESINA,2,2,600.0,800.0,700.0,2.2,2.9,2.55,20252,True
001121,E301,TO,INGRIA,2,1,330.0,490.0,410.0,1.4,2.1,1.75,20252,True
097055,F758,LC,MORTERONE,2,2,750.0,1075.0,912.5,,,,20252,True
